txn_id,is_fraud,scenario,case_id,fraud_role,split
T00629278,0,NONE,,,test
T00629279,0,NONE,,,test
T00629280,0,NONE,,,test
T00629281,1,S1,S1-0173,mule_cashout,test
T00629282,0,NONE,,,test
T00629283,0,NONE,,,test
T00629284,0,NONE,,,test
T00629285,0,NONE,,,test
T00629286,0,NONE,,,test
T00629287,0,NONE,,,test
T00629288,0,NONE,,,test
T00629289,0,NONE,,,test
T00629290,0,NONE,,,test
T00629291,0,NONE,,,test
T00629292,0,NONE,,,test
T00629293,0,NONE,,,test
T00629294,0,NONE,,,test
T00629295,0,NONE,,,test
T00629296,0,NONE,,,test
T00629297,0,NONE,,,test
T00629298,0,NONE,,,test
T00629299,0,NONE,,,test
T00629300,0,NONE,,,test
T00629301,0,NONE,,,test
T00629302,0,NONE,,,test
T00629303,0,NONE,,,test
T00629304,0,NONE,,,test
T00629305,0,NONE,,,test
T00629306,0,NONE,,,test
T00629307,0,NONE,,,test
T00629308,0,NONE,,,test
T00629309,0,NONE,,,test
T00629310,0,NONE,,,test
T00629311,0,NONE,,,test
T00629312,0,NONE,,,test
T00629313,0,NONE,,,test
T00629314,0,NONE,,,test
T00629315,0,NONE,,,test
T00629316,0,NONE,,,test
T00629317,0,NONE,,,test
T00629318,0,NONE,,,test
T00629319,0,NONE,,,test
T00629320,0,NONE,,,test
T00629321,0,NONE,,,test
T00629322,0,NONE,,,test
T00629323,0,NONE,,,test
T00629324,0,NONE,,,test
T00629325,0,NONE,,,test
T00629326,0,NONE,,,test
T00629327,0,NONE,,,test
T00629328,0,NONE,,,test
T00629329,0,NONE,,,test
T00629330,0,NONE,,,test
T00629331,0,NONE,,,test
T00629332,0,NONE,,,test
T00629333,0,NONE,,,test
T00629334,0,NONE,,,test
T00629335,0,NONE,,,test
T00629336,0,NONE,,,test
T00629337,0,NONE,,,test
T00629338,0,NONE,,,test
T00629339,0,NONE,,,test
T00629340,0,NONE,,,test
T00629341,0,NONE,,,test
T00629342,0,NONE,,,test
T00629343,0,NONE,,,test
T00629344,0,NONE,,,test
T00629345,0,NONE,,,test
T00629346,0,NONE,,,test
T00629347,0,NONE,,,test
T00629348,0,NONE,,,test
T00629349,0,NONE,,,test
T00629350,0,NONE,,,test
T00629351,0,NONE,,,test
T00629352,0,NONE,,,test
T00629353,0,NONE,,,test
T00629354,0,NONE,,,test
T00629355,0,NONE,,,test
T00629356,0,NONE,,,test
T00629357,0,NONE,,,test
T00629358,0,NONE,,,test
T00629359,0,NONE,,,test
T00629360,0,NONE,,,test
T00629361,0,NONE,,,test
T00629362,0,NONE,,,test
T00629363,0,NONE,,,test
T00629364,0,NONE,,,test
T00629365,0,NONE,,,test
T00629366,0,NONE,,,test
T00629367,0,NONE,,,test
T00629368,0,NONE,,,test
T00629369,0,NONE,,,test
T00629370,0,NONE,,,test
T00629371,0,NONE,,,test
T00629372,0,NONE,,,test
T00629373,0,NONE,,,test
T00629374,0,NONE,,,test
T00629375,0,NONE,,,test
T00629376,0,NONE,,,test
T00629377,0,NONE,,,test
T00629378,0,NONE,,,test
T00629379,0,NONE,,,test
T00629380,0,NONE,,,test
T00629381,0,NONE,,,test
T00629382,0,NONE,,,test
T00629383,0,NONE,,,test
T00629384,0,NONE,,,test
T00629385,0,NONE,,,test
T00629386,0,NONE,,,test
T00629387,0,NONE,,,test
T00629388,0,NONE,,,test
T00629389,0,NONE,,,test
T00629390,0,NONE,,,test
T00629391,0,NONE,,,test
T00629392,0,NONE,,,test
T00629393,0,NONE,,,test
T00629394,0,NONE,,,test
T00629395,0,NONE,,,test
T00629396,0,NONE,,,test
T00629397,0,NONE,,,test
T00629398,0,NONE,,,test
T00629399,0,NONE,,,test
T00629400,0,NONE,,,test
T00629401,0,NONE,,,test
T00629402,0,NONE,,,test
T00629403,0,NONE,,,test
T00629404,0,NONE,,,test
T00629405,0,NONE,,,test
T00629406,0,NONE,,,test
T00629407,0,NONE,,,test
T00629408,0,NONE,,,test
T00629409,0,NONE,,,test
T00629410,0,NONE,,,test
T00629411,0,NONE,,,test
T00629412,0,NONE,,,test
T00629413,0,NONE,,,test
T00629414,0,NONE,,,test
T00629415,0,NONE,,,test
T00629416,0,NONE,,,test
T00629417,0,NONE,,,test
T00629418,0,NONE,,,test
T00629419,0,NONE,,,test
T00629420,0,NONE,,,test
T00629421,0,NONE,,,test
T00629422,0,NONE,,,test
T00629423,0,NONE,,,test
T00629424,0,NONE,,,test
T00629425,0,NONE,,,test
T00629426,0,NONE,,,test
T00629427,0,NONE,,,test
T00629428,0,NONE,,,test
T00629429,0,NONE,,,test
T00629430,0,NONE,,,test
T00629431,0,NONE,,,test
T00629432,0,NONE,,,test
T00629433,0,NONE,,,test
T00629434,0,NONE,,,test
T00629435,0,NONE,,,test
T00629436,0,NONE,,,test
T00629437,0,NONE,,,test
T00629438,0,NONE,,,test
T00629439,0,NONE,,,test
T00629440,0,NONE,,,test
T00629441,0,NONE,,,test
T00629442,0,NONE,,,test
T00629443,0,NONE,,,test
T00629444,0,NONE,,,test
T00629445,0,NONE,,,test
T00629446,0,NONE,,,test
T00629447,0,NONE,,,test
T00629448,0,NONE,,,test
T00629449,0,NONE,,,test
T00629450,0,NONE,,,test
T00629451,0,NONE,,,test
T00629452,0,NONE,,,test
T00629453,0,NONE,,,test
T00629454,0,NONE,,,test
T00629455,0,NONE,,,test
T00629456,0,NONE,,,test
T00629457,0,NONE,,,test
T00629458,0,NONE,,,test
T00629459,0,NONE,,,test
T00629460,0,NONE,,,test
T00629461,0,NONE,,,test
T00629462,0,NONE,,,test
T00629463,0,NONE,,,test
T00629464,0,NONE,,,test
T00629465,0,NONE,,,test
T00629466,0,NONE,,,test
T00629467,0,NONE,,,test
T00629468,0,NONE,,,test
T00629469,0,NONE,,,test
T00629470,0,NONE,,,test
T00629471,0,NONE,,,test
T00629472,0,NONE,,,test
T00629473,0,NONE,,,test
T00629474,0,NONE,,,test
T00629475,0,NONE,,,test
T00629476,0,NONE,,,test
T00629477,0,NONE,,,test
T00629478,0,NONE,,,test
T00629479,0,NONE,,,test
T00629480,0,NONE,,,test
T00629481,0,NONE,,,test
T00629482,0,NONE,,,test
T00629483,0,NONE,,,test
T00629484,0,NONE,,,test
T00629485,0,NONE,,,test
T00629486,0,NONE,,,test
T00629487,0,NONE,,,test
T00629488,0,NONE,,,test
T00629489,0,NONE,,,test
T00629490,0,NONE,,,test
T00629491,0,NONE,,,test
T00629492,0,NONE,,,test
T00629493,0,NONE,,,test
T00629494,0,NONE,,,test
T00629495,0,NONE,,,test
T00629496,0,NONE,,,test
T00629497,0,NONE,,,test
T00629498,0,NONE,,,test
T00629499,0,NONE,,,test
T00629500,0,NONE,,,test
T00629501,0,NONE,,,test
T00629502,0,NONE,,,test
T00629503,0,NONE,,,test
T00629504,0,NONE,,,test
T00629505,0,NONE,,,test
T00629506,0,NONE,,,test
T00629507,0,NONE,,,test
T00629508,0,NONE,,,test
T00629509,0,NONE,,,test
T00629510,0,NONE,,,test
T00629511,0,NONE,,,test
T00629512,0,NONE,,,test
T00629513,0,NONE,,,test
T00629514,0,NONE,,,test
T00629515,0,NONE,,,test
T00629516,0,NONE,,,test
T00629517,0,NONE,,,test
T00629518,0,NONE,,,test
T00629519,0,NONE,,,test
T00629520,0,NONE,,,test
T00629521,0,NONE,,,test
T00629522,0,NONE,,,test
T00629523,0,NONE,,,test
T00629524,0,NONE,,,test
T00629525,0,NONE,,,test
T00629526,0,NONE,,,test
T00629527,0,NONE,,,test
T00629528,0,NONE,,,test
T00629529,0,NONE,,,test
T00629530,0,NONE,,,test
T00629531,0,NONE,,,test
T00629532,0,NONE,,,test
T00629533,0,NONE,,,test
T00629534,0,NONE,,,test
T00629535,0,NONE,,,test
T00629536,0,NONE,,,test
T00629537,0,NONE,,,test
T00629538,0,NONE,,,test
T00629539,0,NONE,,,test
T00629540,0,NONE,,,test
T00629541,0,NONE,,,test
T00629542,0,NONE,,,test
T00629543,0,NONE,,,test
T00629544,0,NONE,,,test
T00629545,0,NONE,,,test
T00629546,0,NONE,,,test
T00629547,0,NONE,,,test
T00629548,0,NONE,,,test
T00629549,0,NONE,,,test
T00629550,0,NONE,,,test
T00629551,0,NONE,,,test
T00629552,0,NONE,,,test
T00629553,0,NONE,,,test
T00629554,0,NONE,,,test
T00629555,0,NONE,,,test
T00629556,0,NONE,,,test
T00629557,0,NONE,,,test
T00629558,0,NONE,,,test
T00629559,0,NONE,,,test
T00629560,0,NONE,,,test
T00629561,0,NONE,,,test
T00629562,0,NONE,,,test
T00629563,0,NONE,,,test
T00629564,0,NONE,,,test
T00629565,0,NONE,,,test
T00629566,0,NONE,,,test
T00629567,0,NONE,,,test
T00629568,0,NONE,,,test
T00629569,0,NONE,,,test
T00629570,0,NONE,,,test
T00629571,0,NONE,,,test
T00629572,0,NONE,,,test
T00629573,0,NONE,,,test
T00629574,0,NONE,,,test
T00629575,0,NONE,,,test
T00629576,0,NONE,,,test
T00629577,0,NONE,,,test
T00629578,0,NONE,,,test
T00629579,0,NONE,,,test
T00629580,0,NONE,,,test
T00629581,0,NONE,,,test
T00629582,0,NONE,,,test
T00629583,0,NONE,,,test
T00629584,0,NONE,,,test
T00629585,0,NONE,,,test
T00629586,0,NONE,,,test
T00629587,0,NONE,,,test
T00629588,0,NONE,,,test
T00629589,0,NONE,,,test
T00629590,0,NONE,,,test
T00629591,0,NONE,,,test
T00629592,0,NONE,,,test
T00629593,0,NONE,,,test
T00629594,0,NONE,,,test
T00629595,0,NONE,,,test
T00629596,0,NONE,,,test
T00629597,0,NONE,,,test
T00629598,0,NONE,,,test
T00629599,0,NONE,,,test
T00629600,0,NONE,,,test
T00629601,0,NONE,,,test
T00629602,0,NONE,,,test
T00629603,0,NONE,,,test
T00629604,0,NONE,,,test
T00629605,0,NONE,,,test
T00629606,0,NONE,,,test
T00629607,0,NONE,,,test
T00629608,0,NONE,,,test
T00629609,0,NONE,,,test
T00629610,0,NONE,,,test
T00629611,0,NONE,,,test
T00629612,0,NONE,,,test
T00629613,0,NONE,,,test
T00629614,0,NONE,,,test
T00629615,0,NONE,,,test
T00629616,0,NONE,,,test
T00629617,0,NONE,,,test
T00629618,0,NONE,,,test
T00629619,0,NONE,,,test
T00629620,0,NONE,,,test
T00629621,0,NONE,,,test
T00629622,0,NONE,,,test
T00629623,0,NONE,,,test
T00629624,0,NONE,,,test
T00629625,0,NONE,,,test
T00629626,0,NONE,,,test
T00629627,0,NONE,,,test
T00629628,0,NONE,,,test
T00629629,0,NONE,,,test
T00629630,0,NONE,,,test
T00629631,0,NONE,,,test
T00629632,0,NONE,,,test
T00629633,0,NONE,,,test
T00629634,0,NONE,,,test
T00629635,0,NONE,,,test
T00629636,0,NONE,,,test
T00629637,0,NONE,,,test
T00629638,0,NONE,,,test
T00629639,0,NONE,,,test
T00629640,0,NONE,,,test
T00629641,0,NONE,,,test
T00629642,0,NONE,,,test
T00629643,0,NONE,,,test
T00629644,0,NONE,,,test
T00629645,0,NONE,,,test
T00629646,0,NONE,,,test
T00629647,0,NONE,,,test
T00629648,0,NONE,,,test
T00629649,0,NONE,,,test
T00629650,0,NONE,,,test
T00629651,0,NONE,,,test
T00629652,0,NONE,,,test
T00629653,0,NONE,,,test
T00629654,0,NONE,,,test
T00629655,0,NONE,,,test
T00629656,0,NONE,,,test
T00629657,0,NONE,,,test
T00629658,0,NONE,,,test
T00629659,0,NONE,,,test
T00629660,0,NONE,,,test
T00629661,0,NONE,,,test
T00629662,0,NONE,,,test
T00629663,0,NONE,,,test
T00629664,0,NONE,,,test
T00629665,0,NONE,,,test
T00629666,0,NONE,,,test
T00629667,0,NONE,,,test
T00629668,1,S8,SC-07,card_add_money,test
T00629669,0,NONE,,,test
T00629670,0,NONE,,,test
T00629671,0,NONE,,,test
T00629672,0,NONE,,,test
T00629673,0,NONE,,,test
T00629674,0,NONE,,,test
T00629675,1,S8,SC-07,card_add_money,test
T00629676,0,NONE,,,test
T00629677,0,NONE,,,test
T00629678,1,S8,SC-07,card_add_money,test
T00629679,0,NONE,,,test
T00629680,0,NONE,,,test
T00629681,0,NONE,,,test
T00629682,0,NONE,,,test
T00629683,0,NONE,,,test
T00629684,0,NONE,,,test
T00629685,0,NONE,,,test
T00629686,0,NONE,,,test
T00629687,0,NONE,,,test
T00629688,0,NONE,,,test
T00629689,0,NONE,,,test
T00629690,0,NONE,,,test
T00629691,0,NONE,,,test
T00629692,0,NONE,,,test
T00629693,1,S8,SC-07,cashout,test
T00629694,0,NONE,,,test
T00629695,0,NONE,,,test
T00629696,0,NONE,,,test
T00629697,0,NONE,,,test
T00629698,0,NONE,,,test
T00629699,0,NONE,,,test
T00629700,0,NONE,,,test
T00629701,0,NONE,,,test
T00629702,0,NONE,,,test
T00629703,0,NONE,,,test
T00629704,1,S8,SC-07,mule_hop,test
T00629705,0,NONE,,,test
T00629706,0,NONE,,,test
T00629707,0,NONE,,,test
T00629708,0,NONE,,,test
T00629709,1,S1,S1-0176,takeover_drain,test
T00629710,0,NONE,,,test
T00629711,0,NONE,,,test
T00629712,0,NONE,,,test
T00629713,0,NONE,,,test
T00629714,1,S3,S3-0055,mule_hop,test
T00629715,0,NONE,,,test
T00629716,0,NONE,,,test
T00629717,1,S3,S3-0055,mule_hop,test
T00629718,0,NONE,,,test
T00629719,1,S3,S3-0055,mule_hop,test
T00629720,0,NONE,,,test
T00629721,0,NONE,,,test
T00629722,1,S8,SC-07,mule_cashout,test
T00629723,0,NONE,,,test
T00629724,0,NONE,,,test
T00629725,0,NONE,,,test
T00629726,0,NONE,,,test
T00629727,0,NONE,,,test
T00629728,0,NONE,,,test
T00629729,1,S6,S6-0052,takeover_drain,test
T00629730,0,NONE,,,test
T00629731,1,S6,S6-0052,takeover_drain,test
T00629732,0,NONE,,,test
T00629733,1,S3,S3-0056,mule_hop,test
T00629734,0,NONE,,,test
T00629735,0,NONE,,,test
T00629736,0,NONE,,,test
T00629737,1,S6,S6-0053,takeover_drain,test
T00629738,0,NONE,,,test
T00629739,0,NONE,,,test
T00629740,1,S6,S6-0053,takeover_drain,test
T00629741,0,NONE,,,test
T00629742,0,NONE,,,test
T00629743,1,S3,S3-0056,mule_hop,test
T00629744,0,NONE,,,test
T00629745,0,NONE,,,test
T00629746,1,S3,S3-0056,mule_hop,test
T00629747,1,S3,S3-0056,mule_hop,test
T00629748,0,NONE,,,test
T00629749,0,NONE,,,test
T00629750,0,NONE,,,test
T00629751,0,NONE,,,test
T00629752,0,NONE,,,test
T00629753,0,NONE,,,test
T00629754,0,NONE,,,test
T00629755,0,NONE,,,test
T00629756,0,NONE,,,test
T00629757,0,NONE,,,test
T00629758,0,NONE,,,test
T00629759,0,NONE,,,test
T00629760,0,NONE,,,test
T00629761,0,NONE,,,test
T00629762,0,NONE,,,test
T00629763,0,NONE,,,test
T00629764,0,NONE,,,test
T00629765,1,S3,S3-0056,mule_cashout,test
T00629766,0,NONE,,,test
T00629767,0,NONE,,,test
T00629768,0,NONE,,,test
T00629769,0,NONE,,,test
T00629770,0,NONE,,,test
T00629771,0,NONE,,,test
T00629772,1,S1,S1-0175,mule_cashout,test
T00629773,0,NONE,,,test
T00629774,0,NONE,,,test
T00629775,0,NONE,,,test
T00629776,0,NONE,,,test
T00629777,0,NONE,,,test
T00629778,0,NONE,,,test
T00629779,0,NONE,,,test
T00629780,0,NONE,,,test
T00629781,0,NONE,,,test
T00629782,0,NONE,,,test
T00629783,0,NONE,,,test
T00629784,0,NONE,,,test
T00629785,0,NONE,,,test
T00629786,0,NONE,,,test
T00629787,0,NONE,,,test
T00629788,0,NONE,,,test
T00629789,0,NONE,,,test
T00629790,0,NONE,,,test
T00629791,0,NONE,,,test
T00629792,0,NONE,,,test
T00629793,0,NONE,,,test
T00629794,0,NONE,,,test
T00629795,0,NONE,,,test
T00629796,0,NONE,,,test
T00629797,0,NONE,,,test
T00629798,0,NONE,,,test
T00629799,0,NONE,,,test
T00629800,0,NONE,,,test
T00629801,0,NONE,,,test
T00629802,0,NONE,,,test
T00629803,0,NONE,,,test
T00629804,0,NONE,,,test
T00629805,0,NONE,,,test
T00629806,0,NONE,,,test
T00629807,0,NONE,,,test
T00629808,0,NONE,,,test
T00629809,0,NONE,,,test
T00629810,0,NONE,,,test
T00629811,0,NONE,,,test
T00629812,0,NONE,,,test
T00629813,0,NONE,,,test
T00629814,0,NONE,,,test
T00629815,0,NONE,,,test
T00629816,0,NONE,,,test
T00629817,0,NONE,,,test
T00629818,0,NONE,,,test
T00629819,0,NONE,,,test
T00629820,0,NONE,,,test
T00629821,0,NONE,,,test
T00629822,0,NONE,,,test
T00629823,0,NONE,,,test
T00629824,0,NONE,,,test
T00629825,0,NONE,,,test
T00629826,0,NONE,,,test
T00629827,0,NONE,,,test
T00629828,0,NONE,,,test
T00629829,0,NONE,,,test
T00629830,0,NONE,,,test
T00629831,0,NONE,,,test
T00629832,0,NONE,,,test
T00629833,0,NONE,,,test
T00629834,0,NONE,,,test
T00629835,0,NONE,,,test
T00629836,0,NONE,,,test
T00629837,0,NONE,,,test
T00629838,0,NONE,,,test
T00629839,0,NONE,,,test
T00629840,0,NONE,,,test
T00629841,0,NONE,,,test
T00629842,0,NONE,,,test
T00629843,0,NONE,,,test
T00629844,0,NONE,,,test
T00629845,0,NONE,,,test
T00629846,0,NONE,,,test
T00629847,0,NONE,,,test
T00629848,0,NONE,,,test
T00629849,0,NONE,,,test
T00629850,0,NONE,,,test
T00629851,0,NONE,,,test
T00629852,0,NONE,,,test
T00629853,0,NONE,,,test
T00629854,0,NONE,,,test
T00629855,0,NONE,,,test
T00629856,0,NONE,,,test
T00629857,0,NONE,,,test
T00629858,0,NONE,,,test
T00629859,0,NONE,,,test
T00629860,0,NONE,,,test
T00629861,0,NONE,,,test
T00629862,0,NONE,,,test
T00629863,0,NONE,,,test
T00629864,0,NONE,,,test
T00629865,0,NONE,,,test
T00629866,0,NONE,,,test
T00629867,0,NONE,,,test
T00629868,0,NONE,,,test
T00629869,0,NONE,,,test
T00629870,0,NONE,,,test
T00629871,0,NONE,,,test
T00629872,0,NONE,,,test
T00629873,0,NONE,,,test
T00629874,0,NONE,,,test
T00629875,0,NONE,,,test
T00629876,0,NONE,,,test
T00629877,0,NONE,,,test
T00629878,0,NONE,,,test
T00629879,0,NONE,,,test
T00629880,0,NONE,,,test
T00629881,0,NONE,,,test
T00629882,0,NONE,,,test
T00629883,0,NONE,,,test
T00629884,0,NONE,,,test
T00629885,0,NONE,,,test
T00629886,0,NONE,,,test
T00629887,0,NONE,,,test
T00629888,0,NONE,,,test
T00629889,0,NONE,,,test
T00629890,0,NONE,,,test
T00629891,0,NONE,,,test
T00629892,0,NONE,,,test
T00629893,0,NONE,,,test
T00629894,0,NONE,,,test
T00629895,0,NONE,,,test
T00629896,0,NONE,,,test
T00629897,0,NONE,,,test
T00629898,0,NONE,,,test
T00629899,0,NONE,,,test
T00629900,0,NONE,,,test
T00629901,0,NONE,,,test
T00629902,0,NONE,,,test
T00629903,0,NONE,,,test
T00629904,0,NONE,,,test
T00629905,0,NONE,,,test
T00629906,0,NONE,,,test
T00629907,0,NONE,,,test
T00629908,0,NONE,,,test
T00629909,0,NONE,,,test
T00629910,0,NONE,,,test
T00629911,0,NONE,,,test
T00629912,0,NONE,,,test
T00629913,0,NONE,,,test
T00629914,0,NONE,,,test
T00629915,0,NONE,,,test
T00629916,0,NONE,,,test
T00629917,0,NONE,,,test
T00629918,0,NONE,,,test
T00629919,0,NONE,,,test
T00629920,0,NONE,,,test
T00629921,0,NONE,,,test
T00629922,0,NONE,,,test
T00629923,0,NONE,,,test
T00629924,0,NONE,,,test
T00629925,0,NONE,,,test
T00629926,0,NONE,,,test
T00629927,0,NONE,,,test
T00629928,1,S3,S3-0055,mule_cashout,test
T00629929,0,NONE,,,test
T00629930,0,NONE,,,test
T00629931,1,S1,S1-0175,mule_cashout,test
T00629932,0,NONE,,,test
T00629933,0,NONE,,,test
T00629934,1,S1,S1-0170,mule_cashout,test
T00629935,0,NONE,,,test
T00629936,0,NONE,,,test
T00629937,0,NONE,,,test
T00629938,0,NONE,,,test
T00629939,0,NONE,,,test
T00629940,0,NONE,,,test
T00629941,0,NONE,,,test
T00629942,0,NONE,,,test
T00629943,0,NONE,,,test
T00629944,0,NONE,,,test
T00629945,0,NONE,,,test
T00629946,0,NONE,,,test
T00629947,0,NONE,,,test
T00629948,0,NONE,,,test
T00629949,0,NONE,,,test
T00629950,0,NONE,,,test
T00629951,0,NONE,,,test
T00629952,0,NONE,,,test
T00629953,0,NONE,,,test
T00629954,0,NONE,,,test
T00629955,0,NONE,,,test
T00629956,0,NONE,,,test
T00629957,0,NONE,,,test
T00629958,0,NONE,,,test
T00629959,0,NONE,,,test
T00629960,0,NONE,,,test
T00629961,0,NONE,,,test
T00629962,0,NONE,,,test
T00629963,0,NONE,,,test
T00629964,0,NONE,,,test
T00629965,0,NONE,,,test
T00629966,0,NONE,,,test
T00629967,0,NONE,,,test
T00629968,0,NONE,,,test
T00629969,0,NONE,,,test
T00629970,0,NONE,,,test
T00629971,0,NONE,,,test
T00629972,0,NONE,,,test
T00629973,0,NONE,,,test
T00629974,0,NONE,,,test
T00629975,0,NONE,,,test
T00629976,0,NONE,,,test
T00629977,0,NONE,,,test
T00629978,0,NONE,,,test
T00629979,0,NONE,,,test
T00629980,0,NONE,,,test
T00629981,0,NONE,,,test
T00629982,0,NONE,,,test
T00629983,0,NONE,,,test
T00629984,0,NONE,,,test
T00629985,0,NONE,,,test
T00629986,0,NONE,,,test
T00629987,0,NONE,,,test
T00629988,0,NONE,,,test
T00629989,0,NONE,,,test
T00629990,0,NONE,,,test
T00629991,0,NONE,,,test
T00629992,0,NONE,,,test
T00629993,0,NONE,,,test
T00629994,0,NONE,,,test
T00629995,0,NONE,,,test
T00629996,0,NONE,,,test
T00629997,0,NONE,,,test
T00629998,1,S7,S7-0146,recipient_cashout,test
T00629999,0,NONE,,,test
T00630000,0,NONE,,,test
T00630001,0,NONE,,,test
T00630002,0,NONE,,,test
T00630003,0,NONE,,,test
T00630004,0,NONE,,,test
T00630005,0,NONE,,,test
T00630006,0,NONE,,,test
T00630007,0,NONE,,,test
T00630008,0,NONE,,,test
T00630009,0,NONE,,,test
T00630010,0,NONE,,,test
T00630011,0,NONE,,,test
T00630012,0,NONE,,,test
T00630013,0,NONE,,,test
T00630014,0,NONE,,,test
T00630015,0,NONE,,,test
T00630016,0,NONE,,,test
T00630017,0,NONE,,,test
T00630018,0,NONE,,,test
T00630019,0,NONE,,,test
T00630020,0,NONE,,,test
T00630021,0,NONE,,,test
T00630022,0,NONE,,,test
T00630023,0,NONE,,,test
T00630024,0,NONE,,,test
T00630025,0,NONE,,,test
T00630026,0,NONE,,,test
T00630027,0,NONE,,,test
T00630028,0,NONE,,,test
T00630029,0,NONE,,,test
T00630030,0,NONE,,,test
T00630031,0,NONE,,,test
T00630032,0,NONE,,,test
T00630033,0,NONE,,,test
T00630034,0,NONE,,,test
T00630035,0,NONE,,,test
T00630036,0,NONE,,,test
T00630037,0,NONE,,,test
T00630038,0,NONE,,,test
T00630039,0,NONE,,,test
T00630040,0,NONE,,,test
T00630041,0,NONE,,,test
T00630042,0,NONE,,,test
T00630043,0,NONE,,,test
T00630044,0,NONE,,,test
T00630045,0,NONE,,,test
T00630046,0,NONE,,,test
T00630047,0,NONE,,,test
T00630048,0,NONE,,,test
T00630049,0,NONE,,,test
T00630050,0,NONE,,,test
T00630051,0,NONE,,,test
T00630052,0,NONE,,,test
T00630053,0,NONE,,,test
T00630054,0,NONE,,,test
T00630055,0,NONE,,,test
T00630056,0,NONE,,,test
T00630057,0,NONE,,,test
T00630058,0,NONE,,,test
T00630059,0,NONE,,,test
T00630060,0,NONE,,,test
T00630061,0,NONE,,,test
T00630062,0,NONE,,,test
T00630063,0,NONE,,,test
T00630064,0,NONE,,,test
T00630065,0,NONE,,,test
T00630066,0,NONE,,,test
T00630067,0,NONE,,,test
T00630068,0,NONE,,,test
T00630069,0,NONE,,,test
T00630070,0,NONE,,,test
T00630071,0,NONE,,,test
T00630072,0,NONE,,,test
T00630073,0,NONE,,,test
T00630074,0,NONE,,,test
T00630075,0,NONE,,,test
T00630076,0,NONE,,,test
T00630077,0,NONE,,,test
T00630078,0,NONE,,,test
T00630079,0,NONE,,,test
T00630080,0,NONE,,,test
T00630081,0,NONE,,,test
T00630082,0,NONE,,,test
T00630083,0,NONE,,,test
T00630084,0,NONE,,,test
T00630085,0,NONE,,,test
T00630086,0,NONE,,,test
T00630087,0,NONE,,,test
T00630088,0,NONE,,,test
T00630089,0,NONE,,,test
T00630090,0,NONE,,,test
T00630091,0,NONE,,,test
T00630092,0,NONE,,,test
T00630093,1,S6,S6-0052,mule_cashout,test
T00630094,0,NONE,,,test
T00630095,0,NONE,,,test
T00630096,0,NONE,,,test
T00630097,0,NONE,,,test
T00630098,0,NONE,,,test
T00630099,0,NONE,,,test
T00630100,0,NONE,,,test
T00630101,0,NONE,,,test
T00630102,0,NONE,,,test
T00630103,0,NONE,,,test
T00630104,0,NONE,,,test
T00630105,0,NONE,,,test
T00630106,0,NONE,,,test
T00630107,0,NONE,,,test
T00630108,0,NONE,,,test
T00630109,0,NONE,,,test
T00630110,0,NONE,,,test
T00630111,0,NONE,,,test
T00630112,0,NONE,,,test
T00630113,0,NONE,,,test
T00630114,0,NONE,,,test
T00630115,0,NONE,,,test
T00630116,0,NONE,,,test
T00630117,0,NONE,,,test
T00630118,0,NONE,,,test
T00630119,0,NONE,,,test
T00630120,0,NONE,,,test
T00630121,0,NONE,,,test
T00630122,0,NONE,,,test
T00630123,0,NONE,,,test
T00630124,0,NONE,,,test
T00630125,0,NONE,,,test
T00630126,0,NONE,,,test
T00630127,0,NONE,,,test
T00630128,0,NONE,,,test
T00630129,0,NONE,,,test
T00630130,0,NONE,,,test
T00630131,0,NONE,,,test
T00630132,0,NONE,,,test
T00630133,0,NONE,,,test
T00630134,0,NONE,,,test
T00630135,0,NONE,,,test
T00630136,0,NONE,,,test
T00630137,0,NONE,,,test
T00630138,0,NONE,,,test
T00630139,0,NONE,,,test
T00630140,0,NONE,,,test
T00630141,0,NONE,,,test
T00630142,0,NONE,,,test
T00630143,0,NONE,,,test
T00630144,0,NONE,,,test
T00630145,0,NONE,,,test
T00630146,0,NONE,,,test
T00630147,0,NONE,,,test
T00630148,0,NONE,,,test
T00630149,0,NONE,,,test
T00630150,0,NONE,,,test
T00630151,0,NONE,,,test
T00630152,0,NONE,,,test
T00630153,0,NONE,,,test
T00630154,0,NONE,,,test
T00630155,0,NONE,,,test
T00630156,0,NONE,,,test
T00630157,0,NONE,,,test
T00630158,0,NONE,,,test
T00630159,0,NONE,,,test
T00630160,0,NONE,,,test
T00630161,0,NONE,,,test
T00630162,0,NONE,,,test
T00630163,0,NONE,,,test
T00630164,0,NONE,,,test
T00630165,0,NONE,,,test
T00630166,0,NONE,,,test
T00630167,0,NONE,,,test
T00630168,0,NONE,,,test
T00630169,0,NONE,,,test
T00630170,0,NONE,,,test
T00630171,0,NONE,,,test
T00630172,0,NONE,,,test
T00630173,0,NONE,,,test
T00630174,0,NONE,,,test
T00630175,0,NONE,,,test
T00630176,0,NONE,,,test
T00630177,0,NONE,,,test
T00630178,0,NONE,,,test
T00630179,0,NONE,,,test
T00630180,0,NONE,,,test
T00630181,0,NONE,,,test
T00630182,0,NONE,,,test
T00630183,0,NONE,,,test
T00630184,0,NONE,,,test
T00630185,0,NONE,,,test
T00630186,0,NONE,,,test
T00630187,0,NONE,,,test
T00630188,0,NONE,,,test
T00630189,0,NONE,,,test
T00630190,0,NONE,,,test
T00630191,0,NONE,,,test
T00630192,0,NONE,,,test
T00630193,0,NONE,,,test
T00630194,0,NONE,,,test
T00630195,0,NONE,,,test
T00630196,0,NONE,,,test
T00630197,0,NONE,,,test
T00630198,0,NONE,,,test
T00630199,0,NONE,,,test
T00630200,0,NONE,,,test
T00630201,0,NONE,,,test
T00630202,0,NONE,,,test
T00630203,0,NONE,,,test
T00630204,0,NONE,,,test
T00630205,0,NONE,,,test
T00630206,0,NONE,,,test
T00630207,0,NONE,,,test
T00630208,0,NONE,,,test
T00630209,1,S6,S6-0046,mule_cashout,test
T00630210,0,NONE,,,test
T00630211,0,NONE,,,test
T00630212,0,NONE,,,test
T00630213,1,S6,S6-0053,mule_cashout,test
T00630214,0,NONE,,,test
T00630215,0,NONE,,,test
T00630216,0,NONE,,,test
T00630217,0,NONE,,,test
T00630218,0,NONE,,,test
T00630219,0,NONE,,,test
T00630220,0,NONE,,,test
T00630221,0,NONE,,,test
T00630222,0,NONE,,,test
T00630223,1,S1,S1-0172,mule_cashout,test
T00630224,0,NONE,,,test
T00630225,0,NONE,,,test
T00630226,0,NONE,,,test
T00630227,0,NONE,,,test
T00630228,0,NONE,,,test
T00630229,0,NONE,,,test
T00630230,0,NONE,,,test
T00630231,0,NONE,,,test
T00630232,0,NONE,,,test
T00630233,0,NONE,,,test
T00630234,0,NONE,,,test
T00630235,0,NONE,,,test
T00630236,0,NONE,,,test
T00630237,0,NONE,,,test
T00630238,0,NONE,,,test
T00630239,0,NONE,,,test
T00630240,0,NONE,,,test
T00630241,0,NONE,,,test
T00630242,0,NONE,,,test
T00630243,0,NONE,,,test
T00630244,0,NONE,,,test
T00630245,0,NONE,,,test
T00630246,0,NONE,,,test
T00630247,0,NONE,,,test
T00630248,0,NONE,,,test
T00630249,0,NONE,,,test
T00630250,0,NONE,,,test
T00630251,0,NONE,,,test
T00630252,0,NONE,,,test
T00630253,0,NONE,,,test
T00630254,0,NONE,,,test
T00630255,0,NONE,,,test
T00630256,0,NONE,,,test
T00630257,0,NONE,,,test
T00630258,0,NONE,,,test
T00630259,0,NONE,,,test
T00630260,0,NONE,,,test
T00630261,0,NONE,,,test
T00630262,0,NONE,,,test
T00630263,0,NONE,,,test
T00630264,0,NONE,,,test
T00630265,0,NONE,,,test
T00630266,0,NONE,,,test
T00630267,0,NONE,,,test
T00630268,0,NONE,,,test
T00630269,0,NONE,,,test
T00630270,0,NONE,,,test
T00630271,1,S1,S1-0177,takeover_drain,test
T00630272,0,NONE,,,test
T00630273,0,NONE,,,test
T00630274,1,S1,S1-0177,takeover_drain,test
T00630275,0,NONE,,,test
T00630276,1,S1,S1-0177,takeover_drain,test
T00630277,0,NONE,,,test
T00630278,1,S3,S3-0055,mule_cashout,test
T00630279,1,S1,S1-0177,takeover_drain,test
T00630280,0,NONE,,,test
T00630281,0,NONE,,,test
T00630282,0,NONE,,,test
T00630283,0,NONE,,,test
T00630284,0,NONE,,,test
T00630285,0,NONE,,,test
T00630286,0,NONE,,,test
T00630287,0,NONE,,,test
T00630288,0,NONE,,,test
T00630289,0,NONE,,,test
T00630290,0,NONE,,,test
T00630291,0,NONE,,,test
T00630292,0,NONE,,,test
T00630293,0,NONE,,,test
T00630294,0,NONE,,,test
T00630295,0,NONE,,,test
T00630296,0,NONE,,,test
T00630297,0,NONE,,,test
T00630298,0,NONE,,,test
T00630299,0,NONE,,,test
T00630300,0,NONE,,,test
T00630301,0,NONE,,,test
T00630302,0,NONE,,,test
T00630303,0,NONE,,,test
T00630304,0,NONE,,,test
T00630305,0,NONE,,,test
T00630306,0,NONE,,,test
T00630307,0,NONE,,,test
T00630308,0,NONE,,,test
T00630309,0,NONE,,,test
T00630310,0,NONE,,,test
T00630311,0,NONE,,,test
T00630312,0,NONE,,,test
T00630313,1,S1,S1-0174,mule_cashout,test
T00630314,0,NONE,,,test
T00630315,0,NONE,,,test
T00630316,0,NONE,,,test
T00630317,0,NONE,,,test
T00630318,0,NONE,,,test
T00630319,0,NONE,,,test
T00630320,0,NONE,,,test
T00630321,0,NONE,,,test
T00630322,0,NONE,,,test
T00630323,0,NONE,,,test
T00630324,0,NONE,,,test
T00630325,0,NONE,,,test
T00630326,0,NONE,,,test
T00630327,0,NONE,,,test
T00630328,0,NONE,,,test
T00630329,0,NONE,,,test
T00630330,0,NONE,,,test
T00630331,0,NONE,,,test
T00630332,0,NONE,,,test
T00630333,0,NONE,,,test
T00630334,0,NONE,,,test
T00630335,0,NONE,,,test
T00630336,0,NONE,,,test
T00630337,0,NONE,,,test
T00630338,0,NONE,,,test
T00630339,0,NONE,,,test
T00630340,1,S6,S6-0053,mule_hop,test
T00630341,0,NONE,,,test
T00630342,0,NONE,,,test
T00630343,0,NONE,,,test
T00630344,0,NONE,,,test
T00630345,0,NONE,,,test
T00630346,0,NONE,,,test
T00630347,0,NONE,,,test
T00630348,0,NONE,,,test
T00630349,0,NONE,,,test
T00630350,0,NONE,,,test
T00630351,0,NONE,,,test
T00630352,0,NONE,,,test
T00630353,0,NONE,,,test
T00630354,0,NONE,,,test
T00630355,0,NONE,,,test
T00630356,0,NONE,,,test
T00630357,0,NONE,,,test
T00630358,0,NONE,,,test
T00630359,0,NONE,,,test
T00630360,0,NONE,,,test
T00630361,0,NONE,,,test
T00630362,0,NONE,,,test
T00630363,0,NONE,,,test
T00630364,0,NONE,,,test
T00630365,0,NONE,,,test
T00630366,0,NONE,,,test
T00630367,0,NONE,,,test
T00630368,0,NONE,,,test
T00630369,0,NONE,,,test
T00630370,0,NONE,,,test
T00630371,0,NONE,,,test
T00630372,0,NONE,,,test
T00630373,0,NONE,,,test
T00630374,0,NONE,,,test
T00630375,0,NONE,,,test
T00630376,0,NONE,,,test
T00630377,0,NONE,,,test
T00630378,1,S3,S3-0056,mule_cashout,test
T00630379,0,NONE,,,test
T00630380,0,NONE,,,test
T00630381,0,NONE,,,test
T00630382,0,NONE,,,test
T00630383,0,NONE,,,test
T00630384,0,NONE,,,test
T00630385,0,NONE,,,test
T00630386,0,NONE,,,test
T00630387,0,NONE,,,test
T00630388,0,NONE,,,test
T00630389,0,NONE,,,test
T00630390,0,NONE,,,test
T00630391,0,NONE,,,test
T00630392,0,NONE,,,test
T00630393,0,NONE,,,test
T00630394,0,NONE,,,test
T00630395,0,NONE,,,test
T00630396,0,NONE,,,test
T00630397,0,NONE,,,test
T00630398,0,NONE,,,test
T00630399,0,NONE,,,test
T00630400,0,NONE,,,test
T00630401,0,NONE,,,test
T00630402,0,NONE,,,test
T00630403,0,NONE,,,test
T00630404,0,NONE,,,test
T00630405,0,NONE,,,test
T00630406,0,NONE,,,test
T00630407,0,NONE,,,test
T00630408,0,NONE,,,test
T00630409,0,NONE,,,test
T00630410,0,NONE,,,test
T00630411,0,NONE,,,test
T00630412,0,NONE,,,test
T00630413,0,NONE,,,test
T00630414,0,NONE,,,test
T00630415,0,NONE,,,test
T00630416,0,NONE,,,test
T00630417,0,NONE,,,test
T00630418,0,NONE,,,test
T00630419,0,NONE,,,test
T00630420,0,NONE,,,test
T00630421,0,NONE,,,test
T00630422,0,NONE,,,test
T00630423,0,NONE,,,test
T00630424,0,NONE,,,test
T00630425,0,NONE,,,test
T00630426,0,NONE,,,test
T00630427,0,NONE,,,test
T00630428,0,NONE,,,test
T00630429,0,NONE,,,test
T00630430,0,NONE,,,test
T00630431,0,NONE,,,test
T00630432,0,NONE,,,test
T00630433,0,NONE,,,test
T00630434,0,NONE,,,test
T00630435,0,NONE,,,test
T00630436,0,NONE,,,test
T00630437,0,NONE,,,test
T00630438,0,NONE,,,test
T00630439,0,NONE,,,test
T00630440,0,NONE,,,test
T00630441,0,NONE,,,test
T00630442,0,NONE,,,test
T00630443,0,NONE,,,test
T00630444,0,NONE,,,test
T00630445,0,NONE,,,test
T00630446,0,NONE,,,test
T00630447,0,NONE,,,test
T00630448,0,NONE,,,test
T00630449,0,NONE,,,test
T00630450,0,NONE,,,test
T00630451,0,NONE,,,test
T00630452,0,NONE,,,test
T00630453,0,NONE,,,test
T00630454,0,NONE,,,test
T00630455,0,NONE,,,test
T00630456,0,NONE,,,test
T00630457,0,NONE,,,test
T00630458,0,NONE,,,test
T00630459,0,NONE,,,test
T00630460,0,NONE,,,test
T00630461,0,NONE,,,test
T00630462,0,NONE,,,test
T00630463,0,NONE,,,test
T00630464,0,NONE,,,test
T00630465,0,NONE,,,test
T00630466,0,NONE,,,test
T00630467,0,NONE,,,test
T00630468,0,NONE,,,test
T00630469,0,NONE,,,test
T00630470,1,S1,S1-0174,mule_hop,test
T00630471,0,NONE,,,test
T00630472,0,NONE,,,test
T00630473,0,NONE,,,test
T00630474,0,NONE,,,test
T00630475,0,NONE,,,test
T00630476,1,S1,S1-0177,mule_cashout,test
T00630477,0,NONE,,,test
T00630478,0,NONE,,,test
T00630479,0,NONE,,,test
T00630480,0,NONE,,,test
T00630481,0,NONE,,,test
T00630482,0,NONE,,,test
T00630483,0,NONE,,,test
T00630484,0,NONE,,,test
T00630485,0,NONE,,,test
T00630486,0,NONE,,,test
T00630487,0,NONE,,,test
T00630488,0,NONE,,,test
T00630489,0,NONE,,,test
T00630490,1,S1,S1-0178,takeover_drain,test
T00630491,0,NONE,,,test
T00630492,0,NONE,,,test
T00630493,0,NONE,,,test
T00630494,0,NONE,,,test
T00630495,0,NONE,,,test
T00630496,1,S1,S1-0178,takeover_drain,test
T00630497,0,NONE,,,test
T00630498,0,NONE,,,test
T00630499,0,NONE,,,test
T00630500,0,NONE,,,test
T00630501,0,NONE,,,test
T00630502,0,NONE,,,test
T00630503,0,NONE,,,test
T00630504,0,NONE,,,test
T00630505,0,NONE,,,test
T00630506,1,S1,S1-0177,mule_cashout,test
T00630507,0,NONE,,,test
T00630508,0,NONE,,,test
T00630509,0,NONE,,,test
T00630510,0,NONE,,,test
T00630511,0,NONE,,,test
T00630512,0,NONE,,,test
T00630513,0,NONE,,,test
T00630514,0,NONE,,,test
T00630515,1,S1,S1-0178,takeover_drain,test
T00630516,0,NONE,,,test
T00630517,0,NONE,,,test
T00630518,0,NONE,,,test
T00630519,0,NONE,,,test
T00630520,0,NONE,,,test
T00630521,0,NONE,,,test
T00630522,0,NONE,,,test
T00630523,0,NONE,,,test
T00630524,0,NONE,,,test
T00630525,0,NONE,,,test
T00630526,0,NONE,,,test
T00630527,0,NONE,,,test
T00630528,0,NONE,,,test
T00630529,0,NONE,,,test
T00630530,0,NONE,,,test
T00630531,0,NONE,,,test
T00630532,0,NONE,,,test
T00630533,0,NONE,,,test
T00630534,0,NONE,,,test
T00630535,1,S1,S1-0174,mule_cashout,test
T00630536,0,NONE,,,test
T00630537,0,NONE,,,test
T00630538,0,NONE,,,test
T00630539,0,NONE,,,test
T00630540,0,NONE,,,test
T00630541,0,NONE,,,test
T00630542,0,NONE,,,test
T00630543,0,NONE,,,test
T00630544,0,NONE,,,test
T00630545,0,NONE,,,test
T00630546,0,NONE,,,test
T00630547,0,NONE,,,test
T00630548,0,NONE,,,test
T00630549,0,NONE,,,test
T00630550,0,NONE,,,test
T00630551,0,NONE,,,test
T00630552,0,NONE,,,test
T00630553,0,NONE,,,test
T00630554,0,NONE,,,test
T00630555,0,NONE,,,test
T00630556,0,NONE,,,test
T00630557,0,NONE,,,test
T00630558,0,NONE,,,test
T00630559,0,NONE,,,test
T00630560,0,NONE,,,test
T00630561,0,NONE,,,test
T00630562,0,NONE,,,test
T00630563,0,NONE,,,test
T00630564,0,NONE,,,test
T00630565,0,NONE,,,test
T00630566,1,S1,S1-0170,mule_cashout,test
T00630567,0,NONE,,,test
T00630568,0,NONE,,,test
T00630569,0,NONE,,,test
T00630570,0,NONE,,,test
T00630571,0,NONE,,,test
T00630572,0,NONE,,,test
T00630573,0,NONE,,,test
T00630574,0,NONE,,,test
T00630575,0,NONE,,,test
T00630576,0,NONE,,,test
T00630577,0,NONE,,,test
T00630578,0,NONE,,,test
T00630579,0,NONE,,,test
T00630580,0,NONE,,,test
T00630581,0,NONE,,,test
T00630582,0,NONE,,,test
T00630583,0,NONE,,,test
T00630584,0,NONE,,,test
T00630585,0,NONE,,,test
T00630586,0,NONE,,,test
T00630587,1,S7,S7-0148,mule_cashout,test
T00630588,0,NONE,,,test
T00630589,0,NONE,,,test
T00630590,0,NONE,,,test
T00630591,0,NONE,,,test
T00630592,0,NONE,,,test
T00630593,0,NONE,,,test
T00630594,0,NONE,,,test
T00630595,0,NONE,,,test
T00630596,0,NONE,,,test
T00630597,0,NONE,,,test
T00630598,0,NONE,,,test
T00630599,0,NONE,,,test
T00630600,0,NONE,,,test
T00630601,0,NONE,,,test
T00630602,0,NONE,,,test
T00630603,0,NONE,,,test
T00630604,0,NONE,,,test
T00630605,0,NONE,,,test
T00630606,0,NONE,,,test
T00630607,0,NONE,,,test
T00630608,0,NONE,,,test
T00630609,0,NONE,,,test
T00630610,0,NONE,,,test
T00630611,0,NONE,,,test
T00630612,0,NONE,,,test
T00630613,0,NONE,,,test
T00630614,0,NONE,,,test
T00630615,0,NONE,,,test
T00630616,0,NONE,,,test
T00630617,0,NONE,,,test
T00630618,0,NONE,,,test
T00630619,0,NONE,,,test
T00630620,0,NONE,,,test
T00630621,0,NONE,,,test
T00630622,0,NONE,,,test
T00630623,0,NONE,,,test
T00630624,0,NONE,,,test
T00630625,0,NONE,,,test
T00630626,1,S6,S6-0053,mule_cashout,test
T00630627,0,NONE,,,test
T00630628,0,NONE,,,test
T00630629,0,NONE,,,test
T00630630,0,NONE,,,test
T00630631,0,NONE,,,test
T00630632,0,NONE,,,test
T00630633,0,NONE,,,test
T00630634,0,NONE,,,test
T00630635,0,NONE,,,test
T00630636,0,NONE,,,test
T00630637,0,NONE,,,test
T00630638,0,NONE,,,test
T00630639,0,NONE,,,test
T00630640,0,NONE,,,test
T00630641,0,NONE,,,test
T00630642,0,NONE,,,test
T00630643,0,NONE,,,test
T00630644,0,NONE,,,test
T00630645,0,NONE,,,test
T00630646,0,NONE,,,test
T00630647,0,NONE,,,test
T00630648,0,NONE,,,test
T00630649,0,NONE,,,test
T00630650,0,NONE,,,test
T00630651,0,NONE,,,test
T00630652,0,NONE,,,test
T00630653,0,NONE,,,test
T00630654,0,NONE,,,test
T00630655,0,NONE,,,test
T00630656,0,NONE,,,test
T00630657,0,NONE,,,test
T00630658,0,NONE,,,test
T00630659,0,NONE,,,test
T00630660,0,NONE,,,test
T00630661,0,NONE,,,test
T00630662,0,NONE,,,test
T00630663,0,NONE,,,test
T00630664,0,NONE,,,test
T00630665,0,NONE,,,test
T00630666,0,NONE,,,test
T00630667,0,NONE,,,test
T00630668,0,NONE,,,test
T00630669,0,NONE,,,test
T00630670,0,NONE,,,test
T00630671,0,NONE,,,test
T00630672,0,NONE,,,test
T00630673,0,NONE,,,test
T00630674,0,NONE,,,test
T00630675,0,NONE,,,test
T00630676,0,NONE,,,test
T00630677,0,NONE,,,test
T00630678,0,NONE,,,test
T00630679,0,NONE,,,test
T00630680,0,NONE,,,test
T00630681,0,NONE,,,test
T00630682,0,NONE,,,test
T00630683,0,NONE,,,test
T00630684,0,NONE,,,test
T00630685,0,NONE,,,test
T00630686,0,NONE,,,test
T00630687,0,NONE,,,test
T00630688,0,NONE,,,test
T00630689,0,NONE,,,test
T00630690,0,NONE,,,test
T00630691,0,NONE,,,test
T00630692,0,NONE,,,test
T00630693,0,NONE,,,test
T00630694,0,NONE,,,test
T00630695,0,NONE,,,test
T00630696,0,NONE,,,test
T00630697,0,NONE,,,test
T00630698,0,NONE,,,test
T00630699,0,NONE,,,test
T00630700,0,NONE,,,test
T00630701,0,NONE,,,test
T00630702,0,NONE,,,test
T00630703,0,NONE,,,test
T00630704,0,NONE,,,test
T00630705,0,NONE,,,test
T00630706,0,NONE,,,test
T00630707,0,NONE,,,test
T00630708,0,NONE,,,test
T00630709,0,NONE,,,test
T00630710,0,NONE,,,test
T00630711,0,NONE,,,test
T00630712,0,NONE,,,test
T00630713,0,NONE,,,test
T00630714,0,NONE,,,test
T00630715,0,NONE,,,test
T00630716,0,NONE,,,test
T00630717,0,NONE,,,test
T00630718,0,NONE,,,test
T00630719,0,NONE,,,test
T00630720,0,NONE,,,test
T00630721,0,NONE,,,test
T00630722,0,NONE,,,test
T00630723,0,NONE,,,test
T00630724,0,NONE,,,test
T00630725,0,NONE,,,test
T00630726,0,NONE,,,test
T00630727,0,NONE,,,test
T00630728,0,NONE,,,test
T00630729,0,NONE,,,test
T00630730,0,NONE,,,test
T00630731,0,NONE,,,test
T00630732,0,NONE,,,test
T00630733,0,NONE,,,test
T00630734,0,NONE,,,test
T00630735,0,NONE,,,test
T00630736,0,NONE,,,test
T00630737,0,NONE,,,test
T00630738,0,NONE,,,test
T00630739,0,NONE,,,test
T00630740,0,NONE,,,test
T00630741,0,NONE,,,test
T00630742,0,NONE,,,test
T00630743,0,NONE,,,test
T00630744,0,NONE,,,test
T00630745,0,NONE,,,test
T00630746,0,NONE,,,test
T00630747,0,NONE,,,test
T00630748,0,NONE,,,test
T00630749,0,NONE,,,test
T00630750,0,NONE,,,test
T00630751,0,NONE,,,test
T00630752,0,NONE,,,test
T00630753,0,NONE,,,test
T00630754,0,NONE,,,test
T00630755,0,NONE,,,test
T00630756,0,NONE,,,test
T00630757,0,NONE,,,test
T00630758,0,NONE,,,test
T00630759,0,NONE,,,test
T00630760,0,NONE,,,test
T00630761,0,NONE,,,test
T00630762,0,NONE,,,test
T00630763,0,NONE,,,test
T00630764,0,NONE,,,test
T00630765,0,NONE,,,test
T00630766,0,NONE,,,test
T00630767,0,NONE,,,test
T00630768,0,NONE,,,test
T00630769,0,NONE,,,test
T00630770,0,NONE,,,test
T00630771,0,NONE,,,test
T00630772,0,NONE,,,test
T00630773,0,NONE,,,test
T00630774,0,NONE,,,test
T00630775,0,NONE,,,test
T00630776,0,NONE,,,test
T00630777,0,NONE,,,test
T00630778,0,NONE,,,test
T00630779,0,NONE,,,test
T00630780,0,NONE,,,test
T00630781,0,NONE,,,test
T00630782,0,NONE,,,test
T00630783,0,NONE,,,test
T00630784,0,NONE,,,test
T00630785,0,NONE,,,test
T00630786,0,NONE,,,test
T00630787,0,NONE,,,test
T00630788,0,NONE,,,test
T00630789,0,NONE,,,test
T00630790,0,NONE,,,test
T00630791,0,NONE,,,test
T00630792,0,NONE,,,test
T00630793,0,NONE,,,test
T00630794,1,S3,S3-0052,mule_cashout,test
T00630795,0,NONE,,,test
T00630796,0,NONE,,,test
T00630797,0,NONE,,,test
T00630798,0,NONE,,,test
T00630799,0,NONE,,,test
T00630800,0,NONE,,,test
T00630801,0,NONE,,,test
T00630802,0,NONE,,,test
T00630803,0,NONE,,,test
T00630804,0,NONE,,,test
T00630805,0,NONE,,,test
T00630806,0,NONE,,,test
T00630807,0,NONE,,,test
T00630808,0,NONE,,,test
T00630809,0,NONE,,,test
T00630810,0,NONE,,,test
T00630811,0,NONE,,,test
T00630812,0,NONE,,,test
T00630813,0,NONE,,,test
T00630814,0,NONE,,,test
T00630815,0,NONE,,,test
T00630816,0,NONE,,,test
T00630817,0,NONE,,,test
T00630818,0,NONE,,,test
T00630819,0,NONE,,,test
T00630820,0,NONE,,,test
T00630821,0,NONE,,,test
T00630822,0,NONE,,,test
T00630823,0,NONE,,,test
T00630824,0,NONE,,,test
T00630825,0,NONE,,,test
T00630826,0,NONE,,,test
T00630827,0,NONE,,,test
T00630828,0,NONE,,,test
T00630829,0,NONE,,,test
T00630830,0,NONE,,,test
T00630831,1,S1,S1-0177,mule_cashout,test
T00630832,0,NONE,,,test
T00630833,0,NONE,,,test
T00630834,0,NONE,,,test
T00630835,0,NONE,,,test
T00630836,0,NONE,,,test
T00630837,0,NONE,,,test
T00630838,0,NONE,,,test
T00630839,0,NONE,,,test
T00630840,0,NONE,,,test
T00630841,0,NONE,,,test
T00630842,0,NONE,,,test
T00630843,0,NONE,,,test
T00630844,0,NONE,,,test
T00630845,1,S1,S1-0164,mule_cashout,test
T00630846,0,NONE,,,test
T00630847,0,NONE,,,test
T00630848,0,NONE,,,test
T00630849,0,NONE,,,test
T00630850,0,NONE,,,test
T00630851,0,NONE,,,test
T00630852,0,NONE,,,test
T00630853,0,NONE,,,test
T00630854,0,NONE,,,test
T00630855,0,NONE,,,test
T00630856,0,NONE,,,test
T00630857,0,NONE,,,test
T00630858,0,NONE,,,test
T00630859,0,NONE,,,test
T00630860,0,NONE,,,test
T00630861,0,NONE,,,test
T00630862,0,NONE,,,test
T00630863,0,NONE,,,test
T00630864,0,NONE,,,test
T00630865,0,NONE,,,test
T00630866,0,NONE,,,test
T00630867,0,NONE,,,test
T00630868,0,NONE,,,test
T00630869,0,NONE,,,test
T00630870,0,NONE,,,test
T00630871,0,NONE,,,test
T00630872,0,NONE,,,test
T00630873,0,NONE,,,test
T00630874,0,NONE,,,test
T00630875,0,NONE,,,test
T00630876,0,NONE,,,test
T00630877,0,NONE,,,test
T00630878,0,NONE,,,test
T00630879,0,NONE,,,test
T00630880,0,NONE,,,test
T00630881,0,NONE,,,test
T00630882,0,NONE,,,test
T00630883,0,NONE,,,test
T00630884,0,NONE,,,test
T00630885,0,NONE,,,test
T00630886,0,NONE,,,test
T00630887,0,NONE,,,test
T00630888,0,NONE,,,test
T00630889,0,NONE,,,test
T00630890,0,NONE,,,test
T00630891,0,NONE,,,test
T00630892,0,NONE,,,test
T00630893,0,NONE,,,test
T00630894,0,NONE,,,test
T00630895,0,NONE,,,test
T00630896,0,NONE,,,test
T00630897,0,NONE,,,test
T00630898,0,NONE,,,test
T00630899,0,NONE,,,test
T00630900,0,NONE,,,test
T00630901,0,NONE,,,test
T00630902,0,NONE,,,test
T00630903,0,NONE,,,test
T00630904,0,NONE,,,test
T00630905,0,NONE,,,test
T00630906,0,NONE,,,test
T00630907,0,NONE,,,test
T00630908,0,NONE,,,test
T00630909,0,NONE,,,test
T00630910,0,NONE,,,test
T00630911,0,NONE,,,test
T00630912,0,NONE,,,test
T00630913,0,NONE,,,test
T00630914,0,NONE,,,test
T00630915,0,NONE,,,test
T00630916,0,NONE,,,test
T00630917,0,NONE,,,test
T00630918,0,NONE,,,test
T00630919,0,NONE,,,test
T00630920,0,NONE,,,test
T00630921,0,NONE,,,test
T00630922,0,NONE,,,test
T00630923,0,NONE,,,test
T00630924,0,NONE,,,test
T00630925,0,NONE,,,test
T00630926,0,NONE,,,test
T00630927,0,NONE,,,test
T00630928,0,NONE,,,test
T00630929,0,NONE,,,test
T00630930,0,NONE,,,test
T00630931,0,NONE,,,test
T00630932,0,NONE,,,test
T00630933,0,NONE,,,test
T00630934,0,NONE,,,test
T00630935,0,NONE,,,test
T00630936,0,NONE,,,test
T00630937,0,NONE,,,test
T00630938,0,NONE,,,test
T00630939,0,NONE,,,test
T00630940,0,NONE,,,test
T00630941,0,NONE,,,test
T00630942,0,NONE,,,test
T00630943,0,NONE,,,test
T00630944,0,NONE,,,test
T00630945,0,NONE,,,test
T00630946,0,NONE,,,test
T00630947,0,NONE,,,test
T00630948,0,NONE,,,test
T00630949,0,NONE,,,test
T00630950,0,NONE,,,test
T00630951,0,NONE,,,test
T00630952,0,NONE,,,test
T00630953,0,NONE,,,test
T00630954,0,NONE,,,test
T00630955,0,NONE,,,test
T00630956,0,NONE,,,test
T00630957,0,NONE,,,test
T00630958,0,NONE,,,test
T00630959,0,NONE,,,test
T00630960,0,NONE,,,test
T00630961,0,NONE,,,test
T00630962,0,NONE,,,test
T00630963,0,NONE,,,test
T00630964,0,NONE,,,test
T00630965,0,NONE,,,test
T00630966,0,NONE,,,test
T00630967,0,NONE,,,test
T00630968,0,NONE,,,test
T00630969,0,NONE,,,test
T00630970,0,NONE,,,test
T00630971,0,NONE,,,test
T00630972,0,NONE,,,test
T00630973,0,NONE,,,test
T00630974,0,NONE,,,test
T00630975,0,NONE,,,test
T00630976,0,NONE,,,test
T00630977,0,NONE,,,test
T00630978,0,NONE,,,test
T00630979,0,NONE,,,test
T00630980,0,NONE,,,test
T00630981,0,NONE,,,test
T00630982,0,NONE,,,test
T00630983,0,NONE,,,test
T00630984,0,NONE,,,test
T00630985,0,NONE,,,test
T00630986,0,NONE,,,test
T00630987,0,NONE,,,test
T00630988,0,NONE,,,test
T00630989,0,NONE,,,test
T00630990,0,NONE,,,test
T00630991,0,NONE,,,test
T00630992,0,NONE,,,test
T00630993,0,NONE,,,test
T00630994,0,NONE,,,test
T00630995,0,NONE,,,test
T00630996,0,NONE,,,test
T00630997,0,NONE,,,test
T00630998,0,NONE,,,test
T00630999,0,NONE,,,test
T00631000,0,NONE,,,test
T00631001,0,NONE,,,test
T00631002,0,NONE,,,test
T00631003,0,NONE,,,test
T00631004,1,S1,S1-0178,mule_cashout,test
T00631005,0,NONE,,,test
T00631006,0,NONE,,,test
T00631007,0,NONE,,,test
T00631008,0,NONE,,,test
T00631009,0,NONE,,,test
T00631010,0,NONE,,,test
T00631011,0,NONE,,,test
T00631012,0,NONE,,,test
T00631013,0,NONE,,,test
T00631014,0,NONE,,,test
T00631015,0,NONE,,,test
T00631016,0,NONE,,,test
T00631017,0,NONE,,,test
T00631018,0,NONE,,,test
T00631019,0,NONE,,,test
T00631020,0,NONE,,,test
T00631021,0,NONE,,,test
T00631022,0,NONE,,,test
T00631023,0,NONE,,,test
T00631024,0,NONE,,,test
T00631025,0,NONE,,,test
T00631026,0,NONE,,,test
T00631027,0,NONE,,,test
T00631028,0,NONE,,,test
T00631029,0,NONE,,,test
T00631030,0,NONE,,,test
T00631031,0,NONE,,,test
T00631032,0,NONE,,,test
T00631033,0,NONE,,,test
T00631034,0,NONE,,,test
T00631035,0,NONE,,,test
T00631036,0,NONE,,,test
T00631037,0,NONE,,,test
T00631038,0,NONE,,,test
T00631039,0,NONE,,,test
T00631040,0,NONE,,,test
T00631041,0,NONE,,,test
T00631042,0,NONE,,,test
T00631043,0,NONE,,,test
T00631044,0,NONE,,,test
T00631045,0,NONE,,,test
T00631046,0,NONE,,,test
T00631047,0,NONE,,,test
T00631048,0,NONE,,,test
T00631049,0,NONE,,,test
T00631050,0,NONE,,,test
T00631051,0,NONE,,,test
T00631052,0,NONE,,,test
T00631053,0,NONE,,,test
T00631054,0,NONE,,,test
T00631055,0,NONE,,,test
T00631056,0,NONE,,,test
T00631057,0,NONE,,,test
T00631058,0,NONE,,,test
T00631059,0,NONE,,,test
T00631060,0,NONE,,,test
T00631061,0,NONE,,,test
T00631062,0,NONE,,,test
T00631063,0,NONE,,,test
T00631064,0,NONE,,,test
T00631065,0,NONE,,,test
T00631066,0,NONE,,,test
T00631067,0,NONE,,,test
T00631068,0,NONE,,,test
T00631069,0,NONE,,,test
T00631070,0,NONE,,,test
T00631071,0,NONE,,,test
T00631072,0,NONE,,,test
T00631073,0,NONE,,,test
T00631074,0,NONE,,,test
T00631075,0,NONE,,,test
T00631076,0,NONE,,,test
T00631077,0,NONE,,,test
T00631078,1,S3,S3-0053,mule_cashout,test
T00631079,0,NONE,,,test
T00631080,0,NONE,,,test
T00631081,0,NONE,,,test
T00631082,1,S5,S5-0036,seller_cashout,test
T00631083,0,NONE,,,test
T00631084,0,NONE,,,test
T00631085,0,NONE,,,test
T00631086,0,NONE,,,test
T00631087,0,NONE,,,test
T00631088,0,NONE,,,test
T00631089,0,NONE,,,test
T00631090,0,NONE,,,test
T00631091,0,NONE,,,test
T00631092,0,NONE,,,test
T00631093,0,NONE,,,test
T00631094,0,NONE,,,test
T00631095,0,NONE,,,test
T00631096,0,NONE,,,test
T00631097,0,NONE,,,test
T00631098,0,NONE,,,test
T00631099,0,NONE,,,test
T00631100,0,NONE,,,test
T00631101,0,NONE,,,test
T00631102,0,NONE,,,test
T00631103,0,NONE,,,test
T00631104,0,NONE,,,test
T00631105,0,NONE,,,test
T00631106,0,NONE,,,test
T00631107,0,NONE,,,test
T00631108,0,NONE,,,test
T00631109,0,NONE,,,test
T00631110,0,NONE,,,test
T00631111,0,NONE,,,test
T00631112,0,NONE,,,test
T00631113,0,NONE,,,test
T00631114,0,NONE,,,test
T00631115,0,NONE,,,test
T00631116,0,NONE,,,test
T00631117,0,NONE,,,test
T00631118,0,NONE,,,test
T00631119,0,NONE,,,test
T00631120,0,NONE,,,test
T00631121,0,NONE,,,test
T00631122,0,NONE,,,test
T00631123,0,NONE,,,test
T00631124,0,NONE,,,test
T00631125,0,NONE,,,test
T00631126,0,NONE,,,test
T00631127,0,NONE,,,test
T00631128,0,NONE,,,test
T00631129,0,NONE,,,test
T00631130,0,NONE,,,test
T00631131,0,NONE,,,test
T00631132,0,NONE,,,test
T00631133,0,NONE,,,test
T00631134,0,NONE,,,test
T00631135,0,NONE,,,test
T00631136,0,NONE,,,test
T00631137,0,NONE,,,test
T00631138,0,NONE,,,test
T00631139,0,NONE,,,test
T00631140,0,NONE,,,test
T00631141,0,NONE,,,test
T00631142,0,NONE,,,test
T00631143,0,NONE,,,test
T00631144,0,NONE,,,test
T00631145,0,NONE,,,test
T00631146,0,NONE,,,test
T00631147,0,NONE,,,test
T00631148,0,NONE,,,test
T00631149,0,NONE,,,test
T00631150,0,NONE,,,test
T00631151,0,NONE,,,test
T00631152,0,NONE,,,test
T00631153,0,NONE,,,test
T00631154,0,NONE,,,test
T00631155,0,NONE,,,test
T00631156,0,NONE,,,test
T00631157,0,NONE,,,test
T00631158,0,NONE,,,test
T00631159,0,NONE,,,test
T00631160,0,NONE,,,test
T00631161,0,NONE,,,test
T00631162,0,NONE,,,test
T00631163,0,NONE,,,test
T00631164,0,NONE,,,test
T00631165,0,NONE,,,test
T00631166,0,NONE,,,test
T00631167,0,NONE,,,test
T00631168,0,NONE,,,test
T00631169,0,NONE,,,test
T00631170,0,NONE,,,test
T00631171,0,NONE,,,test
T00631172,0,NONE,,,test
T00631173,0,NONE,,,test
T00631174,0,NONE,,,test
T00631175,0,NONE,,,test
T00631176,0,NONE,,,test
T00631177,0,NONE,,,test
T00631178,0,NONE,,,test
T00631179,0,NONE,,,test
T00631180,0,NONE,,,test
T00631181,0,NONE,,,test
T00631182,0,NONE,,,test
T00631183,0,NONE,,,test
T00631184,0,NONE,,,test
T00631185,0,NONE,,,test
T00631186,0,NONE,,,test
T00631187,0,NONE,,,test
T00631188,0,NONE,,,test
T00631189,0,NONE,,,test
T00631190,0,NONE,,,test
T00631191,0,NONE,,,test
T00631192,0,NONE,,,test
T00631193,0,NONE,,,test
T00631194,0,NONE,,,test
T00631195,0,NONE,,,test
T00631196,0,NONE,,,test
T00631197,0,NONE,,,test
T00631198,0,NONE,,,test
T00631199,0,NONE,,,test
T00631200,0,NONE,,,test
T00631201,0,NONE,,,test
T00631202,0,NONE,,,test
T00631203,0,NONE,,,test
T00631204,0,NONE,,,test
T00631205,0,NONE,,,test
T00631206,0,NONE,,,test
T00631207,0,NONE,,,test
T00631208,0,NONE,,,test
T00631209,0,NONE,,,test
T00631210,0,NONE,,,test
T00631211,0,NONE,,,test
T00631212,0,NONE,,,test
T00631213,0,NONE,,,test
T00631214,0,NONE,,,test
T00631215,0,NONE,,,test
T00631216,0,NONE,,,test
T00631217,0,NONE,,,test
T00631218,0,NONE,,,test
T00631219,0,NONE,,,test
T00631220,0,NONE,,,test
T00631221,0,NONE,,,test
T00631222,0,NONE,,,test
T00631223,0,NONE,,,test
T00631224,0,NONE,,,test
T00631225,0,NONE,,,test
T00631226,0,NONE,,,test
T00631227,0,NONE,,,test
T00631228,0,NONE,,,test
T00631229,0,NONE,,,test
T00631230,0,NONE,,,test
T00631231,0,NONE,,,test
T00631232,0,NONE,,,test
T00631233,0,NONE,,,test
T00631234,0,NONE,,,test
T00631235,0,NONE,,,test
T00631236,0,NONE,,,test
T00631237,0,NONE,,,test
T00631238,0,NONE,,,test
T00631239,0,NONE,,,test
T00631240,0,NONE,,,test
T00631241,0,NONE,,,test
T00631242,0,NONE,,,test
T00631243,0,NONE,,,test
T00631244,0,NONE,,,test
T00631245,0,NONE,,,test
T00631246,0,NONE,,,test
T00631247,0,NONE,,,test
T00631248,0,NONE,,,test
T00631249,0,NONE,,,test
T00631250,0,NONE,,,test
T00631251,0,NONE,,,test
T00631252,0,NONE,,,test
T00631253,0,NONE,,,test
T00631254,0,NONE,,,test
T00631255,0,NONE,,,test
T00631256,0,NONE,,,test
T00631257,0,NONE,,,test
T00631258,0,NONE,,,test
T00631259,0,NONE,,,test
T00631260,0,NONE,,,test
T00631261,0,NONE,,,test
T00631262,0,NONE,,,test
T00631263,0,NONE,,,test
T00631264,0,NONE,,,test
T00631265,0,NONE,,,test
T00631266,0,NONE,,,test
T00631267,0,NONE,,,test
T00631268,0,NONE,,,test
T00631269,0,NONE,,,test
T00631270,0,NONE,,,test
T00631271,0,NONE,,,test
T00631272,0,NONE,,,test
T00631273,0,NONE,,,test
T00631274,0,NONE,,,test
T00631275,0,NONE,,,test
T00631276,0,NONE,,,test
T00631277,0,NONE,,,test
T00631278,0,NONE,,,test
T00631279,0,NONE,,,test
T00631280,0,NONE,,,test
T00631281,1,S2,S2-0037,victim_payment,test
T00631282,0,NONE,,,test
T00631283,0,NONE,,,test
T00631284,0,NONE,,,test
T00631285,0,NONE,,,test
T00631286,0,NONE,,,test
T00631287,0,NONE,,,test
T00631288,0,NONE,,,test
T00631289,0,NONE,,,test
T00631290,0,NONE,,,test
T00631291,0,NONE,,,test
T00631292,0,NONE,,,test
T00631293,0,NONE,,,test
T00631294,0,NONE,,,test
T00631295,0,NONE,,,test
T00631296,0,NONE,,,test
T00631297,0,NONE,,,test
T00631298,0,NONE,,,test
T00631299,0,NONE,,,test
T00631300,0,NONE,,,test
T00631301,0,NONE,,,test
T00631302,0,NONE,,,test
T00631303,0,NONE,,,test
T00631304,0,NONE,,,test
T00631305,0,NONE,,,test
T00631306,0,NONE,,,test
T00631307,0,NONE,,,test
T00631308,0,NONE,,,test
T00631309,0,NONE,,,test
T00631310,0,NONE,,,test
T00631311,0,NONE,,,test
T00631312,0,NONE,,,test
T00631313,0,NONE,,,test
T00631314,0,NONE,,,test
T00631315,0,NONE,,,test
T00631316,0,NONE,,,test
T00631317,0,NONE,,,test
T00631318,0,NONE,,,test
T00631319,0,NONE,,,test
T00631320,0,NONE,,,test
T00631321,0,NONE,,,test
T00631322,0,NONE,,,test
T00631323,0,NONE,,,test
T00631324,0,NONE,,,test
T00631325,0,NONE,,,test
T00631326,0,NONE,,,test
T00631327,0,NONE,,,test
T00631328,0,NONE,,,test
T00631329,0,NONE,,,test
T00631330,0,NONE,,,test
T00631331,0,NONE,,,test
T00631332,0,NONE,,,test
T00631333,0,NONE,,,test
T00631334,0,NONE,,,test
T00631335,0,NONE,,,test
T00631336,0,NONE,,,test
T00631337,0,NONE,,,test
T00631338,0,NONE,,,test
T00631339,0,NONE,,,test
T00631340,0,NONE,,,test
T00631341,0,NONE,,,test
T00631342,0,NONE,,,test
T00631343,0,NONE,,,test
T00631344,0,NONE,,,test
T00631345,0,NONE,,,test
T00631346,0,NONE,,,test
T00631347,0,NONE,,,test
T00631348,0,NONE,,,test
T00631349,0,NONE,,,test
T00631350,0,NONE,,,test
T00631351,0,NONE,,,test
T00631352,0,NONE,,,test
T00631353,0,NONE,,,test
T00631354,0,NONE,,,test
T00631355,0,NONE,,,test
T00631356,0,NONE,,,test
T00631357,0,NONE,,,test
T00631358,0,NONE,,,test
T00631359,0,NONE,,,test
T00631360,0,NONE,,,test
T00631361,0,NONE,,,test
T00631362,0,NONE,,,test
T00631363,0,NONE,,,test
T00631364,0,NONE,,,test
T00631365,0,NONE,,,test
T00631366,0,NONE,,,test
T00631367,0,NONE,,,test
T00631368,0,NONE,,,test
T00631369,0,NONE,,,test
T00631370,0,NONE,,,test
T00631371,0,NONE,,,test
T00631372,0,NONE,,,test
T00631373,0,NONE,,,test
T00631374,0,NONE,,,test
T00631375,0,NONE,,,test
T00631376,0,NONE,,,test
T00631377,0,NONE,,,test
T00631378,0,NONE,,,test
T00631379,0,NONE,,,test
T00631380,0,NONE,,,test
T00631381,0,NONE,,,test
T00631382,0,NONE,,,test
T00631383,0,NONE,,,test
T00631384,0,NONE,,,test
T00631385,0,NONE,,,test
T00631386,0,NONE,,,test
T00631387,0,NONE,,,test
T00631388,0,NONE,,,test
T00631389,0,NONE,,,test
T00631390,0,NONE,,,test
T00631391,0,NONE,,,test
T00631392,0,NONE,,,test
T00631393,0,NONE,,,test
T00631394,0,NONE,,,test
T00631395,0,NONE,,,test
T00631396,0,NONE,,,test
T00631397,0,NONE,,,test
T00631398,0,NONE,,,test
T00631399,0,NONE,,,test
T00631400,0,NONE,,,test
T00631401,0,NONE,,,test
T00631402,0,NONE,,,test
T00631403,0,NONE,,,test
T00631404,0,NONE,,,test
T00631405,0,NONE,,,test
T00631406,0,NONE,,,test
T00631407,0,NONE,,,test
T00631408,0,NONE,,,test
T00631409,0,NONE,,,test
T00631410,0,NONE,,,test
T00631411,0,NONE,,,test
T00631412,0,NONE,,,test
T00631413,0,NONE,,,test
T00631414,0,NONE,,,test
T00631415,0,NONE,,,test
T00631416,0,NONE,,,test
T00631417,0,NONE,,,test
T00631418,0,NONE,,,test
T00631419,0,NONE,,,test
T00631420,0,NONE,,,test
T00631421,0,NONE,,,test
T00631422,0,NONE,,,test
T00631423,0,NONE,,,test
T00631424,0,NONE,,,test
T00631425,0,NONE,,,test
T00631426,0,NONE,,,test
T00631427,0,NONE,,,test
T00631428,0,NONE,,,test
T00631429,0,NONE,,,test
T00631430,0,NONE,,,test
T00631431,0,NONE,,,test
T00631432,0,NONE,,,test
T00631433,0,NONE,,,test
T00631434,0,NONE,,,test
T00631435,0,NONE,,,test
T00631436,0,NONE,,,test
T00631437,0,NONE,,,test
T00631438,0,NONE,,,test
T00631439,0,NONE,,,test
T00631440,0,NONE,,,test
T00631441,0,NONE,,,test
T00631442,0,NONE,,,test
T00631443,0,NONE,,,test
T00631444,0,NONE,,,test
T00631445,0,NONE,,,test
T00631446,0,NONE,,,test
T00631447,0,NONE,,,test
T00631448,0,NONE,,,test
T00631449,0,NONE,,,test
T00631450,0,NONE,,,test
T00631451,0,NONE,,,test
T00631452,0,NONE,,,test
T00631453,0,NONE,,,test
T00631454,0,NONE,,,test
T00631455,0,NONE,,,test
T00631456,0,NONE,,,test
T00631457,0,NONE,,,test
T00631458,0,NONE,,,test
T00631459,0,NONE,,,test
T00631460,0,NONE,,,test
T00631461,0,NONE,,,test
T00631462,0,NONE,,,test
T00631463,0,NONE,,,test
T00631464,0,NONE,,,test
T00631465,0,NONE,,,test
T00631466,0,NONE,,,test
T00631467,0,NONE,,,test
T00631468,0,NONE,,,test
T00631469,0,NONE,,,test
T00631470,0,NONE,,,test
T00631471,0,NONE,,,test
T00631472,0,NONE,,,test
T00631473,0,NONE,,,test
T00631474,0,NONE,,,test
T00631475,0,NONE,,,test
T00631476,0,NONE,,,test
T00631477,0,NONE,,,test
T00631478,0,NONE,,,test
T00631479,0,NONE,,,test
T00631480,0,NONE,,,test
T00631481,0,NONE,,,test
T00631482,0,NONE,,,test
T00631483,0,NONE,,,test
T00631484,0,NONE,,,test
T00631485,0,NONE,,,test
T00631486,0,NONE,,,test
T00631487,0,NONE,,,test
T00631488,0,NONE,,,test
T00631489,0,NONE,,,test
T00631490,0,NONE,,,test
T00631491,0,NONE,,,test
T00631492,0,NONE,,,test
T00631493,0,NONE,,,test
T00631494,0,NONE,,,test
T00631495,0,NONE,,,test
T00631496,0,NONE,,,test
T00631497,0,NONE,,,test
T00631498,0,NONE,,,test
T00631499,0,NONE,,,test
T00631500,0,NONE,,,test
T00631501,0,NONE,,,test
T00631502,0,NONE,,,test
T00631503,0,NONE,,,test
T00631504,0,NONE,,,test
T00631505,0,NONE,,,test
T00631506,0,NONE,,,test
T00631507,0,NONE,,,test
T00631508,0,NONE,,,test
T00631509,0,NONE,,,test
T00631510,0,NONE,,,test
T00631511,0,NONE,,,test
T00631512,0,NONE,,,test
T00631513,0,NONE,,,test
T00631514,0,NONE,,,test
T00631515,0,NONE,,,test
T00631516,0,NONE,,,test
T00631517,0,NONE,,,test
T00631518,0,NONE,,,test
T00631519,0,NONE,,,test
T00631520,0,NONE,,,test
T00631521,0,NONE,,,test
T00631522,0,NONE,,,test
T00631523,0,NONE,,,test
T00631524,0,NONE,,,test
T00631525,0,NONE,,,test
T00631526,0,NONE,,,test
T00631527,0,NONE,,,test
T00631528,0,NONE,,,test
T00631529,0,NONE,,,test
T00631530,0,NONE,,,test
T00631531,0,NONE,,,test
T00631532,0,NONE,,,test
T00631533,0,NONE,,,test
T00631534,0,NONE,,,test
T00631535,0,NONE,,,test
T00631536,0,NONE,,,test
T00631537,0,NONE,,,test
T00631538,0,NONE,,,test
T00631539,0,NONE,,,test
T00631540,0,NONE,,,test
T00631541,0,NONE,,,test
T00631542,0,NONE,,,test
T00631543,0,NONE,,,test
T00631544,0,NONE,,,test
T00631545,0,NONE,,,test
T00631546,0,NONE,,,test
T00631547,0,NONE,,,test
T00631548,0,NONE,,,test
T00631549,0,NONE,,,test
T00631550,0,NONE,,,test
T00631551,0,NONE,,,test
T00631552,0,NONE,,,test
T00631553,0,NONE,,,test
T00631554,0,NONE,,,test
T00631555,0,NONE,,,test
T00631556,0,NONE,,,test
T00631557,0,NONE,,,test
T00631558,0,NONE,,,test
T00631559,0,NONE,,,test
T00631560,0,NONE,,,test
T00631561,0,NONE,,,test
T00631562,0,NONE,,,test
T00631563,0,NONE,,,test
T00631564,0,NONE,,,test
T00631565,0,NONE,,,test
T00631566,0,NONE,,,test
T00631567,0,NONE,,,test
T00631568,0,NONE,,,test
T00631569,0,NONE,,,test
T00631570,0,NONE,,,test
T00631571,0,NONE,,,test
T00631572,0,NONE,,,test
T00631573,0,NONE,,,test
T00631574,0,NONE,,,test
T00631575,0,NONE,,,test
T00631576,0,NONE,,,test
T00631577,0,NONE,,,test
T00631578,0,NONE,,,test
T00631579,0,NONE,,,test
T00631580,0,NONE,,,test
T00631581,0,NONE,,,test
T00631582,0,NONE,,,test
T00631583,0,NONE,,,test
T00631584,0,NONE,,,test
T00631585,0,NONE,,,test
T00631586,0,NONE,,,test
T00631587,0,NONE,,,test
T00631588,0,NONE,,,test
T00631589,0,NONE,,,test
T00631590,0,NONE,,,test
T00631591,0,NONE,,,test
T00631592,0,NONE,,,test
T00631593,0,NONE,,,test
T00631594,0,NONE,,,test
T00631595,0,NONE,,,test
T00631596,0,NONE,,,test
T00631597,0,NONE,,,test
T00631598,0,NONE,,,test
T00631599,0,NONE,,,test
T00631600,0,NONE,,,test
T00631601,0,NONE,,,test
T00631602,0,NONE,,,test
T00631603,0,NONE,,,test
T00631604,0,NONE,,,test
T00631605,0,NONE,,,test
T00631606,0,NONE,,,test
T00631607,0,NONE,,,test
T00631608,0,NONE,,,test
T00631609,0,NONE,,,test
T00631610,0,NONE,,,test
T00631611,0,NONE,,,test
T00631612,0,NONE,,,test
T00631613,0,NONE,,,test
T00631614,0,NONE,,,test
T00631615,0,NONE,,,test
T00631616,0,NONE,,,test
T00631617,0,NONE,,,test
T00631618,0,NONE,,,test
T00631619,0,NONE,,,test
T00631620,0,NONE,,,test
T00631621,0,NONE,,,test
T00631622,0,NONE,,,test
T00631623,0,NONE,,,test
T00631624,0,NONE,,,test
T00631625,0,NONE,,,test
T00631626,0,NONE,,,test
T00631627,0,NONE,,,test
T00631628,0,NONE,,,test
T00631629,0,NONE,,,test
T00631630,0,NONE,,,test
T00631631,0,NONE,,,test
T00631632,0,NONE,,,test
T00631633,0,NONE,,,test
T00631634,0,NONE,,,test
T00631635,0,NONE,,,test
T00631636,0,NONE,,,test
T00631637,0,NONE,,,test
T00631638,0,NONE,,,test
T00631639,0,NONE,,,test
T00631640,0,NONE,,,test
T00631641,0,NONE,,,test
T00631642,0,NONE,,,test
T00631643,0,NONE,,,test
T00631644,0,NONE,,,test
T00631645,0,NONE,,,test
T00631646,0,NONE,,,test
T00631647,0,NONE,,,test
T00631648,0,NONE,,,test
T00631649,0,NONE,,,test
T00631650,0,NONE,,,test
T00631651,0,NONE,,,test
T00631652,0,NONE,,,test
T00631653,0,NONE,,,test
T00631654,0,NONE,,,test
T00631655,0,NONE,,,test
T00631656,0,NONE,,,test
T00631657,0,NONE,,,test
T00631658,0,NONE,,,test
T00631659,0,NONE,,,test
T00631660,0,NONE,,,test
T00631661,0,NONE,,,test
T00631662,0,NONE,,,test
T00631663,0,NONE,,,test
T00631664,0,NONE,,,test
T00631665,0,NONE,,,test
T00631666,0,NONE,,,test
T00631667,0,NONE,,,test
T00631668,0,NONE,,,test
T00631669,0,NONE,,,test
T00631670,0,NONE,,,test
T00631671,0,NONE,,,test
T00631672,0,NONE,,,test
T00631673,0,NONE,,,test
T00631674,0,NONE,,,test
T00631675,0,NONE,,,test
T00631676,0,NONE,,,test
T00631677,0,NONE,,,test
T00631678,0,NONE,,,test
T00631679,0,NONE,,,test
T00631680,0,NONE,,,test
T00631681,0,NONE,,,test
T00631682,0,NONE,,,test
T00631683,0,NONE,,,test
T00631684,0,NONE,,,test
T00631685,0,NONE,,,test
T00631686,0,NONE,,,test
T00631687,0,NONE,,,test
T00631688,0,NONE,,,test
T00631689,0,NONE,,,test
T00631690,0,NONE,,,test
T00631691,0,NONE,,,test
T00631692,0,NONE,,,test
T00631693,0,NONE,,,test
T00631694,0,NONE,,,test
T00631695,0,NONE,,,test
T00631696,0,NONE,,,test
T00631697,0,NONE,,,test
T00631698,1,S2,S2-0037,victim_payment,test
T00631699,0,NONE,,,test
T00631700,0,NONE,,,test
T00631701,0,NONE,,,test
T00631702,0,NONE,,,test
T00631703,0,NONE,,,test
T00631704,0,NONE,,,test
T00631705,0,NONE,,,test
T00631706,0,NONE,,,test
T00631707,0,NONE,,,test
T00631708,0,NONE,,,test
T00631709,0,NONE,,,test
T00631710,0,NONE,,,test
T00631711,0,NONE,,,test
T00631712,0,NONE,,,test
T00631713,0,NONE,,,test
T00631714,0,NONE,,,test
T00631715,0,NONE,,,test
T00631716,0,NONE,,,test
T00631717,0,NONE,,,test
T00631718,0,NONE,,,test
T00631719,0,NONE,,,test
T00631720,0,NONE,,,test
T00631721,0,NONE,,,test
T00631722,0,NONE,,,test
T00631723,0,NONE,,,test
T00631724,0,NONE,,,test
T00631725,0,NONE,,,test
T00631726,0,NONE,,,test
T00631727,0,NONE,,,test
T00631728,0,NONE,,,test
T00631729,0,NONE,,,test
T00631730,0,NONE,,,test
T00631731,0,NONE,,,test
T00631732,0,NONE,,,test
T00631733,0,NONE,,,test
T00631734,0,NONE,,,test
T00631735,1,S5,S5-0034,buyer_payment,test
T00631736,0,NONE,,,test
T00631737,0,NONE,,,test
T00631738,0,NONE,,,test
T00631739,0,NONE,,,test
T00631740,0,NONE,,,test
T00631741,0,NONE,,,test
T00631742,0,NONE,,,test
T00631743,0,NONE,,,test
T00631744,0,NONE,,,test
T00631745,1,S2,S2-0037,victim_payment,test
T00631746,0,NONE,,,test
T00631747,0,NONE,,,test
T00631748,0,NONE,,,test
T00631749,0,NONE,,,test
T00631750,0,NONE,,,test
T00631751,0,NONE,,,test
T00631752,0,NONE,,,test
T00631753,0,NONE,,,test
T00631754,0,NONE,,,test
T00631755,0,NONE,,,test
T00631756,0,NONE,,,test
T00631757,0,NONE,,,test
T00631758,0,NONE,,,test
T00631759,0,NONE,,,test
T00631760,0,NONE,,,test
T00631761,0,NONE,,,test
T00631762,0,NONE,,,test
T00631763,0,NONE,,,test
T00631764,0,NONE,,,test
T00631765,1,S2,S2-0037,victim_payment,test
T00631766,0,NONE,,,test
T00631767,0,NONE,,,test
T00631768,0,NONE,,,test
T00631769,0,NONE,,,test
T00631770,0,NONE,,,test
T00631771,0,NONE,,,test
T00631772,0,NONE,,,test
T00631773,0,NONE,,,test
T00631774,0,NONE,,,test
T00631775,0,NONE,,,test
T00631776,0,NONE,,,test
T00631777,0,NONE,,,test
T00631778,0,NONE,,,test
T00631779,0,NONE,,,test
T00631780,0,NONE,,,test
T00631781,0,NONE,,,test
T00631782,0,NONE,,,test
T00631783,0,NONE,,,test
T00631784,0,NONE,,,test
T00631785,0,NONE,,,test
T00631786,0,NONE,,,test
T00631787,0,NONE,,,test
T00631788,0,NONE,,,test
T00631789,0,NONE,,,test
T00631790,0,NONE,,,test
T00631791,0,NONE,,,test
T00631792,0,NONE,,,test
T00631793,0,NONE,,,test
T00631794,0,NONE,,,test
T00631795,0,NONE,,,test
T00631796,0,NONE,,,test
T00631797,0,NONE,,,test
T00631798,0,NONE,,,test
T00631799,0,NONE,,,test
T00631800,0,NONE,,,test
T00631801,1,S2,S2-0037,victim_payment,test
T00631802,0,NONE,,,test
T00631803,0,NONE,,,test
T00631804,0,NONE,,,test
T00631805,0,NONE,,,test
T00631806,0,NONE,,,test
T00631807,0,NONE,,,test
T00631808,0,NONE,,,test
T00631809,0,NONE,,,test
T00631810,0,NONE,,,test
T00631811,0,NONE,,,test
T00631812,0,NONE,,,test
T00631813,0,NONE,,,test
T00631814,0,NONE,,,test
T00631815,0,NONE,,,test
T00631816,0,NONE,,,test
T00631817,0,NONE,,,test
T00631818,0,NONE,,,test
T00631819,0,NONE,,,test
T00631820,0,NONE,,,test
T00631821,0,NONE,,,test
T00631822,0,NONE,,,test
T00631823,0,NONE,,,test
T00631824,0,NONE,,,test
T00631825,0,NONE,,,test
T00631826,0,NONE,,,test
T00631827,0,NONE,,,test
T00631828,0,NONE,,,test
T00631829,0,NONE,,,test
T00631830,0,NONE,,,test
T00631831,0,NONE,,,test
T00631832,0,NONE,,,test
T00631833,0,NONE,,,test
T00631834,0,NONE,,,test
T00631835,0,NONE,,,test
T00631836,0,NONE,,,test
T00631837,0,NONE,,,test
T00631838,0,NONE,,,test
T00631839,0,NONE,,,test
T00631840,0,NONE,,,test
T00631841,0,NONE,,,test
T00631842,0,NONE,,,test
T00631843,0,NONE,,,test
T00631844,0,NONE,,,test
T00631845,0,NONE,,,test
T00631846,0,NONE,,,test
T00631847,0,NONE,,,test
T00631848,0,NONE,,,test
T00631849,0,NONE,,,test
T00631850,0,NONE,,,test
T00631851,0,NONE,,,test
T00631852,0,NONE,,,test
T00631853,0,NONE,,,test
T00631854,0,NONE,,,test
T00631855,0,NONE,,,test
T00631856,0,NONE,,,test
T00631857,0,NONE,,,test
T00631858,0,NONE,,,test
T00631859,0,NONE,,,test
T00631860,0,NONE,,,test
T00631861,0,NONE,,,test
T00631862,0,NONE,,,test
T00631863,0,NONE,,,test
T00631864,0,NONE,,,test
T00631865,0,NONE,,,test
T00631866,0,NONE,,,test
T00631867,0,NONE,,,test
T00631868,0,NONE,,,test
T00631869,0,NONE,,,test
T00631870,0,NONE,,,test
T00631871,0,NONE,,,test
T00631872,0,NONE,,,test
T00631873,0,NONE,,,test
T00631874,0,NONE,,,test
T00631875,0,NONE,,,test
T00631876,0,NONE,,,test
T00631877,0,NONE,,,test
T00631878,0,NONE,,,test
T00631879,0,NONE,,,test
T00631880,0,NONE,,,test
T00631881,0,NONE,,,test
T00631882,0,NONE,,,test
T00631883,0,NONE,,,test
T00631884,0,NONE,,,test
T00631885,0,NONE,,,test
T00631886,0,NONE,,,test
T00631887,1,S2,S2-0037,victim_payment,test
T00631888,0,NONE,,,test
T00631889,0,NONE,,,test
T00631890,0,NONE,,,test
T00631891,0,NONE,,,test
T00631892,0,NONE,,,test
T00631893,0,NONE,,,test
T00631894,0,NONE,,,test
T00631895,0,NONE,,,test
T00631896,0,NONE,,,test
T00631897,0,NONE,,,test
T00631898,0,NONE,,,test
T00631899,0,NONE,,,test
T00631900,0,NONE,,,test
T00631901,0,NONE,,,test
T00631902,0,NONE,,,test
T00631903,0,NONE,,,test
T00631904,0,NONE,,,test
T00631905,0,NONE,,,test
T00631906,0,NONE,,,test
T00631907,0,NONE,,,test
T00631908,0,NONE,,,test
T00631909,0,NONE,,,test
T00631910,0,NONE,,,test
T00631911,0,NONE,,,test
T00631912,0,NONE,,,test
T00631913,0,NONE,,,test
T00631914,0,NONE,,,test
T00631915,0,NONE,,,test
T00631916,0,NONE,,,test
T00631917,0,NONE,,,test
T00631918,0,NONE,,,test
T00631919,1,S2,S2-0037,victim_payment,test
T00631920,0,NONE,,,test
T00631921,0,NONE,,,test
T00631922,0,NONE,,,test
T00631923,0,NONE,,,test
T00631924,1,S2,S2-0037,victim_payment,test
T00631925,0,NONE,,,test
T00631926,0,NONE,,,test
T00631927,0,NONE,,,test
T00631928,0,NONE,,,test
T00631929,0,NONE,,,test
T00631930,0,NONE,,,test
T00631931,0,NONE,,,test
T00631932,0,NONE,,,test
T00631933,0,NONE,,,test
T00631934,0,NONE,,,test
T00631935,0,NONE,,,test
T00631936,0,NONE,,,test
T00631937,0,NONE,,,test
T00631938,0,NONE,,,test
T00631939,0,NONE,,,test
T00631940,0,NONE,,,test
T00631941,0,NONE,,,test
T00631942,0,NONE,,,test
T00631943,0,NONE,,,test
T00631944,0,NONE,,,test
T00631945,0,NONE,,,test
T00631946,0,NONE,,,test
T00631947,1,S2,S2-0037,victim_payment,test
T00631948,0,NONE,,,test
T00631949,0,NONE,,,test
T00631950,0,NONE,,,test
T00631951,0,NONE,,,test
T00631952,0,NONE,,,test
T00631953,0,NONE,,,test
T00631954,0,NONE,,,test
T00631955,0,NONE,,,test
T00631956,0,NONE,,,test
T00631957,0,NONE,,,test
T00631958,0,NONE,,,test
T00631959,0,NONE,,,test
T00631960,0,NONE,,,test
T00631961,0,NONE,,,test
T00631962,0,NONE,,,test
T00631963,0,NONE,,,test
T00631964,0,NONE,,,test
T00631965,0,NONE,,,test
T00631966,0,NONE,,,test
T00631967,0,NONE,,,test
T00631968,0,NONE,,,test
T00631969,0,NONE,,,test
T00631970,0,NONE,,,test
T00631971,0,NONE,,,test
T00631972,0,NONE,,,test
T00631973,0,NONE,,,test
T00631974,0,NONE,,,test
T00631975,0,NONE,,,test
T00631976,0,NONE,,,test
T00631977,0,NONE,,,test
T00631978,0,NONE,,,test
T00631979,0,NONE,,,test
T00631980,0,NONE,,,test
T00631981,0,NONE,,,test
T00631982,0,NONE,,,test
T00631983,0,NONE,,,test
T00631984,0,NONE,,,test
T00631985,0,NONE,,,test
T00631986,0,NONE,,,test
T00631987,0,NONE,,,test
T00631988,0,NONE,,,test
T00631989,0,NONE,,,test
T00631990,0,NONE,,,test
T00631991,0,NONE,,,test
T00631992,0,NONE,,,test
T00631993,0,NONE,,,test
T00631994,0,NONE,,,test
T00631995,0,NONE,,,test
T00631996,0,NONE,,,test
T00631997,0,NONE,,,test
T00631998,0,NONE,,,test
T00631999,0,NONE,,,test
T00632000,0,NONE,,,test
T00632001,0,NONE,,,test
T00632002,0,NONE,,,test
T00632003,0,NONE,,,test
T00632004,0,NONE,,,test
T00632005,0,NONE,,,test
T00632006,0,NONE,,,test
T00632007,0,NONE,,,test
T00632008,0,NONE,,,test
T00632009,0,NONE,,,test
T00632010,0,NONE,,,test
T00632011,0,NONE,,,test
T00632012,0,NONE,,,test
T00632013,0,NONE,,,test
T00632014,0,NONE,,,test
T00632015,0,NONE,,,test
T00632016,0,NONE,,,test
T00632017,0,NONE,,,test
T00632018,0,NONE,,,test
T00632019,0,NONE,,,test
T00632020,0,NONE,,,test
T00632021,0,NONE,,,test
T00632022,0,NONE,,,test
T00632023,0,NONE,,,test
T00632024,0,NONE,,,test
T00632025,0,NONE,,,test
T00632026,0,NONE,,,test
T00632027,0,NONE,,,test
T00632028,0,NONE,,,test
T00632029,0,NONE,,,test
T00632030,0,NONE,,,test
T00632031,0,NONE,,,test
T00632032,0,NONE,,,test
T00632033,0,NONE,,,test
T00632034,0,NONE,,,test
T00632035,0,NONE,,,test
T00632036,0,NONE,,,test
T00632037,0,NONE,,,test
T00632038,0,NONE,,,test
T00632039,0,NONE,,,test
T00632040,0,NONE,,,test
T00632041,0,NONE,,,test
T00632042,0,NONE,,,test
T00632043,0,NONE,,,test
T00632044,0,NONE,,,test
T00632045,0,NONE,,,test
T00632046,0,NONE,,,test
T00632047,0,NONE,,,test
T00632048,0,NONE,,,test
T00632049,0,NONE,,,test
T00632050,0,NONE,,,test
T00632051,0,NONE,,,test
T00632052,0,NONE,,,test
T00632053,0,NONE,,,test
T00632054,0,NONE,,,test
T00632055,0,NONE,,,test
T00632056,0,NONE,,,test
T00632057,0,NONE,,,test
T00632058,0,NONE,,,test
T00632059,0,NONE,,,test
T00632060,0,NONE,,,test
T00632061,0,NONE,,,test
T00632062,0,NONE,,,test
T00632063,0,NONE,,,test
T00632064,0,NONE,,,test
T00632065,0,NONE,,,test
T00632066,0,NONE,,,test
T00632067,0,NONE,,,test
T00632068,0,NONE,,,test
T00632069,0,NONE,,,test
T00632070,0,NONE,,,test
T00632071,0,NONE,,,test
T00632072,0,NONE,,,test
T00632073,0,NONE,,,test
T00632074,0,NONE,,,test
T00632075,0,NONE,,,test
T00632076,0,NONE,,,test
T00632077,0,NONE,,,test
T00632078,0,NONE,,,test
T00632079,0,NONE,,,test
T00632080,0,NONE,,,test
T00632081,0,NONE,,,test
T00632082,0,NONE,,,test
T00632083,0,NONE,,,test
T00632084,0,NONE,,,test
T00632085,0,NONE,,,test
T00632086,0,NONE,,,test
T00632087,0,NONE,,,test
T00632088,0,NONE,,,test
T00632089,0,NONE,,,test
T00632090,0,NONE,,,test
T00632091,0,NONE,,,test
T00632092,0,NONE,,,test
T00632093,0,NONE,,,test
T00632094,0,NONE,,,test
T00632095,0,NONE,,,test
T00632096,0,NONE,,,test
T00632097,0,NONE,,,test
T00632098,0,NONE,,,test
T00632099,0,NONE,,,test
T00632100,0,NONE,,,test
T00632101,0,NONE,,,test
T00632102,0,NONE,,,test
T00632103,0,NONE,,,test
T00632104,0,NONE,,,test
T00632105,0,NONE,,,test
T00632106,0,NONE,,,test
T00632107,0,NONE,,,test
T00632108,0,NONE,,,test
T00632109,0,NONE,,,test
T00632110,0,NONE,,,test
T00632111,0,NONE,,,test
T00632112,1,S2,S2-0037,victim_payment,test
T00632113,0,NONE,,,test
T00632114,0,NONE,,,test
T00632115,0,NONE,,,test
T00632116,0,NONE,,,test
T00632117,0,NONE,,,test
T00632118,0,NONE,,,test
T00632119,0,NONE,,,test
T00632120,0,NONE,,,test
T00632121,0,NONE,,,test
T00632122,0,NONE,,,test
T00632123,0,NONE,,,test
T00632124,0,NONE,,,test
T00632125,0,NONE,,,test
T00632126,0,NONE,,,test
T00632127,0,NONE,,,test
T00632128,0,NONE,,,test
T00632129,0,NONE,,,test
T00632130,0,NONE,,,test
T00632131,0,NONE,,,test
T00632132,0,NONE,,,test
T00632133,0,NONE,,,test
T00632134,0,NONE,,,test
T00632135,0,NONE,,,test
T00632136,0,NONE,,,test
T00632137,1,S7,S7-0150,coerced_send,test
T00632138,0,NONE,,,test
T00632139,0,NONE,,,test
T00632140,0,NONE,,,test
T00632141,0,NONE,,,test
T00632142,0,NONE,,,test
T00632143,0,NONE,,,test
T00632144,0,NONE,,,test
T00632145,0,NONE,,,test
T00632146,0,NONE,,,test
T00632147,0,NONE,,,test
T00632148,0,NONE,,,test
T00632149,0,NONE,,,test
T00632150,0,NONE,,,test
T00632151,0,NONE,,,test
T00632152,0,NONE,,,test
T00632153,0,NONE,,,test
T00632154,1,S3,S3-0057,mule_hop,test
T00632155,0,NONE,,,test
T00632156,0,NONE,,,test
T00632157,0,NONE,,,test
T00632158,0,NONE,,,test
T00632159,0,NONE,,,test
T00632160,0,NONE,,,test
T00632161,0,NONE,,,test
T00632162,0,NONE,,,test
T00632163,0,NONE,,,test
T00632164,0,NONE,,,test
T00632165,0,NONE,,,test
T00632166,0,NONE,,,test
T00632167,0,NONE,,,test
T00632168,0,NONE,,,test
T00632169,0,NONE,,,test
T00632170,0,NONE,,,test
T00632171,0,NONE,,,test
T00632172,0,NONE,,,test
T00632173,0,NONE,,,test
T00632174,0,NONE,,,test
T00632175,0,NONE,,,test
T00632176,0,NONE,,,test
T00632177,0,NONE,,,test
T00632178,0,NONE,,,test
T00632179,0,NONE,,,test
T00632180,0,NONE,,,test
T00632181,0,NONE,,,test
T00632182,0,NONE,,,test
T00632183,0,NONE,,,test
T00632184,0,NONE,,,test
T00632185,0,NONE,,,test
T00632186,0,NONE,,,test
T00632187,0,NONE,,,test
T00632188,0,NONE,,,test
T00632189,0,NONE,,,test
T00632190,0,NONE,,,test
T00632191,0,NONE,,,test
T00632192,0,NONE,,,test
T00632193,0,NONE,,,test
T00632194,0,NONE,,,test
T00632195,0,NONE,,,test
T00632196,0,NONE,,,test
T00632197,0,NONE,,,test
T00632198,0,NONE,,,test
T00632199,0,NONE,,,test
T00632200,0,NONE,,,test
T00632201,0,NONE,,,test
T00632202,0,NONE,,,test
T00632203,0,NONE,,,test
T00632204,0,NONE,,,test
T00632205,0,NONE,,,test
T00632206,0,NONE,,,test
T00632207,0,NONE,,,test
T00632208,0,NONE,,,test
T00632209,0,NONE,,,test
T00632210,0,NONE,,,test
T00632211,0,NONE,,,test
T00632212,0,NONE,,,test
T00632213,0,NONE,,,test
T00632214,0,NONE,,,test
T00632215,0,NONE,,,test
T00632216,0,NONE,,,test
T00632217,0,NONE,,,test
T00632218,0,NONE,,,test
T00632219,0,NONE,,,test
T00632220,0,NONE,,,test
T00632221,0,NONE,,,test
T00632222,0,NONE,,,test
T00632223,0,NONE,,,test
T00632224,0,NONE,,,test
T00632225,0,NONE,,,test
T00632226,0,NONE,,,test
T00632227,0,NONE,,,test
T00632228,0,NONE,,,test
T00632229,0,NONE,,,test
T00632230,0,NONE,,,test
T00632231,0,NONE,,,test
T00632232,0,NONE,,,test
T00632233,0,NONE,,,test
T00632234,0,NONE,,,test
T00632235,0,NONE,,,test
T00632236,0,NONE,,,test
T00632237,0,NONE,,,test
T00632238,0,NONE,,,test
T00632239,0,NONE,,,test
T00632240,0,NONE,,,test
T00632241,0,NONE,,,test
T00632242,0,NONE,,,test
T00632243,0,NONE,,,test
T00632244,0,NONE,,,test
T00632245,1,S3,S3-0057,mule_hop,test
T00632246,0,NONE,,,test
T00632247,0,NONE,,,test
T00632248,0,NONE,,,test
T00632249,0,NONE,,,test
T00632250,0,NONE,,,test
T00632251,0,NONE,,,test
T00632252,0,NONE,,,test
T00632253,0,NONE,,,test
T00632254,0,NONE,,,test
T00632255,0,NONE,,,test
T00632256,0,NONE,,,test
T00632257,0,NONE,,,test
T00632258,0,NONE,,,test
T00632259,0,NONE,,,test
T00632260,0,NONE,,,test
T00632261,0,NONE,,,test
T00632262,0,NONE,,,test
T00632263,0,NONE,,,test
T00632264,0,NONE,,,test
T00632265,1,S2,S2-0037,victim_payment,test
T00632266,0,NONE,,,test
T00632267,0,NONE,,,test
T00632268,0,NONE,,,test
T00632269,1,S2,S2-0037,victim_payment,test
T00632270,0,NONE,,,test
T00632271,0,NONE,,,test
T00632272,0,NONE,,,test
T00632273,0,NONE,,,test
T00632274,0,NONE,,,test
T00632275,0,NONE,,,test
T00632276,0,NONE,,,test
T00632277,0,NONE,,,test
T00632278,0,NONE,,,test
T00632279,0,NONE,,,test
T00632280,0,NONE,,,test
T00632281,0,NONE,,,test
T00632282,0,NONE,,,test
T00632283,0,NONE,,,test
T00632284,0,NONE,,,test
T00632285,0,NONE,,,test
T00632286,1,S2,S2-0037,victim_payment,test
T00632287,0,NONE,,,test
T00632288,0,NONE,,,test
T00632289,0,NONE,,,test
T00632290,0,NONE,,,test
T00632291,0,NONE,,,test
T00632292,0,NONE,,,test
T00632293,0,NONE,,,test
T00632294,0,NONE,,,test
T00632295,0,NONE,,,test
T00632296,0,NONE,,,test
T00632297,0,NONE,,,test
T00632298,0,NONE,,,test
T00632299,0,NONE,,,test
T00632300,0,NONE,,,test
T00632301,0,NONE,,,test
T00632302,0,NONE,,,test
T00632303,0,NONE,,,test
T00632304,0,NONE,,,test
T00632305,0,NONE,,,test
T00632306,0,NONE,,,test
T00632307,0,NONE,,,test
T00632308,0,NONE,,,test
T00632309,0,NONE,,,test
T00632310,0,NONE,,,test
T00632311,0,NONE,,,test
T00632312,0,NONE,,,test
T00632313,0,NONE,,,test
T00632314,0,NONE,,,test
T00632315,0,NONE,,,test
T00632316,0,NONE,,,test
T00632317,0,NONE,,,test
T00632318,0,NONE,,,test
T00632319,0,NONE,,,test
T00632320,0,NONE,,,test
T00632321,0,NONE,,,test
T00632322,0,NONE,,,test
T00632323,0,NONE,,,test
T00632324,0,NONE,,,test
T00632325,0,NONE,,,test
T00632326,0,NONE,,,test
T00632327,0,NONE,,,test
T00632328,0,NONE,,,test
T00632329,0,NONE,,,test
T00632330,0,NONE,,,test
T00632331,0,NONE,,,test
T00632332,0,NONE,,,test
T00632333,0,NONE,,,test
T00632334,0,NONE,,,test
T00632335,0,NONE,,,test
T00632336,0,NONE,,,test
T00632337,0,NONE,,,test
T00632338,0,NONE,,,test
T00632339,0,NONE,,,test
T00632340,0,NONE,,,test
T00632341,0,NONE,,,test
T00632342,0,NONE,,,test
T00632343,0,NONE,,,test
T00632344,0,NONE,,,test
T00632345,0,NONE,,,test
T00632346,0,NONE,,,test
T00632347,0,NONE,,,test
T00632348,0,NONE,,,test
T00632349,0,NONE,,,test
T00632350,0,NONE,,,test
T00632351,0,NONE,,,test
T00632352,0,NONE,,,test
T00632353,0,NONE,,,test
T00632354,0,NONE,,,test
T00632355,0,NONE,,,test
T00632356,0,NONE,,,test
T00632357,0,NONE,,,test
T00632358,0,NONE,,,test
T00632359,0,NONE,,,test
T00632360,0,NONE,,,test
T00632361,0,NONE,,,test
T00632362,0,NONE,,,test
T00632363,0,NONE,,,test
T00632364,0,NONE,,,test
T00632365,0,NONE,,,test
T00632366,0,NONE,,,test
T00632367,0,NONE,,,test
T00632368,0,NONE,,,test
T00632369,0,NONE,,,test
T00632370,0,NONE,,,test
T00632371,1,S2,S2-0037,victim_payment,test
T00632372,0,NONE,,,test
T00632373,0,NONE,,,test
T00632374,0,NONE,,,test
T00632375,0,NONE,,,test
T00632376,0,NONE,,,test
T00632377,0,NONE,,,test
T00632378,0,NONE,,,test
T00632379,0,NONE,,,test
T00632380,0,NONE,,,test
T00632381,0,NONE,,,test
T00632382,0,NONE,,,test
T00632383,0,NONE,,,test
T00632384,0,NONE,,,test
T00632385,0,NONE,,,test
T00632386,0,NONE,,,test
T00632387,0,NONE,,,test
T00632388,0,NONE,,,test
T00632389,0,NONE,,,test
T00632390,0,NONE,,,test
T00632391,0,NONE,,,test
T00632392,0,NONE,,,test
T00632393,0,NONE,,,test
T00632394,0,NONE,,,test
T00632395,0,NONE,,,test
T00632396,0,NONE,,,test
T00632397,0,NONE,,,test
T00632398,0,NONE,,,test
T00632399,0,NONE,,,test
T00632400,0,NONE,,,test
T00632401,0,NONE,,,test
T00632402,0,NONE,,,test
T00632403,0,NONE,,,test
T00632404,0,NONE,,,test
T00632405,0,NONE,,,test
T00632406,0,NONE,,,test
T00632407,0,NONE,,,test
T00632408,0,NONE,,,test
T00632409,0,NONE,,,test
T00632410,0,NONE,,,test
T00632411,0,NONE,,,test
T00632412,0,NONE,,,test
T00632413,0,NONE,,,test
T00632414,0,NONE,,,test
T00632415,0,NONE,,,test
T00632416,0,NONE,,,test
T00632417,0,NONE,,,test
T00632418,0,NONE,,,test
T00632419,0,NONE,,,test
T00632420,0,NONE,,,test
T00632421,0,NONE,,,test
T00632422,0,NONE,,,test
T00632423,0,NONE,,,test
T00632424,0,NONE,,,test
T00632425,0,NONE,,,test
T00632426,1,S7,S7-0150,recipient_cashout,test
T00632427,0,NONE,,,test
T00632428,0,NONE,,,test
T00632429,0,NONE,,,test
T00632430,0,NONE,,,test
T00632431,0,NONE,,,test
T00632432,0,NONE,,,test
T00632433,0,NONE,,,test
T00632434,0,NONE,,,test
T00632435,0,NONE,,,test
T00632436,0,NONE,,,test
T00632437,0,NONE,,,test
T00632438,0,NONE,,,test
T00632439,0,NONE,,,test
T00632440,0,NONE,,,test
T00632441,0,NONE,,,test
T00632442,0,NONE,,,test
T00632443,1,S2,S2-0037,victim_payment,test
T00632444,0,NONE,,,test
T00632445,1,S5,S5-0036,buyer_payment,test
T00632446,0,NONE,,,test
T00632447,0,NONE,,,test
T00632448,0,NONE,,,test
T00632449,1,S2,S2-0037,victim_payment,test
T00632450,0,NONE,,,test
T00632451,0,NONE,,,test
T00632452,0,NONE,,,test
T00632453,0,NONE,,,test
T00632454,0,NONE,,,test
T00632455,0,NONE,,,test
T00632456,0,NONE,,,test
T00632457,0,NONE,,,test
T00632458,0,NONE,,,test
T00632459,0,NONE,,,test
T00632460,0,NONE,,,test
T00632461,0,NONE,,,test
T00632462,0,NONE,,,test
T00632463,0,NONE,,,test
T00632464,0,NONE,,,test
T00632465,0,NONE,,,test
T00632466,0,NONE,,,test
T00632467,0,NONE,,,test
T00632468,0,NONE,,,test
T00632469,0,NONE,,,test
T00632470,0,NONE,,,test
T00632471,1,S2,S2-0037,victim_payment,test
T00632472,0,NONE,,,test
T00632473,0,NONE,,,test
T00632474,0,NONE,,,test
T00632475,0,NONE,,,test
T00632476,0,NONE,,,test
T00632477,0,NONE,,,test
T00632478,0,NONE,,,test
T00632479,0,NONE,,,test
T00632480,0,NONE,,,test
T00632481,1,S2,S2-0037,victim_payment,test
T00632482,0,NONE,,,test
T00632483,0,NONE,,,test
T00632484,0,NONE,,,test
T00632485,0,NONE,,,test
T00632486,0,NONE,,,test
T00632487,0,NONE,,,test
T00632488,0,NONE,,,test
T00632489,0,NONE,,,test
T00632490,0,NONE,,,test
T00632491,0,NONE,,,test
T00632492,0,NONE,,,test
T00632493,0,NONE,,,test
T00632494,0,NONE,,,test
T00632495,0,NONE,,,test
T00632496,0,NONE,,,test
T00632497,0,NONE,,,test
T00632498,0,NONE,,,test
T00632499,0,NONE,,,test
T00632500,0,NONE,,,test
T00632501,0,NONE,,,test
T00632502,0,NONE,,,test
T00632503,0,NONE,,,test
T00632504,0,NONE,,,test
T00632505,0,NONE,,,test
T00632506,0,NONE,,,test
T00632507,0,NONE,,,test
T00632508,0,NONE,,,test
T00632509,1,S7,S7-0152,coerced_send,test
T00632510,0,NONE,,,test
T00632511,0,NONE,,,test
T00632512,0,NONE,,,test
T00632513,0,NONE,,,test
T00632514,0,NONE,,,test
T00632515,0,NONE,,,test
T00632516,0,NONE,,,test
T00632517,0,NONE,,,test
T00632518,0,NONE,,,test
T00632519,0,NONE,,,test
T00632520,0,NONE,,,test
T00632521,0,NONE,,,test
T00632522,0,NONE,,,test
T00632523,0,NONE,,,test
T00632524,0,NONE,,,test
T00632525,0,NONE,,,test
T00632526,0,NONE,,,test
T00632527,0,NONE,,,test
T00632528,0,NONE,,,test
T00632529,0,NONE,,,test
T00632530,0,NONE,,,test
T00632531,1,S7,S7-0151,coerced_send,test
T00632532,0,NONE,,,test
T00632533,0,NONE,,,test
T00632534,0,NONE,,,test
T00632535,0,NONE,,,test
T00632536,0,NONE,,,test
T00632537,0,NONE,,,test
T00632538,0,NONE,,,test
T00632539,0,NONE,,,test
T00632540,0,NONE,,,test
T00632541,1,S2,S2-0037,victim_payment,test
T00632542,0,NONE,,,test
T00632543,0,NONE,,,test
T00632544,0,NONE,,,test
T00632545,0,NONE,,,test
T00632546,0,NONE,,,test
T00632547,0,NONE,,,test
T00632548,0,NONE,,,test
T00632549,0,NONE,,,test
T00632550,0,NONE,,,test
T00632551,0,NONE,,,test
T00632552,0,NONE,,,test
T00632553,0,NONE,,,test
T00632554,0,NONE,,,test
T00632555,0,NONE,,,test
T00632556,0,NONE,,,test
T00632557,0,NONE,,,test
T00632558,0,NONE,,,test
T00632559,0,NONE,,,test
T00632560,0,NONE,,,test
T00632561,0,NONE,,,test
T00632562,0,NONE,,,test
T00632563,0,NONE,,,test
T00632564,0,NONE,,,test
T00632565,0,NONE,,,test
T00632566,0,NONE,,,test
T00632567,0,NONE,,,test
T00632568,0,NONE,,,test
T00632569,0,NONE,,,test
T00632570,0,NONE,,,test
T00632571,0,NONE,,,test
T00632572,0,NONE,,,test
T00632573,0,NONE,,,test
T00632574,0,NONE,,,test
T00632575,0,NONE,,,test
T00632576,0,NONE,,,test
T00632577,0,NONE,,,test
T00632578,0,NONE,,,test
T00632579,0,NONE,,,test
T00632580,0,NONE,,,test
T00632581,1,S7,S7-0152,recipient_cashout,test
T00632582,0,NONE,,,test
T00632583,0,NONE,,,test
T00632584,0,NONE,,,test
T00632585,0,NONE,,,test
T00632586,0,NONE,,,test
T00632587,0,NONE,,,test
T00632588,0,NONE,,,test
T00632589,0,NONE,,,test
T00632590,0,NONE,,,test
T00632591,0,NONE,,,test
T00632592,0,NONE,,,test
T00632593,0,NONE,,,test
T00632594,0,NONE,,,test
T00632595,0,NONE,,,test
T00632596,0,NONE,,,test
T00632597,0,NONE,,,test
T00632598,0,NONE,,,test
T00632599,0,NONE,,,test
T00632600,0,NONE,,,test
T00632601,0,NONE,,,test
T00632602,0,NONE,,,test
T00632603,0,NONE,,,test
T00632604,0,NONE,,,test
T00632605,0,NONE,,,test
T00632606,0,NONE,,,test
T00632607,0,NONE,,,test
T00632608,0,NONE,,,test
T00632609,0,NONE,,,test
T00632610,0,NONE,,,test
T00632611,0,NONE,,,test
T00632612,0,NONE,,,test
T00632613,0,NONE,,,test
T00632614,0,NONE,,,test
T00632615,0,NONE,,,test
T00632616,0,NONE,,,test
T00632617,0,NONE,,,test
T00632618,0,NONE,,,test
T00632619,0,NONE,,,test
T00632620,0,NONE,,,test
T00632621,0,NONE,,,test
T00632622,0,NONE,,,test
T00632623,0,NONE,,,test
T00632624,0,NONE,,,test
T00632625,0,NONE,,,test
T00632626,0,NONE,,,test
T00632627,0,NONE,,,test
T00632628,0,NONE,,,test
T00632629,0,NONE,,,test
T00632630,0,NONE,,,test
T00632631,0,NONE,,,test
T00632632,0,NONE,,,test
T00632633,0,NONE,,,test
T00632634,0,NONE,,,test
T00632635,0,NONE,,,test
T00632636,0,NONE,,,test
T00632637,0,NONE,,,test
T00632638,0,NONE,,,test
T00632639,0,NONE,,,test
T00632640,0,NONE,,,test
T00632641,0,NONE,,,test
T00632642,0,NONE,,,test
T00632643,0,NONE,,,test
T00632644,0,NONE,,,test
T00632645,0,NONE,,,test
T00632646,0,NONE,,,test
T00632647,0,NONE,,,test
T00632648,0,NONE,,,test
T00632649,0,NONE,,,test
T00632650,0,NONE,,,test
T00632651,0,NONE,,,test
T00632652,0,NONE,,,test
T00632653,0,NONE,,,test
T00632654,0,NONE,,,test
T00632655,0,NONE,,,test
T00632656,0,NONE,,,test
T00632657,0,NONE,,,test
T00632658,0,NONE,,,test
T00632659,0,NONE,,,test
T00632660,0,NONE,,,test
T00632661,0,NONE,,,test
T00632662,0,NONE,,,test
T00632663,0,NONE,,,test
T00632664,0,NONE,,,test
T00632665,0,NONE,,,test
T00632666,0,NONE,,,test
T00632667,0,NONE,,,test
T00632668,0,NONE,,,test
T00632669,0,NONE,,,test
T00632670,0,NONE,,,test
T00632671,0,NONE,,,test
T00632672,0,NONE,,,test
T00632673,0,NONE,,,test
T00632674,0,NONE,,,test
T00632675,0,NONE,,,test
T00632676,0,NONE,,,test
T00632677,0,NONE,,,test
T00632678,0,NONE,,,test
T00632679,0,NONE,,,test
T00632680,0,NONE,,,test
T00632681,0,NONE,,,test
T00632682,0,NONE,,,test
T00632683,0,NONE,,,test
T00632684,0,NONE,,,test
T00632685,0,NONE,,,test
T00632686,0,NONE,,,test
T00632687,0,NONE,,,test
T00632688,0,NONE,,,test
T00632689,0,NONE,,,test
T00632690,0,NONE,,,test
T00632691,0,NONE,,,test
T00632692,0,NONE,,,test
T00632693,0,NONE,,,test
T00632694,0,NONE,,,test
T00632695,0,NONE,,,test
T00632696,0,NONE,,,test
T00632697,0,NONE,,,test
T00632698,0,NONE,,,test
T00632699,0,NONE,,,test
T00632700,0,NONE,,,test
T00632701,0,NONE,,,test
T00632702,0,NONE,,,test
T00632703,0,NONE,,,test
T00632704,0,NONE,,,test
T00632705,0,NONE,,,test
T00632706,0,NONE,,,test
T00632707,0,NONE,,,test
T00632708,0,NONE,,,test
T00632709,0,NONE,,,test
T00632710,0,NONE,,,test
T00632711,0,NONE,,,test
T00632712,0,NONE,,,test
T00632713,0,NONE,,,test
T00632714,1,S2,S2-0037,victim_payment,test
T00632715,1,S7,S7-0151,recipient_cashout,test
T00632716,0,NONE,,,test
T00632717,0,NONE,,,test
T00632718,0,NONE,,,test
T00632719,0,NONE,,,test
T00632720,0,NONE,,,test
T00632721,0,NONE,,,test
T00632722,0,NONE,,,test
T00632723,0,NONE,,,test
T00632724,0,NONE,,,test
T00632725,0,NONE,,,test
T00632726,0,NONE,,,test
T00632727,0,NONE,,,test
T00632728,0,NONE,,,test
T00632729,0,NONE,,,test
T00632730,0,NONE,,,test
T00632731,0,NONE,,,test
T00632732,0,NONE,,,test
T00632733,0,NONE,,,test
T00632734,0,NONE,,,test
T00632735,0,NONE,,,test
T00632736,0,NONE,,,test
T00632737,0,NONE,,,test
T00632738,0,NONE,,,test
T00632739,0,NONE,,,test
T00632740,0,NONE,,,test
T00632741,0,NONE,,,test
T00632742,0,NONE,,,test
T00632743,0,NONE,,,test
T00632744,0,NONE,,,test
T00632745,0,NONE,,,test
T00632746,0,NONE,,,test
T00632747,0,NONE,,,test
T00632748,0,NONE,,,test
T00632749,0,NONE,,,test
T00632750,0,NONE,,,test
T00632751,0,NONE,,,test
T00632752,0,NONE,,,test
T00632753,0,NONE,,,test
T00632754,0,NONE,,,test
T00632755,0,NONE,,,test
T00632756,0,NONE,,,test
T00632757,0,NONE,,,test
T00632758,0,NONE,,,test
T00632759,0,NONE,,,test
T00632760,0,NONE,,,test
T00632761,0,NONE,,,test
T00632762,0,NONE,,,test
T00632763,0,NONE,,,test
T00632764,0,NONE,,,test
T00632765,0,NONE,,,test
T00632766,0,NONE,,,test
T00632767,0,NONE,,,test
T00632768,0,NONE,,,test
T00632769,0,NONE,,,test
T00632770,0,NONE,,,test
T00632771,0,NONE,,,test
T00632772,0,NONE,,,test
T00632773,0,NONE,,,test
T00632774,0,NONE,,,test
T00632775,0,NONE,,,test
T00632776,0,NONE,,,test
T00632777,0,NONE,,,test
T00632778,0,NONE,,,test
T00632779,0,NONE,,,test
T00632780,0,NONE,,,test
T00632781,0,NONE,,,test
T00632782,0,NONE,,,test
T00632783,0,NONE,,,test
T00632784,0,NONE,,,test
T00632785,0,NONE,,,test
T00632786,0,NONE,,,test
T00632787,0,NONE,,,test
T00632788,0,NONE,,,test
T00632789,0,NONE,,,test
T00632790,0,NONE,,,test
T00632791,0,NONE,,,test
T00632792,0,NONE,,,test
T00632793,0,NONE,,,test
T00632794,0,NONE,,,test
T00632795,0,NONE,,,test
T00632796,0,NONE,,,test
T00632797,0,NONE,,,test
T00632798,0,NONE,,,test
T00632799,0,NONE,,,test
T00632800,0,NONE,,,test
T00632801,0,NONE,,,test
T00632802,0,NONE,,,test
T00632803,0,NONE,,,test
T00632804,0,NONE,,,test
T00632805,0,NONE,,,test
T00632806,0,NONE,,,test
T00632807,0,NONE,,,test
T00632808,0,NONE,,,test
T00632809,0,NONE,,,test
T00632810,0,NONE,,,test
T00632811,0,NONE,,,test
T00632812,0,NONE,,,test
T00632813,0,NONE,,,test
T00632814,0,NONE,,,test
T00632815,0,NONE,,,test
T00632816,0,NONE,,,test
T00632817,0,NONE,,,test
T00632818,0,NONE,,,test
T00632819,0,NONE,,,test
T00632820,1,S2,S2-0037,victim_payment,test
T00632821,0,NONE,,,test
T00632822,0,NONE,,,test
T00632823,1,S5,S5-0037,buyer_payment,test
T00632824,0,NONE,,,test
T00632825,0,NONE,,,test
T00632826,0,NONE,,,test
T00632827,0,NONE,,,test
T00632828,0,NONE,,,test
T00632829,0,NONE,,,test
T00632830,0,NONE,,,test
T00632831,0,NONE,,,test
T00632832,0,NONE,,,test
T00632833,0,NONE,,,test
T00632834,0,NONE,,,test
T00632835,0,NONE,,,test
T00632836,0,NONE,,,test
T00632837,0,NONE,,,test
T00632838,0,NONE,,,test
T00632839,0,NONE,,,test
T00632840,0,NONE,,,test
T00632841,0,NONE,,,test
T00632842,0,NONE,,,test
T00632843,0,NONE,,,test
T00632844,0,NONE,,,test
T00632845,0,NONE,,,test
T00632846,0,NONE,,,test
T00632847,0,NONE,,,test
T00632848,0,NONE,,,test
T00632849,0,NONE,,,test
T00632850,0,NONE,,,test
T00632851,0,NONE,,,test
T00632852,0,NONE,,,test
T00632853,0,NONE,,,test
T00632854,0,NONE,,,test
T00632855,0,NONE,,,test
T00632856,0,NONE,,,test
T00632857,0,NONE,,,test
T00632858,0,NONE,,,test
T00632859,0,NONE,,,test
T00632860,0,NONE,,,test
T00632861,0,NONE,,,test
T00632862,0,NONE,,,test
T00632863,0,NONE,,,test
T00632864,0,NONE,,,test
T00632865,0,NONE,,,test
T00632866,0,NONE,,,test
T00632867,0,NONE,,,test
T00632868,0,NONE,,,test
T00632869,0,NONE,,,test
T00632870,0,NONE,,,test
T00632871,0,NONE,,,test
T00632872,0,NONE,,,test
T00632873,0,NONE,,,test
T00632874,0,NONE,,,test
T00632875,0,NONE,,,test
T00632876,0,NONE,,,test
T00632877,0,NONE,,,test
T00632878,0,NONE,,,test
T00632879,0,NONE,,,test
T00632880,0,NONE,,,test
T00632881,0,NONE,,,test
T00632882,0,NONE,,,test
T00632883,0,NONE,,,test
T00632884,0,NONE,,,test
T00632885,0,NONE,,,test
T00632886,0,NONE,,,test
T00632887,0,NONE,,,test
T00632888,0,NONE,,,test
T00632889,0,NONE,,,test
T00632890,0,NONE,,,test
T00632891,0,NONE,,,test
T00632892,0,NONE,,,test
T00632893,0,NONE,,,test
T00632894,0,NONE,,,test
T00632895,0,NONE,,,test
T00632896,0,NONE,,,test
T00632897,0,NONE,,,test
T00632898,0,NONE,,,test
T00632899,0,NONE,,,test
T00632900,0,NONE,,,test
T00632901,0,NONE,,,test
T00632902,0,NONE,,,test
T00632903,0,NONE,,,test
T00632904,0,NONE,,,test
T00632905,0,NONE,,,test
T00632906,0,NONE,,,test
T00632907,0,NONE,,,test
T00632908,0,NONE,,,test
T00632909,0,NONE,,,test
T00632910,0,NONE,,,test
T00632911,0,NONE,,,test
T00632912,0,NONE,,,test
T00632913,0,NONE,,,test
T00632914,0,NONE,,,test
T00632915,0,NONE,,,test
T00632916,0,NONE,,,test
T00632917,0,NONE,,,test
T00632918,0,NONE,,,test
T00632919,0,NONE,,,test
T00632920,0,NONE,,,test
T00632921,0,NONE,,,test
T00632922,0,NONE,,,test
T00632923,0,NONE,,,test
T00632924,0,NONE,,,test
T00632925,0,NONE,,,test
T00632926,0,NONE,,,test
T00632927,0,NONE,,,test
T00632928,0,NONE,,,test
T00632929,0,NONE,,,test
T00632930,0,NONE,,,test
T00632931,0,NONE,,,test
T00632932,0,NONE,,,test
T00632933,0,NONE,,,test
T00632934,0,NONE,,,test
T00632935,1,S2,S2-0037,victim_payment,test
T00632936,0,NONE,,,test
T00632937,0,NONE,,,test
T00632938,0,NONE,,,test
T00632939,0,NONE,,,test
T00632940,0,NONE,,,test
T00632941,0,NONE,,,test
T00632942,0,NONE,,,test
T00632943,0,NONE,,,test
T00632944,0,NONE,,,test
T00632945,0,NONE,,,test
T00632946,0,NONE,,,test
T00632947,0,NONE,,,test
T00632948,0,NONE,,,test
T00632949,0,NONE,,,test
T00632950,0,NONE,,,test
T00632951,0,NONE,,,test
T00632952,0,NONE,,,test
T00632953,0,NONE,,,test
T00632954,0,NONE,,,test
T00632955,0,NONE,,,test
T00632956,0,NONE,,,test
T00632957,1,S2,S2-0037,victim_payment,test
T00632958,0,NONE,,,test
T00632959,0,NONE,,,test
T00632960,0,NONE,,,test
T00632961,0,NONE,,,test
T00632962,0,NONE,,,test
T00632963,0,NONE,,,test
T00632964,0,NONE,,,test
T00632965,0,NONE,,,test
T00632966,0,NONE,,,test
T00632967,1,S5,S5-0035,buyer_payment,test
T00632968,0,NONE,,,test
T00632969,0,NONE,,,test
T00632970,0,NONE,,,test
T00632971,0,NONE,,,test
T00632972,0,NONE,,,test
T00632973,0,NONE,,,test
T00632974,0,NONE,,,test
T00632975,0,NONE,,,test
T00632976,0,NONE,,,test
T00632977,0,NONE,,,test
T00632978,0,NONE,,,test
T00632979,0,NONE,,,test
T00632980,0,NONE,,,test
T00632981,0,NONE,,,test
T00632982,0,NONE,,,test
T00632983,0,NONE,,,test
T00632984,0,NONE,,,test
T00632985,0,NONE,,,test
T00632986,0,NONE,,,test
T00632987,0,NONE,,,test
T00632988,0,NONE,,,test
T00632989,0,NONE,,,test
T00632990,0,NONE,,,test
T00632991,0,NONE,,,test
T00632992,0,NONE,,,test
T00632993,0,NONE,,,test
T00632994,0,NONE,,,test
T00632995,0,NONE,,,test
T00632996,0,NONE,,,test
T00632997,0,NONE,,,test
T00632998,0,NONE,,,test
T00632999,0,NONE,,,test
T00633000,0,NONE,,,test
T00633001,0,NONE,,,test
T00633002,0,NONE,,,test
T00633003,0,NONE,,,test
T00633004,0,NONE,,,test
T00633005,0,NONE,,,test
T00633006,0,NONE,,,test
T00633007,0,NONE,,,test
T00633008,0,NONE,,,test
T00633009,0,NONE,,,test
T00633010,0,NONE,,,test
T00633011,0,NONE,,,test
T00633012,0,NONE,,,test
T00633013,0,NONE,,,test
T00633014,0,NONE,,,test
T00633015,0,NONE,,,test
T00633016,0,NONE,,,test
T00633017,0,NONE,,,test
T00633018,0,NONE,,,test
T00633019,0,NONE,,,test
T00633020,0,NONE,,,test
T00633021,0,NONE,,,test
T00633022,0,NONE,,,test
T00633023,0,NONE,,,test
T00633024,0,NONE,,,test
T00633025,0,NONE,,,test
T00633026,0,NONE,,,test
T00633027,0,NONE,,,test
T00633028,0,NONE,,,test
T00633029,0,NONE,,,test
T00633030,0,NONE,,,test
T00633031,0,NONE,,,test
T00633032,0,NONE,,,test
T00633033,0,NONE,,,test
T00633034,0,NONE,,,test
T00633035,0,NONE,,,test
T00633036,0,NONE,,,test
T00633037,0,NONE,,,test
T00633038,0,NONE,,,test
T00633039,0,NONE,,,test
T00633040,0,NONE,,,test
T00633041,0,NONE,,,test
T00633042,0,NONE,,,test
T00633043,0,NONE,,,test
T00633044,0,NONE,,,test
T00633045,0,NONE,,,test
T00633046,0,NONE,,,test
T00633047,0,NONE,,,test
T00633048,0,NONE,,,test
T00633049,0,NONE,,,test
T00633050,0,NONE,,,test
T00633051,0,NONE,,,test
T00633052,0,NONE,,,test
T00633053,0,NONE,,,test
T00633054,0,NONE,,,test
T00633055,0,NONE,,,test
T00633056,0,NONE,,,test
T00633057,0,NONE,,,test
T00633058,0,NONE,,,test
T00633059,0,NONE,,,test
T00633060,0,NONE,,,test
T00633061,0,NONE,,,test
T00633062,0,NONE,,,test
T00633063,0,NONE,,,test
T00633064,0,NONE,,,test
T00633065,0,NONE,,,test
T00633066,0,NONE,,,test
T00633067,0,NONE,,,test
T00633068,0,NONE,,,test
T00633069,0,NONE,,,test
T00633070,0,NONE,,,test
T00633071,0,NONE,,,test
T00633072,0,NONE,,,test
T00633073,0,NONE,,,test
T00633074,0,NONE,,,test
T00633075,0,NONE,,,test
T00633076,0,NONE,,,test
T00633077,0,NONE,,,test
T00633078,0,NONE,,,test
T00633079,0,NONE,,,test
T00633080,0,NONE,,,test
T00633081,0,NONE,,,test
T00633082,0,NONE,,,test
T00633083,0,NONE,,,test
T00633084,0,NONE,,,test
T00633085,0,NONE,,,test
T00633086,0,NONE,,,test
T00633087,0,NONE,,,test
T00633088,0,NONE,,,test
T00633089,0,NONE,,,test
T00633090,0,NONE,,,test
T00633091,0,NONE,,,test
T00633092,0,NONE,,,test
T00633093,0,NONE,,,test
T00633094,0,NONE,,,test
T00633095,0,NONE,,,test
T00633096,0,NONE,,,test
T00633097,0,NONE,,,test
T00633098,0,NONE,,,test
T00633099,0,NONE,,,test
T00633100,0,NONE,,,test
T00633101,0,NONE,,,test
T00633102,0,NONE,,,test
T00633103,0,NONE,,,test
T00633104,0,NONE,,,test
T00633105,0,NONE,,,test
T00633106,0,NONE,,,test
T00633107,0,NONE,,,test
T00633108,0,NONE,,,test
T00633109,0,NONE,,,test
T00633110,0,NONE,,,test
T00633111,0,NONE,,,test
T00633112,0,NONE,,,test
T00633113,0,NONE,,,test
T00633114,0,NONE,,,test
T00633115,0,NONE,,,test
T00633116,0,NONE,,,test
T00633117,0,NONE,,,test
T00633118,0,NONE,,,test
T00633119,0,NONE,,,test
T00633120,0,NONE,,,test
T00633121,0,NONE,,,test
T00633122,0,NONE,,,test
T00633123,0,NONE,,,test
T00633124,0,NONE,,,test
T00633125,0,NONE,,,test
T00633126,0,NONE,,,test
T00633127,0,NONE,,,test
T00633128,0,NONE,,,test
T00633129,0,NONE,,,test
T00633130,0,NONE,,,test
T00633131,0,NONE,,,test
T00633132,0,NONE,,,test
T00633133,0,NONE,,,test
T00633134,0,NONE,,,test
T00633135,0,NONE,,,test
T00633136,0,NONE,,,test
T00633137,0,NONE,,,test
T00633138,0,NONE,,,test
T00633139,0,NONE,,,test
T00633140,0,NONE,,,test
T00633141,0,NONE,,,test
T00633142,0,NONE,,,test
T00633143,0,NONE,,,test
T00633144,0,NONE,,,test
T00633145,0,NONE,,,test
T00633146,0,NONE,,,test
T00633147,0,NONE,,,test
T00633148,0,NONE,,,test
T00633149,0,NONE,,,test
T00633150,0,NONE,,,test
T00633151,0,NONE,,,test
T00633152,0,NONE,,,test
T00633153,0,NONE,,,test
T00633154,0,NONE,,,test
T00633155,0,NONE,,,test
T00633156,0,NONE,,,test
T00633157,0,NONE,,,test
T00633158,0,NONE,,,test
T00633159,0,NONE,,,test
T00633160,0,NONE,,,test
T00633161,0,NONE,,,test
T00633162,0,NONE,,,test
T00633163,0,NONE,,,test
T00633164,0,NONE,,,test
T00633165,0,NONE,,,test
T00633166,0,NONE,,,test
T00633167,0,NONE,,,test
T00633168,0,NONE,,,test
T00633169,0,NONE,,,test
T00633170,0,NONE,,,test
T00633171,0,NONE,,,test
T00633172,0,NONE,,,test
T00633173,0,NONE,,,test
T00633174,0,NONE,,,test
T00633175,0,NONE,,,test
T00633176,0,NONE,,,test
T00633177,0,NONE,,,test
T00633178,0,NONE,,,test
T00633179,0,NONE,,,test
T00633180,0,NONE,,,test
T00633181,0,NONE,,,test
T00633182,0,NONE,,,test
T00633183,0,NONE,,,test
T00633184,0,NONE,,,test
T00633185,0,NONE,,,test
T00633186,0,NONE,,,test
T00633187,0,NONE,,,test
T00633188,0,NONE,,,test
T00633189,0,NONE,,,test
T00633190,0,NONE,,,test
T00633191,0,NONE,,,test
T00633192,0,NONE,,,test
T00633193,0,NONE,,,test
T00633194,0,NONE,,,test
T00633195,0,NONE,,,test
T00633196,0,NONE,,,test
T00633197,0,NONE,,,test
T00633198,0,NONE,,,test
T00633199,0,NONE,,,test
T00633200,0,NONE,,,test
T00633201,0,NONE,,,test
T00633202,0,NONE,,,test
T00633203,0,NONE,,,test
T00633204,0,NONE,,,test
T00633205,0,NONE,,,test
T00633206,0,NONE,,,test
T00633207,0,NONE,,,test
T00633208,0,NONE,,,test
T00633209,0,NONE,,,test
T00633210,0,NONE,,,test
T00633211,0,NONE,,,test
T00633212,0,NONE,,,test
T00633213,0,NONE,,,test
T00633214,0,NONE,,,test
T00633215,0,NONE,,,test
T00633216,0,NONE,,,test
T00633217,0,NONE,,,test
T00633218,0,NONE,,,test
T00633219,0,NONE,,,test
T00633220,0,NONE,,,test
T00633221,0,NONE,,,test
T00633222,0,NONE,,,test
T00633223,0,NONE,,,test
T00633224,0,NONE,,,test
T00633225,0,NONE,,,test
T00633226,0,NONE,,,test
T00633227,0,NONE,,,test
T00633228,0,NONE,,,test
T00633229,0,NONE,,,test
T00633230,0,NONE,,,test
T00633231,0,NONE,,,test
T00633232,0,NONE,,,test
T00633233,0,NONE,,,test
T00633234,0,NONE,,,test
T00633235,0,NONE,,,test
T00633236,0,NONE,,,test
T00633237,0,NONE,,,test
T00633238,0,NONE,,,test
T00633239,0,NONE,,,test
T00633240,0,NONE,,,test
T00633241,0,NONE,,,test
T00633242,0,NONE,,,test
T00633243,0,NONE,,,test
T00633244,0,NONE,,,test
T00633245,0,NONE,,,test
T00633246,0,NONE,,,test
T00633247,0,NONE,,,test
T00633248,0,NONE,,,test
T00633249,0,NONE,,,test
T00633250,0,NONE,,,test
T00633251,0,NONE,,,test
T00633252,0,NONE,,,test
T00633253,0,NONE,,,test
T00633254,0,NONE,,,test
T00633255,0,NONE,,,test
T00633256,0,NONE,,,test
T00633257,0,NONE,,,test
T00633258,0,NONE,,,test
T00633259,0,NONE,,,test
T00633260,0,NONE,,,test
T00633261,0,NONE,,,test
T00633262,0,NONE,,,test
T00633263,0,NONE,,,test
T00633264,0,NONE,,,test
T00633265,0,NONE,,,test
T00633266,0,NONE,,,test
T00633267,0,NONE,,,test
T00633268,0,NONE,,,test
T00633269,0,NONE,,,test
T00633270,0,NONE,,,test
T00633271,0,NONE,,,test
T00633272,0,NONE,,,test
T00633273,0,NONE,,,test
T00633274,0,NONE,,,test
T00633275,0,NONE,,,test
T00633276,0,NONE,,,test
T00633277,0,NONE,,,test
T00633278,0,NONE,,,test
T00633279,0,NONE,,,test
T00633280,0,NONE,,,test
T00633281,0,NONE,,,test
T00633282,0,NONE,,,test
T00633283,0,NONE,,,test
T00633284,0,NONE,,,test
T00633285,0,NONE,,,test
T00633286,0,NONE,,,test
T00633287,0,NONE,,,test
T00633288,0,NONE,,,test
T00633289,0,NONE,,,test
T00633290,0,NONE,,,test
T00633291,0,NONE,,,test
T00633292,0,NONE,,,test
T00633293,0,NONE,,,test
T00633294,0,NONE,,,test
T00633295,0,NONE,,,test
T00633296,0,NONE,,,test
T00633297,0,NONE,,,test
T00633298,0,NONE,,,test
T00633299,0,NONE,,,test
T00633300,0,NONE,,,test
T00633301,0,NONE,,,test
T00633302,0,NONE,,,test
T00633303,0,NONE,,,test
T00633304,0,NONE,,,test
T00633305,0,NONE,,,test
T00633306,0,NONE,,,test
T00633307,0,NONE,,,test
T00633308,0,NONE,,,test
T00633309,0,NONE,,,test
T00633310,0,NONE,,,test
T00633311,0,NONE,,,test
T00633312,0,NONE,,,test
T00633313,0,NONE,,,test
T00633314,0,NONE,,,test
T00633315,0,NONE,,,test
T00633316,0,NONE,,,test
T00633317,0,NONE,,,test
T00633318,0,NONE,,,test
T00633319,0,NONE,,,test
T00633320,0,NONE,,,test
T00633321,0,NONE,,,test
T00633322,0,NONE,,,test
T00633323,0,NONE,,,test
T00633324,0,NONE,,,test
T00633325,0,NONE,,,test
T00633326,0,NONE,,,test
T00633327,0,NONE,,,test
T00633328,0,NONE,,,test
T00633329,0,NONE,,,test
T00633330,0,NONE,,,test
T00633331,0,NONE,,,test
T00633332,0,NONE,,,test
T00633333,0,NONE,,,test
T00633334,0,NONE,,,test
T00633335,0,NONE,,,test
T00633336,0,NONE,,,test
T00633337,0,NONE,,,test
T00633338,0,NONE,,,test
T00633339,0,NONE,,,test
T00633340,0,NONE,,,test
T00633341,0,NONE,,,test
T00633342,0,NONE,,,test
T00633343,0,NONE,,,test
T00633344,0,NONE,,,test
T00633345,0,NONE,,,test
T00633346,0,NONE,,,test
T00633347,0,NONE,,,test
T00633348,0,NONE,,,test
T00633349,0,NONE,,,test
T00633350,0,NONE,,,test
T00633351,0,NONE,,,test
T00633352,0,NONE,,,test
T00633353,0,NONE,,,test
T00633354,1,S1,SC-04,takeover_drain,test
T00633355,0,NONE,,,test
T00633356,0,NONE,,,test
T00633357,0,NONE,,,test
T00633358,0,NONE,,,test
T00633359,0,NONE,,,test
T00633360,0,NONE,,,test
T00633361,0,NONE,,,test
T00633362,0,NONE,,,test
T00633363,0,NONE,,,test
T00633364,0,NONE,,,test
T00633365,0,NONE,,,test
T00633366,0,NONE,,,test
T00633367,0,NONE,,,test
T00633368,0,NONE,,,test
T00633369,0,NONE,,,test
T00633370,0,NONE,,,test
T00633371,0,NONE,,,test
T00633372,0,NONE,,,test
T00633373,0,NONE,,,test
T00633374,0,NONE,,,test
T00633375,0,NONE,,,test
T00633376,0,NONE,,,test
T00633377,0,NONE,,,test
T00633378,0,NONE,,,test
T00633379,0,NONE,,,test
T00633380,0,NONE,,,test
T00633381,0,NONE,,,test
T00633382,0,NONE,,,test
T00633383,0,NONE,,,test
T00633384,0,NONE,,,test
T00633385,0,NONE,,,test
T00633386,0,NONE,,,test
T00633387,0,NONE,,,test
T00633388,0,NONE,,,test
T00633389,0,NONE,,,test
T00633390,0,NONE,,,test
T00633391,0,NONE,,,test
T00633392,0,NONE,,,test
T00633393,0,NONE,,,test
T00633394,1,S3,SC-04,mule_hop,test
T00633395,0,NONE,,,test
T00633396,0,NONE,,,test
T00633397,0,NONE,,,test
T00633398,0,NONE,,,test
T00633399,0,NONE,,,test
T00633400,0,NONE,,,test
T00633401,0,NONE,,,test
T00633402,0,NONE,,,test
T00633403,0,NONE,,,test
T00633404,0,NONE,,,test
T00633405,0,NONE,,,test
T00633406,0,NONE,,,test
T00633407,0,NONE,,,test
T00633408,0,NONE,,,test
T00633409,0,NONE,,,test
T00633410,0,NONE,,,test
T00633411,0,NONE,,,test
T00633412,0,NONE,,,test
T00633413,0,NONE,,,test
T00633414,0,NONE,,,test
T00633415,0,NONE,,,test
T00633416,0,NONE,,,test
T00633417,0,NONE,,,test
T00633418,0,NONE,,,test
T00633419,0,NONE,,,test
T00633420,0,NONE,,,test
T00633421,0,NONE,,,test
T00633422,0,NONE,,,test
T00633423,0,NONE,,,test
T00633424,0,NONE,,,test
T00633425,0,NONE,,,test
T00633426,0,NONE,,,test
T00633427,0,NONE,,,test
T00633428,0,NONE,,,test
T00633429,0,NONE,,,test
T00633430,0,NONE,,,test
T00633431,0,NONE,,,test
T00633432,0,NONE,,,test
T00633433,0,NONE,,,test
T00633434,0,NONE,,,test
T00633435,0,NONE,,,test
T00633436,0,NONE,,,test
T00633437,0,NONE,,,test
T00633438,0,NONE,,,test
T00633439,0,NONE,,,test
T00633440,0,NONE,,,test
T00633441,0,NONE,,,test
T00633442,0,NONE,,,test
T00633443,0,NONE,,,test
T00633444,0,NONE,,,test
T00633445,0,NONE,,,test
T00633446,0,NONE,,,test
T00633447,0,NONE,,,test
T00633448,0,NONE,,,test
T00633449,0,NONE,,,test
T00633450,0,NONE,,,test
T00633451,0,NONE,,,test
T00633452,0,NONE,,,test
T00633453,0,NONE,,,test
T00633454,0,NONE,,,test
T00633455,0,NONE,,,test
T00633456,0,NONE,,,test
T00633457,0,NONE,,,test
T00633458,0,NONE,,,test
T00633459,0,NONE,,,test
T00633460,0,NONE,,,test
T00633461,0,NONE,,,test
T00633462,0,NONE,,,test
T00633463,0,NONE,,,test
T00633464,0,NONE,,,test
T00633465,0,NONE,,,test
T00633466,0,NONE,,,test
T00633467,0,NONE,,,test
T00633468,0,NONE,,,test
T00633469,0,NONE,,,test
T00633470,0,NONE,,,test
T00633471,0,NONE,,,test
T00633472,0,NONE,,,test
T00633473,0,NONE,,,test
T00633474,0,NONE,,,test
T00633475,0,NONE,,,test
T00633476,0,NONE,,,test
T00633477,0,NONE,,,test
T00633478,0,NONE,,,test
T00633479,1,S3,SC-04,mule_hop,test
T00633480,0,NONE,,,test
T00633481,0,NONE,,,test
T00633482,0,NONE,,,test
T00633483,0,NONE,,,test
T00633484,0,NONE,,,test
T00633485,0,NONE,,,test
T00633486,0,NONE,,,test
T00633487,0,NONE,,,test
T00633488,0,NONE,,,test
T00633489,0,NONE,,,test
T00633490,0,NONE,,,test
T00633491,0,NONE,,,test
T00633492,0,NONE,,,test
T00633493,0,NONE,,,test
T00633494,0,NONE,,,test
T00633495,0,NONE,,,test
T00633496,0,NONE,,,test
T00633497,0,NONE,,,test
T00633498,0,NONE,,,test
T00633499,0,NONE,,,test
T00633500,0,NONE,,,test
T00633501,0,NONE,,,test
T00633502,0,NONE,,,test
T00633503,0,NONE,,,test
T00633504,0,NONE,,,test
T00633505,1,S1,S1-0179,takeover_drain,test
T00633506,0,NONE,,,test
T00633507,0,NONE,,,test
T00633508,0,NONE,,,test
T00633509,0,NONE,,,test
T00633510,0,NONE,,,test
T00633511,0,NONE,,,test
T00633512,0,NONE,,,test
T00633513,1,S7,S7-0153,coerced_send,test
T00633514,0,NONE,,,test
T00633515,0,NONE,,,test
T00633516,0,NONE,,,test
T00633517,0,NONE,,,test
T00633518,0,NONE,,,test
T00633519,0,NONE,,,test
T00633520,0,NONE,,,test
T00633521,0,NONE,,,test
T00633522,0,NONE,,,test
T00633523,0,NONE,,,test
T00633524,0,NONE,,,test
T00633525,0,NONE,,,test
T00633526,0,NONE,,,test
T00633527,0,NONE,,,test
T00633528,0,NONE,,,test
T00633529,0,NONE,,,test
T00633530,0,NONE,,,test
T00633531,0,NONE,,,test
T00633532,0,NONE,,,test
T00633533,0,NONE,,,test
T00633534,0,NONE,,,test
T00633535,0,NONE,,,test
T00633536,0,NONE,,,test
T00633537,0,NONE,,,test
T00633538,0,NONE,,,test
T00633539,0,NONE,,,test
T00633540,0,NONE,,,test
T00633541,0,NONE,,,test
T00633542,0,NONE,,,test
T00633543,0,NONE,,,test
T00633544,0,NONE,,,test
T00633545,0,NONE,,,test
T00633546,0,NONE,,,test
T00633547,0,NONE,,,test
T00633548,0,NONE,,,test
T00633549,0,NONE,,,test
T00633550,0,NONE,,,test
T00633551,0,NONE,,,test
T00633552,0,NONE,,,test
T00633553,0,NONE,,,test
T00633554,0,NONE,,,test
T00633555,0,NONE,,,test
T00633556,0,NONE,,,test
T00633557,0,NONE,,,test
T00633558,0,NONE,,,test
T00633559,0,NONE,,,test
T00633560,0,NONE,,,test
T00633561,0,NONE,,,test
T00633562,0,NONE,,,test
T00633563,0,NONE,,,test
T00633564,0,NONE,,,test
T00633565,0,NONE,,,test
T00633566,0,NONE,,,test
T00633567,0,NONE,,,test
T00633568,0,NONE,,,test
T00633569,0,NONE,,,test
T00633570,0,NONE,,,test
T00633571,0,NONE,,,test
T00633572,0,NONE,,,test
T00633573,0,NONE,,,test
T00633574,0,NONE,,,test
T00633575,0,NONE,,,test
T00633576,0,NONE,,,test
T00633577,0,NONE,,,test
T00633578,0,NONE,,,test
T00633579,0,NONE,,,test
T00633580,0,NONE,,,test
T00633581,0,NONE,,,test
T00633582,0,NONE,,,test
T00633583,0,NONE,,,test
T00633584,0,NONE,,,test
T00633585,0,NONE,,,test
T00633586,0,NONE,,,test
T00633587,0,NONE,,,test
T00633588,0,NONE,,,test
T00633589,0,NONE,,,test
T00633590,0,NONE,,,test
T00633591,0,NONE,,,test
T00633592,0,NONE,,,test
T00633593,0,NONE,,,test
T00633594,0,NONE,,,test
T00633595,0,NONE,,,test
T00633596,1,S3,SC-04,mule_cashout,test
T00633597,0,NONE,,,test
T00633598,0,NONE,,,test
T00633599,0,NONE,,,test
T00633600,0,NONE,,,test
T00633601,0,NONE,,,test
T00633602,0,NONE,,,test
T00633603,0,NONE,,,test
T00633604,0,NONE,,,test
T00633605,0,NONE,,,test
T00633606,0,NONE,,,test
T00633607,0,NONE,,,test
T00633608,0,NONE,,,test
T00633609,0,NONE,,,test
T00633610,0,NONE,,,test
T00633611,0,NONE,,,test
T00633612,0,NONE,,,test
T00633613,0,NONE,,,test
T00633614,0,NONE,,,test
T00633615,0,NONE,,,test
T00633616,0,NONE,,,test
T00633617,0,NONE,,,test
T00633618,0,NONE,,,test
T00633619,0,NONE,,,test
T00633620,0,NONE,,,test
T00633621,0,NONE,,,test
T00633622,0,NONE,,,test
T00633623,0,NONE,,,test
T00633624,0,NONE,,,test
T00633625,0,NONE,,,test
T00633626,0,NONE,,,test
T00633627,0,NONE,,,test
T00633628,0,NONE,,,test
T00633629,0,NONE,,,test
T00633630,0,NONE,,,test
T00633631,0,NONE,,,test
T00633632,0,NONE,,,test
T00633633,0,NONE,,,test
T00633634,0,NONE,,,test
T00633635,0,NONE,,,test
T00633636,0,NONE,,,test
T00633637,0,NONE,,,test
T00633638,0,NONE,,,test
T00633639,0,NONE,,,test
T00633640,0,NONE,,,test
T00633641,0,NONE,,,test
T00633642,0,NONE,,,test
T00633643,0,NONE,,,test
T00633644,0,NONE,,,test
T00633645,0,NONE,,,test
T00633646,0,NONE,,,test
T00633647,0,NONE,,,test
T00633648,0,NONE,,,test
T00633649,0,NONE,,,test
T00633650,0,NONE,,,test
T00633651,0,NONE,,,test
T00633652,0,NONE,,,test
T00633653,0,NONE,,,test
T00633654,0,NONE,,,test
T00633655,0,NONE,,,test
T00633656,0,NONE,,,test
T00633657,0,NONE,,,test
T00633658,0,NONE,,,test
T00633659,0,NONE,,,test
T00633660,0,NONE,,,test
T00633661,0,NONE,,,test
T00633662,0,NONE,,,test
T00633663,0,NONE,,,test
T00633664,0,NONE,,,test
T00633665,0,NONE,,,test
T00633666,0,NONE,,,test
T00633667,0,NONE,,,test
T00633668,0,NONE,,,test
T00633669,0,NONE,,,test
T00633670,0,NONE,,,test
T00633671,0,NONE,,,test
T00633672,0,NONE,,,test
T00633673,0,NONE,,,test
T00633674,0,NONE,,,test
T00633675,0,NONE,,,test
T00633676,0,NONE,,,test
T00633677,0,NONE,,,test
T00633678,0,NONE,,,test
T00633679,0,NONE,,,test
T00633680,0,NONE,,,test
T00633681,0,NONE,,,test
T00633682,0,NONE,,,test
T00633683,0,NONE,,,test
T00633684,0,NONE,,,test
T00633685,0,NONE,,,test
T00633686,0,NONE,,,test
T00633687,0,NONE,,,test
T00633688,0,NONE,,,test
T00633689,0,NONE,,,test
T00633690,0,NONE,,,test
T00633691,0,NONE,,,test
T00633692,0,NONE,,,test
T00633693,0,NONE,,,test
T00633694,0,NONE,,,test
T00633695,0,NONE,,,test
T00633696,0,NONE,,,test
T00633697,0,NONE,,,test
T00633698,0,NONE,,,test
T00633699,0,NONE,,,test
T00633700,0,NONE,,,test
T00633701,0,NONE,,,test
T00633702,0,NONE,,,test
T00633703,0,NONE,,,test
T00633704,0,NONE,,,test
T00633705,0,NONE,,,test
T00633706,0,NONE,,,test
T00633707,0,NONE,,,test
T00633708,0,NONE,,,test
T00633709,0,NONE,,,test
T00633710,0,NONE,,,test
T00633711,0,NONE,,,test
T00633712,0,NONE,,,test
T00633713,0,NONE,,,test
T00633714,0,NONE,,,test
T00633715,0,NONE,,,test
T00633716,0,NONE,,,test
T00633717,0,NONE,,,test
T00633718,0,NONE,,,test
T00633719,0,NONE,,,test
T00633720,0,NONE,,,test
T00633721,0,NONE,,,test
T00633722,0,NONE,,,test
T00633723,0,NONE,,,test
T00633724,0,NONE,,,test
T00633725,0,NONE,,,test
T00633726,0,NONE,,,test
T00633727,0,NONE,,,test
T00633728,0,NONE,,,test
T00633729,0,NONE,,,test
T00633730,0,NONE,,,test
T00633731,0,NONE,,,test
T00633732,0,NONE,,,test
T00633733,0,NONE,,,test
T00633734,0,NONE,,,test
T00633735,0,NONE,,,test
T00633736,0,NONE,,,test
T00633737,0,NONE,,,test
T00633738,0,NONE,,,test
T00633739,1,S7,S7-0153,recipient_cashout,test
T00633740,0,NONE,,,test
T00633741,0,NONE,,,test
T00633742,0,NONE,,,test
T00633743,0,NONE,,,test
T00633744,0,NONE,,,test
T00633745,0,NONE,,,test
T00633746,0,NONE,,,test
T00633747,0,NONE,,,test
T00633748,0,NONE,,,test
T00633749,0,NONE,,,test
T00633750,0,NONE,,,test
T00633751,0,NONE,,,test
T00633752,0,NONE,,,test
T00633753,0,NONE,,,test
T00633754,0,NONE,,,test
T00633755,0,NONE,,,test
T00633756,0,NONE,,,test
T00633757,0,NONE,,,test
T00633758,0,NONE,,,test
T00633759,0,NONE,,,test
T00633760,0,NONE,,,test
T00633761,0,NONE,,,test
T00633762,0,NONE,,,test
T00633763,0,NONE,,,test
T00633764,0,NONE,,,test
T00633765,0,NONE,,,test
T00633766,0,NONE,,,test
T00633767,0,NONE,,,test
T00633768,0,NONE,,,test
T00633769,0,NONE,,,test
T00633770,0,NONE,,,test
T00633771,0,NONE,,,test
T00633772,0,NONE,,,test
T00633773,0,NONE,,,test
T00633774,0,NONE,,,test
T00633775,0,NONE,,,test
T00633776,0,NONE,,,test
T00633777,0,NONE,,,test
T00633778,0,NONE,,,test
T00633779,0,NONE,,,test
T00633780,0,NONE,,,test
T00633781,0,NONE,,,test
T00633782,0,NONE,,,test
T00633783,0,NONE,,,test
T00633784,0,NONE,,,test
T00633785,0,NONE,,,test
T00633786,0,NONE,,,test
T00633787,0,NONE,,,test
T00633788,0,NONE,,,test
T00633789,0,NONE,,,test
T00633790,0,NONE,,,test
T00633791,0,NONE,,,test
T00633792,0,NONE,,,test
T00633793,0,NONE,,,test
T00633794,0,NONE,,,test
T00633795,0,NONE,,,test
T00633796,0,NONE,,,test
T00633797,0,NONE,,,test
T00633798,0,NONE,,,test
T00633799,0,NONE,,,test
T00633800,0,NONE,,,test
T00633801,0,NONE,,,test
T00633802,0,NONE,,,test
T00633803,0,NONE,,,test
T00633804,0,NONE,,,test
T00633805,0,NONE,,,test
T00633806,0,NONE,,,test
T00633807,0,NONE,,,test
T00633808,0,NONE,,,test
T00633809,0,NONE,,,test
T00633810,0,NONE,,,test
T00633811,0,NONE,,,test
T00633812,0,NONE,,,test
T00633813,0,NONE,,,test
T00633814,0,NONE,,,test
T00633815,0,NONE,,,test
T00633816,0,NONE,,,test
T00633817,0,NONE,,,test
T00633818,0,NONE,,,test
T00633819,0,NONE,,,test
T00633820,0,NONE,,,test
T00633821,0,NONE,,,test
T00633822,0,NONE,,,test
T00633823,0,NONE,,,test
T00633824,0,NONE,,,test
T00633825,0,NONE,,,test
T00633826,0,NONE,,,test
T00633827,0,NONE,,,test
T00633828,0,NONE,,,test
T00633829,0,NONE,,,test
T00633830,0,NONE,,,test
T00633831,0,NONE,,,test
T00633832,0,NONE,,,test
T00633833,0,NONE,,,test
T00633834,0,NONE,,,test
T00633835,0,NONE,,,test
T00633836,0,NONE,,,test
T00633837,0,NONE,,,test
T00633838,0,NONE,,,test
T00633839,0,NONE,,,test
T00633840,0,NONE,,,test
T00633841,0,NONE,,,test
T00633842,0,NONE,,,test
T00633843,0,NONE,,,test
T00633844,0,NONE,,,test
T00633845,0,NONE,,,test
T00633846,0,NONE,,,test
T00633847,0,NONE,,,test
T00633848,0,NONE,,,test
T00633849,0,NONE,,,test
T00633850,0,NONE,,,test
T00633851,0,NONE,,,test
T00633852,0,NONE,,,test
T00633853,0,NONE,,,test
T00633854,0,NONE,,,test
T00633855,0,NONE,,,test
T00633856,0,NONE,,,test
T00633857,0,NONE,,,test
T00633858,0,NONE,,,test
T00633859,0,NONE,,,test
T00633860,0,NONE,,,test
T00633861,0,NONE,,,test
T00633862,0,NONE,,,test
T00633863,0,NONE,,,test
T00633864,0,NONE,,,test
T00633865,0,NONE,,,test
T00633866,0,NONE,,,test
T00633867,0,NONE,,,test
T00633868,0,NONE,,,test
T00633869,0,NONE,,,test
T00633870,0,NONE,,,test
T00633871,0,NONE,,,test
T00633872,0,NONE,,,test
T00633873,0,NONE,,,test
T00633874,0,NONE,,,test
T00633875,0,NONE,,,test
T00633876,0,NONE,,,test
T00633877,0,NONE,,,test
T00633878,0,NONE,,,test
T00633879,0,NONE,,,test
T00633880,0,NONE,,,test
T00633881,0,NONE,,,test
T00633882,0,NONE,,,test
T00633883,0,NONE,,,test
T00633884,0,NONE,,,test
T00633885,0,NONE,,,test
T00633886,0,NONE,,,test
T00633887,0,NONE,,,test
T00633888,0,NONE,,,test
T00633889,0,NONE,,,test
T00633890,0,NONE,,,test
T00633891,0,NONE,,,test
T00633892,0,NONE,,,test
T00633893,0,NONE,,,test
T00633894,0,NONE,,,test
T00633895,0,NONE,,,test
T00633896,0,NONE,,,test
T00633897,0,NONE,,,test
T00633898,0,NONE,,,test
T00633899,0,NONE,,,test
T00633900,0,NONE,,,test
T00633901,0,NONE,,,test
T00633902,0,NONE,,,test
T00633903,0,NONE,,,test
T00633904,0,NONE,,,test
T00633905,0,NONE,,,test
T00633906,0,NONE,,,test
T00633907,0,NONE,,,test
T00633908,0,NONE,,,test
T00633909,0,NONE,,,test
T00633910,0,NONE,,,test
T00633911,0,NONE,,,test
T00633912,0,NONE,,,test
T00633913,0,NONE,,,test
T00633914,0,NONE,,,test
T00633915,0,NONE,,,test
T00633916,0,NONE,,,test
T00633917,0,NONE,,,test
T00633918,0,NONE,,,test
T00633919,0,NONE,,,test
T00633920,0,NONE,,,test
T00633921,0,NONE,,,test
T00633922,0,NONE,,,test
T00633923,0,NONE,,,test
T00633924,0,NONE,,,test
T00633925,0,NONE,,,test
T00633926,0,NONE,,,test
T00633927,0,NONE,,,test
T00633928,0,NONE,,,test
T00633929,0,NONE,,,test
T00633930,0,NONE,,,test
T00633931,0,NONE,,,test
T00633932,0,NONE,,,test
T00633933,0,NONE,,,test
T00633934,0,NONE,,,test
T00633935,0,NONE,,,test
T00633936,0,NONE,,,test
T00633937,0,NONE,,,test
T00633938,0,NONE,,,test
T00633939,0,NONE,,,test
T00633940,0,NONE,,,test
T00633941,0,NONE,,,test
T00633942,0,NONE,,,test
T00633943,0,NONE,,,test
T00633944,0,NONE,,,test
T00633945,0,NONE,,,test
T00633946,0,NONE,,,test
T00633947,0,NONE,,,test
T00633948,0,NONE,,,test
T00633949,0,NONE,,,test
T00633950,0,NONE,,,test
T00633951,0,NONE,,,test
T00633952,1,S1,S1-0179,mule_cashout,test
T00633953,0,NONE,,,test
T00633954,0,NONE,,,test
T00633955,0,NONE,,,test
T00633956,0,NONE,,,test
T00633957,0,NONE,,,test
T00633958,0,NONE,,,test
T00633959,0,NONE,,,test
T00633960,0,NONE,,,test
T00633961,0,NONE,,,test
T00633962,0,NONE,,,test
T00633963,0,NONE,,,test
T00633964,0,NONE,,,test
T00633965,0,NONE,,,test
T00633966,0,NONE,,,test
T00633967,0,NONE,,,test
T00633968,0,NONE,,,test
T00633969,0,NONE,,,test
T00633970,0,NONE,,,test
T00633971,0,NONE,,,test
T00633972,0,NONE,,,test
T00633973,0,NONE,,,test
T00633974,0,NONE,,,test
T00633975,0,NONE,,,test
T00633976,0,NONE,,,test
T00633977,0,NONE,,,test
T00633978,0,NONE,,,test
T00633979,0,NONE,,,test
T00633980,0,NONE,,,test
T00633981,0,NONE,,,test
T00633982,0,NONE,,,test
T00633983,0,NONE,,,test
T00633984,0,NONE,,,test
T00633985,0,NONE,,,test
T00633986,0,NONE,,,test
T00633987,0,NONE,,,test
T00633988,0,NONE,,,test
T00633989,0,NONE,,,test
T00633990,0,NONE,,,test
T00633991,0,NONE,,,test
T00633992,0,NONE,,,test
T00633993,0,NONE,,,test
T00633994,0,NONE,,,test
T00633995,0,NONE,,,test
T00633996,0,NONE,,,test
T00633997,0,NONE,,,test
T00633998,0,NONE,,,test
T00633999,0,NONE,,,test
T00634000,0,NONE,,,test
T00634001,0,NONE,,,test
T00634002,0,NONE,,,test
T00634003,0,NONE,,,test
T00634004,0,NONE,,,test
T00634005,0,NONE,,,test
T00634006,0,NONE,,,test
T00634007,0,NONE,,,test
T00634008,0,NONE,,,test
T00634009,0,NONE,,,test
T00634010,0,NONE,,,test
T00634011,1,S7,S7-0153,coerced_send,test
T00634012,0,NONE,,,test
T00634013,0,NONE,,,test
T00634014,0,NONE,,,test
T00634015,1,S6,S6-0053,mule_cashout,test
T00634016,0,NONE,,,test
T00634017,0,NONE,,,test
T00634018,0,NONE,,,test
T00634019,0,NONE,,,test
T00634020,0,NONE,,,test
T00634021,0,NONE,,,test
T00634022,0,NONE,,,test
T00634023,0,NONE,,,test
T00634024,0,NONE,,,test
T00634025,0,NONE,,,test
T00634026,0,NONE,,,test
T00634027,0,NONE,,,test
T00634028,0,NONE,,,test
T00634029,0,NONE,,,test
T00634030,0,NONE,,,test
T00634031,0,NONE,,,test
T00634032,0,NONE,,,test
T00634033,0,NONE,,,test
T00634034,0,NONE,,,test
T00634035,0,NONE,,,test
T00634036,0,NONE,,,test
T00634037,0,NONE,,,test
T00634038,0,NONE,,,test
T00634039,0,NONE,,,test
T00634040,0,NONE,,,test
T00634041,0,NONE,,,test
T00634042,0,NONE,,,test
T00634043,0,NONE,,,test
T00634044,0,NONE,,,test
T00634045,0,NONE,,,test
T00634046,0,NONE,,,test
T00634047,0,NONE,,,test
T00634048,0,NONE,,,test
T00634049,0,NONE,,,test
T00634050,0,NONE,,,test
T00634051,0,NONE,,,test
T00634052,0,NONE,,,test
T00634053,0,NONE,,,test
T00634054,0,NONE,,,test
T00634055,0,NONE,,,test
T00634056,0,NONE,,,test
T00634057,0,NONE,,,test
T00634058,0,NONE,,,test
T00634059,0,NONE,,,test
T00634060,0,NONE,,,test
T00634061,0,NONE,,,test
T00634062,0,NONE,,,test
T00634063,0,NONE,,,test
T00634064,0,NONE,,,test
T00634065,0,NONE,,,test
T00634066,0,NONE,,,test
T00634067,0,NONE,,,test
T00634068,0,NONE,,,test
T00634069,0,NONE,,,test
T00634070,0,NONE,,,test
T00634071,0,NONE,,,test
T00634072,0,NONE,,,test
T00634073,0,NONE,,,test
T00634074,0,NONE,,,test
T00634075,0,NONE,,,test
T00634076,0,NONE,,,test
T00634077,0,NONE,,,test
T00634078,0,NONE,,,test
T00634079,0,NONE,,,test
T00634080,0,NONE,,,test
T00634081,0,NONE,,,test
T00634082,0,NONE,,,test
T00634083,0,NONE,,,test
T00634084,0,NONE,,,test
T00634085,0,NONE,,,test
T00634086,0,NONE,,,test
T00634087,0,NONE,,,test
T00634088,0,NONE,,,test
T00634089,0,NONE,,,test
T00634090,1,S7,S7-0153,recipient_cashout,test
T00634091,0,NONE,,,test
T00634092,0,NONE,,,test
T00634093,0,NONE,,,test
T00634094,0,NONE,,,test
T00634095,0,NONE,,,test
T00634096,0,NONE,,,test
T00634097,1,S1,S1-0178,mule_cashout,test
T00634098,0,NONE,,,test
T00634099,0,NONE,,,test
T00634100,0,NONE,,,test
T00634101,0,NONE,,,test
T00634102,0,NONE,,,test
T00634103,0,NONE,,,test
T00634104,0,NONE,,,test
T00634105,0,NONE,,,test
T00634106,0,NONE,,,test
T00634107,0,NONE,,,test
T00634108,0,NONE,,,test
T00634109,0,NONE,,,test
T00634110,0,NONE,,,test
T00634111,0,NONE,,,test
T00634112,0,NONE,,,test
T00634113,0,NONE,,,test
T00634114,0,NONE,,,test
T00634115,0,NONE,,,test
T00634116,0,NONE,,,test
T00634117,0,NONE,,,test
T00634118,0,NONE,,,test
T00634119,0,NONE,,,test
T00634120,0,NONE,,,test
T00634121,0,NONE,,,test
T00634122,0,NONE,,,test
T00634123,0,NONE,,,test
T00634124,0,NONE,,,test
T00634125,0,NONE,,,test
T00634126,0,NONE,,,test
T00634127,0,NONE,,,test
T00634128,0,NONE,,,test
T00634129,0,NONE,,,test
T00634130,0,NONE,,,test
T00634131,0,NONE,,,test
T00634132,0,NONE,,,test
T00634133,0,NONE,,,test
T00634134,0,NONE,,,test
T00634135,0,NONE,,,test
T00634136,0,NONE,,,test
T00634137,0,NONE,,,test
T00634138,0,NONE,,,test
T00634139,0,NONE,,,test
T00634140,0,NONE,,,test
T00634141,0,NONE,,,test
T00634142,0,NONE,,,test
T00634143,0,NONE,,,test
T00634144,0,NONE,,,test
T00634145,0,NONE,,,test
T00634146,0,NONE,,,test
T00634147,0,NONE,,,test
T00634148,0,NONE,,,test
T00634149,0,NONE,,,test
T00634150,0,NONE,,,test
T00634151,0,NONE,,,test
T00634152,0,NONE,,,test
T00634153,0,NONE,,,test
T00634154,0,NONE,,,test
T00634155,0,NONE,,,test
T00634156,0,NONE,,,test
T00634157,0,NONE,,,test
T00634158,0,NONE,,,test
T00634159,0,NONE,,,test
T00634160,0,NONE,,,test
T00634161,0,NONE,,,test
T00634162,0,NONE,,,test
T00634163,0,NONE,,,test
T00634164,0,NONE,,,test
T00634165,0,NONE,,,test
T00634166,0,NONE,,,test
T00634167,0,NONE,,,test
T00634168,0,NONE,,,test
T00634169,0,NONE,,,test
T00634170,0,NONE,,,test
T00634171,0,NONE,,,test
T00634172,0,NONE,,,test
T00634173,0,NONE,,,test
T00634174,0,NONE,,,test
T00634175,0,NONE,,,test
T00634176,0,NONE,,,test
T00634177,0,NONE,,,test
T00634178,0,NONE,,,test
T00634179,0,NONE,,,test
T00634180,0,NONE,,,test
T00634181,0,NONE,,,test
T00634182,0,NONE,,,test
T00634183,0,NONE,,,test
T00634184,0,NONE,,,test
T00634185,0,NONE,,,test
T00634186,0,NONE,,,test
T00634187,0,NONE,,,test
T00634188,0,NONE,,,test
T00634189,0,NONE,,,test
T00634190,0,NONE,,,test
T00634191,0,NONE,,,test
T00634192,0,NONE,,,test
T00634193,0,NONE,,,test
T00634194,0,NONE,,,test
T00634195,0,NONE,,,test
T00634196,0,NONE,,,test
T00634197,0,NONE,,,test
T00634198,0,NONE,,,test
T00634199,0,NONE,,,test
T00634200,0,NONE,,,test
T00634201,0,NONE,,,test
T00634202,0,NONE,,,test
T00634203,0,NONE,,,test
T00634204,0,NONE,,,test
T00634205,0,NONE,,,test
T00634206,0,NONE,,,test
T00634207,0,NONE,,,test
T00634208,0,NONE,,,test
T00634209,0,NONE,,,test
T00634210,0,NONE,,,test
T00634211,0,NONE,,,test
T00634212,0,NONE,,,test
T00634213,0,NONE,,,test
T00634214,0,NONE,,,test
T00634215,0,NONE,,,test
T00634216,0,NONE,,,test
T00634217,0,NONE,,,test
T00634218,0,NONE,,,test
T00634219,0,NONE,,,test
T00634220,0,NONE,,,test
T00634221,0,NONE,,,test
T00634222,0,NONE,,,test
T00634223,0,NONE,,,test
T00634224,0,NONE,,,test
T00634225,0,NONE,,,test
T00634226,0,NONE,,,test
T00634227,0,NONE,,,test
T00634228,0,NONE,,,test
T00634229,0,NONE,,,test
T00634230,0,NONE,,,test
T00634231,0,NONE,,,test
T00634232,0,NONE,,,test
T00634233,0,NONE,,,test
T00634234,0,NONE,,,test
T00634235,0,NONE,,,test
T00634236,0,NONE,,,test
T00634237,0,NONE,,,test
T00634238,0,NONE,,,test
T00634239,0,NONE,,,test
T00634240,0,NONE,,,test
T00634241,0,NONE,,,test
T00634242,0,NONE,,,test
T00634243,0,NONE,,,test
T00634244,0,NONE,,,test
T00634245,0,NONE,,,test
T00634246,0,NONE,,,test
T00634247,0,NONE,,,test
T00634248,0,NONE,,,test
T00634249,0,NONE,,,test
T00634250,0,NONE,,,test
T00634251,0,NONE,,,test
T00634252,0,NONE,,,test
T00634253,0,NONE,,,test
T00634254,0,NONE,,,test
T00634255,0,NONE,,,test
T00634256,0,NONE,,,test
T00634257,0,NONE,,,test
T00634258,0,NONE,,,test
T00634259,0,NONE,,,test
T00634260,0,NONE,,,test
T00634261,0,NONE,,,test
T00634262,0,NONE,,,test
T00634263,0,NONE,,,test
T00634264,0,NONE,,,test
T00634265,0,NONE,,,test
T00634266,0,NONE,,,test
T00634267,0,NONE,,,test
T00634268,0,NONE,,,test
T00634269,0,NONE,,,test
T00634270,0,NONE,,,test
T00634271,0,NONE,,,test
T00634272,0,NONE,,,test
T00634273,0,NONE,,,test
T00634274,0,NONE,,,test
T00634275,0,NONE,,,test
T00634276,0,NONE,,,test
T00634277,0,NONE,,,test
T00634278,0,NONE,,,test
T00634279,0,NONE,,,test
T00634280,0,NONE,,,test
T00634281,0,NONE,,,test
T00634282,0,NONE,,,test
T00634283,0,NONE,,,test
T00634284,0,NONE,,,test
T00634285,0,NONE,,,test
T00634286,0,NONE,,,test
T00634287,0,NONE,,,test
T00634288,0,NONE,,,test
T00634289,0,NONE,,,test
T00634290,0,NONE,,,test
T00634291,0,NONE,,,test
T00634292,0,NONE,,,test
T00634293,0,NONE,,,test
T00634294,0,NONE,,,test
T00634295,0,NONE,,,test
T00634296,0,NONE,,,test
T00634297,0,NONE,,,test
T00634298,0,NONE,,,test
T00634299,0,NONE,,,test
T00634300,0,NONE,,,test
T00634301,0,NONE,,,test
T00634302,0,NONE,,,test
T00634303,0,NONE,,,test
T00634304,0,NONE,,,test
T00634305,0,NONE,,,test
T00634306,0,NONE,,,test
T00634307,0,NONE,,,test
T00634308,0,NONE,,,test
T00634309,0,NONE,,,test
T00634310,0,NONE,,,test
T00634311,0,NONE,,,test
T00634312,0,NONE,,,test
T00634313,0,NONE,,,test
T00634314,0,NONE,,,test
T00634315,0,NONE,,,test
T00634316,0,NONE,,,test
T00634317,0,NONE,,,test
T00634318,0,NONE,,,test
T00634319,0,NONE,,,test
T00634320,0,NONE,,,test
T00634321,0,NONE,,,test
T00634322,0,NONE,,,test
T00634323,0,NONE,,,test
T00634324,0,NONE,,,test
T00634325,0,NONE,,,test
T00634326,0,NONE,,,test
T00634327,0,NONE,,,test
T00634328,0,NONE,,,test
T00634329,0,NONE,,,test
T00634330,0,NONE,,,test
T00634331,0,NONE,,,test
T00634332,0,NONE,,,test
T00634333,0,NONE,,,test
T00634334,0,NONE,,,test
T00634335,0,NONE,,,test
T00634336,0,NONE,,,test
T00634337,0,NONE,,,test
T00634338,0,NONE,,,test
T00634339,0,NONE,,,test
T00634340,0,NONE,,,test
T00634341,0,NONE,,,test
T00634342,0,NONE,,,test
T00634343,0,NONE,,,test
T00634344,0,NONE,,,test
T00634345,0,NONE,,,test
T00634346,0,NONE,,,test
T00634347,0,NONE,,,test
T00634348,0,NONE,,,test
T00634349,0,NONE,,,test
T00634350,0,NONE,,,test
T00634351,0,NONE,,,test
T00634352,0,NONE,,,test
T00634353,0,NONE,,,test
T00634354,0,NONE,,,test
T00634355,0,NONE,,,test
T00634356,0,NONE,,,test
T00634357,0,NONE,,,test
T00634358,0,NONE,,,test
T00634359,0,NONE,,,test
T00634360,0,NONE,,,test
T00634361,0,NONE,,,test
T00634362,0,NONE,,,test
T00634363,0,NONE,,,test
T00634364,0,NONE,,,test
T00634365,0,NONE,,,test
T00634366,0,NONE,,,test
T00634367,0,NONE,,,test
T00634368,0,NONE,,,test
T00634369,0,NONE,,,test
T00634370,0,NONE,,,test
T00634371,0,NONE,,,test
T00634372,0,NONE,,,test
T00634373,0,NONE,,,test
T00634374,0,NONE,,,test
T00634375,0,NONE,,,test
T00634376,0,NONE,,,test
T00634377,0,NONE,,,test
T00634378,0,NONE,,,test
T00634379,0,NONE,,,test
T00634380,0,NONE,,,test
T00634381,0,NONE,,,test
T00634382,0,NONE,,,test
T00634383,0,NONE,,,test
T00634384,0,NONE,,,test
T00634385,0,NONE,,,test
T00634386,0,NONE,,,test
T00634387,0,NONE,,,test
T00634388,0,NONE,,,test
T00634389,0,NONE,,,test
T00634390,0,NONE,,,test
T00634391,0,NONE,,,test
T00634392,0,NONE,,,test
T00634393,0,NONE,,,test
T00634394,0,NONE,,,test
T00634395,0,NONE,,,test
T00634396,0,NONE,,,test
T00634397,0,NONE,,,test
T00634398,0,NONE,,,test
T00634399,0,NONE,,,test
T00634400,0,NONE,,,test
T00634401,0,NONE,,,test
T00634402,0,NONE,,,test
T00634403,0,NONE,,,test
T00634404,0,NONE,,,test
T00634405,0,NONE,,,test
T00634406,0,NONE,,,test
T00634407,0,NONE,,,test
T00634408,0,NONE,,,test
T00634409,0,NONE,,,test
T00634410,0,NONE,,,test
T00634411,0,NONE,,,test
T00634412,0,NONE,,,test
T00634413,0,NONE,,,test
T00634414,0,NONE,,,test
T00634415,0,NONE,,,test
T00634416,0,NONE,,,test
T00634417,0,NONE,,,test
T00634418,0,NONE,,,test
T00634419,0,NONE,,,test
T00634420,0,NONE,,,test
T00634421,0,NONE,,,test
T00634422,0,NONE,,,test
T00634423,0,NONE,,,test
T00634424,0,NONE,,,test
T00634425,0,NONE,,,test
T00634426,0,NONE,,,test
T00634427,0,NONE,,,test
T00634428,0,NONE,,,test
T00634429,0,NONE,,,test
T00634430,0,NONE,,,test
T00634431,0,NONE,,,test
T00634432,0,NONE,,,test
T00634433,0,NONE,,,test
T00634434,0,NONE,,,test
T00634435,0,NONE,,,test
T00634436,0,NONE,,,test
T00634437,0,NONE,,,test
T00634438,0,NONE,,,test
T00634439,0,NONE,,,test
T00634440,0,NONE,,,test
T00634441,0,NONE,,,test
T00634442,0,NONE,,,test
T00634443,0,NONE,,,test
T00634444,0,NONE,,,test
T00634445,0,NONE,,,test
T00634446,0,NONE,,,test
T00634447,0,NONE,,,test
T00634448,0,NONE,,,test
T00634449,0,NONE,,,test
T00634450,0,NONE,,,test
T00634451,0,NONE,,,test
T00634452,0,NONE,,,test
T00634453,0,NONE,,,test
T00634454,0,NONE,,,test
T00634455,0,NONE,,,test
T00634456,0,NONE,,,test
T00634457,0,NONE,,,test
T00634458,0,NONE,,,test
T00634459,0,NONE,,,test
T00634460,0,NONE,,,test
T00634461,0,NONE,,,test
T00634462,0,NONE,,,test
T00634463,0,NONE,,,test
T00634464,0,NONE,,,test
T00634465,0,NONE,,,test
T00634466,0,NONE,,,test
T00634467,0,NONE,,,test
T00634468,0,NONE,,,test
T00634469,0,NONE,,,test
T00634470,0,NONE,,,test
T00634471,0,NONE,,,test
T00634472,0,NONE,,,test
T00634473,0,NONE,,,test
T00634474,0,NONE,,,test
T00634475,0,NONE,,,test
T00634476,0,NONE,,,test
T00634477,0,NONE,,,test
T00634478,0,NONE,,,test
T00634479,0,NONE,,,test
T00634480,0,NONE,,,test
T00634481,0,NONE,,,test
T00634482,0,NONE,,,test
T00634483,0,NONE,,,test
T00634484,0,NONE,,,test
T00634485,0,NONE,,,test
T00634486,0,NONE,,,test
T00634487,0,NONE,,,test
T00634488,0,NONE,,,test
T00634489,0,NONE,,,test
T00634490,0,NONE,,,test
T00634491,0,NONE,,,test
T00634492,0,NONE,,,test
T00634493,0,NONE,,,test
T00634494,0,NONE,,,test
T00634495,0,NONE,,,test
T00634496,0,NONE,,,test
T00634497,0,NONE,,,test
T00634498,0,NONE,,,test
T00634499,0,NONE,,,test
T00634500,0,NONE,,,test
T00634501,0,NONE,,,test
T00634502,0,NONE,,,test
T00634503,0,NONE,,,test
T00634504,0,NONE,,,test
T00634505,0,NONE,,,test
T00634506,0,NONE,,,test
T00634507,0,NONE,,,test
T00634508,0,NONE,,,test
T00634509,0,NONE,,,test
T00634510,0,NONE,,,test
T00634511,0,NONE,,,test
T00634512,0,NONE,,,test
T00634513,0,NONE,,,test
T00634514,0,NONE,,,test
T00634515,0,NONE,,,test
T00634516,0,NONE,,,test
T00634517,0,NONE,,,test
T00634518,0,NONE,,,test
T00634519,0,NONE,,,test
T00634520,0,NONE,,,test
T00634521,0,NONE,,,test
T00634522,0,NONE,,,test
T00634523,0,NONE,,,test
T00634524,0,NONE,,,test
T00634525,0,NONE,,,test
T00634526,0,NONE,,,test
T00634527,0,NONE,,,test
T00634528,0,NONE,,,test
T00634529,0,NONE,,,test
T00634530,0,NONE,,,test
T00634531,0,NONE,,,test
T00634532,0,NONE,,,test
T00634533,0,NONE,,,test
T00634534,0,NONE,,,test
T00634535,0,NONE,,,test
T00634536,0,NONE,,,test
T00634537,0,NONE,,,test
T00634538,0,NONE,,,test
T00634539,0,NONE,,,test
T00634540,0,NONE,,,test
T00634541,0,NONE,,,test
T00634542,0,NONE,,,test
T00634543,0,NONE,,,test
T00634544,0,NONE,,,test
T00634545,0,NONE,,,test
T00634546,0,NONE,,,test
T00634547,0,NONE,,,test
T00634548,0,NONE,,,test
T00634549,0,NONE,,,test
T00634550,0,NONE,,,test
T00634551,0,NONE,,,test
T00634552,0,NONE,,,test
T00634553,0,NONE,,,test
T00634554,0,NONE,,,test
T00634555,0,NONE,,,test
T00634556,0,NONE,,,test
T00634557,0,NONE,,,test
T00634558,0,NONE,,,test
T00634559,0,NONE,,,test
T00634560,0,NONE,,,test
T00634561,0,NONE,,,test
T00634562,0,NONE,,,test
T00634563,0,NONE,,,test
T00634564,0,NONE,,,test
T00634565,0,NONE,,,test
T00634566,0,NONE,,,test
T00634567,0,NONE,,,test
T00634568,0,NONE,,,test
T00634569,0,NONE,,,test
T00634570,0,NONE,,,test
T00634571,0,NONE,,,test
T00634572,0,NONE,,,test
T00634573,0,NONE,,,test
T00634574,0,NONE,,,test
T00634575,0,NONE,,,test
T00634576,0,NONE,,,test
T00634577,0,NONE,,,test
T00634578,0,NONE,,,test
T00634579,0,NONE,,,test
T00634580,0,NONE,,,test
T00634581,0,NONE,,,test
T00634582,0,NONE,,,test
T00634583,0,NONE,,,test
T00634584,0,NONE,,,test
T00634585,0,NONE,,,test
T00634586,0,NONE,,,test
T00634587,0,NONE,,,test
T00634588,0,NONE,,,test
T00634589,0,NONE,,,test
T00634590,0,NONE,,,test
T00634591,0,NONE,,,test
T00634592,0,NONE,,,test
T00634593,0,NONE,,,test
T00634594,0,NONE,,,test
T00634595,0,NONE,,,test
T00634596,0,NONE,,,test
T00634597,0,NONE,,,test
T00634598,0,NONE,,,test
T00634599,0,NONE,,,test
T00634600,0,NONE,,,test
T00634601,0,NONE,,,test
T00634602,0,NONE,,,test
T00634603,0,NONE,,,test
T00634604,0,NONE,,,test
T00634605,0,NONE,,,test
T00634606,0,NONE,,,test
T00634607,0,NONE,,,test
T00634608,0,NONE,,,test
T00634609,0,NONE,,,test
T00634610,0,NONE,,,test
T00634611,0,NONE,,,test
T00634612,0,NONE,,,test
T00634613,0,NONE,,,test
T00634614,0,NONE,,,test
T00634615,0,NONE,,,test
T00634616,0,NONE,,,test
T00634617,0,NONE,,,test
T00634618,0,NONE,,,test
T00634619,0,NONE,,,test
T00634620,0,NONE,,,test
T00634621,0,NONE,,,test
T00634622,0,NONE,,,test
T00634623,0,NONE,,,test
T00634624,1,S7,S7-0154,coerced_send,test
T00634625,0,NONE,,,test
T00634626,0,NONE,,,test
T00634627,0,NONE,,,test
T00634628,0,NONE,,,test
T00634629,0,NONE,,,test
T00634630,0,NONE,,,test
T00634631,0,NONE,,,test
T00634632,0,NONE,,,test
T00634633,0,NONE,,,test
T00634634,0,NONE,,,test
T00634635,0,NONE,,,test
T00634636,0,NONE,,,test
T00634637,0,NONE,,,test
T00634638,0,NONE,,,test
T00634639,0,NONE,,,test
T00634640,0,NONE,,,test
T00634641,0,NONE,,,test
T00634642,0,NONE,,,test
T00634643,0,NONE,,,test
T00634644,0,NONE,,,test
T00634645,0,NONE,,,test
T00634646,0,NONE,,,test
T00634647,0,NONE,,,test
T00634648,0,NONE,,,test
T00634649,0,NONE,,,test
T00634650,0,NONE,,,test
T00634651,0,NONE,,,test
T00634652,0,NONE,,,test
T00634653,0,NONE,,,test
T00634654,0,NONE,,,test
T00634655,0,NONE,,,test
T00634656,0,NONE,,,test
T00634657,0,NONE,,,test
T00634658,0,NONE,,,test
T00634659,0,NONE,,,test
T00634660,0,NONE,,,test
T00634661,0,NONE,,,test
T00634662,0,NONE,,,test
T00634663,0,NONE,,,test
T00634664,0,NONE,,,test
T00634665,0,NONE,,,test
T00634666,0,NONE,,,test
T00634667,0,NONE,,,test
T00634668,0,NONE,,,test
T00634669,0,NONE,,,test
T00634670,0,NONE,,,test
T00634671,0,NONE,,,test
T00634672,0,NONE,,,test
T00634673,0,NONE,,,test
T00634674,0,NONE,,,test
T00634675,0,NONE,,,test
T00634676,0,NONE,,,test
T00634677,0,NONE,,,test
T00634678,0,NONE,,,test
T00634679,0,NONE,,,test
T00634680,0,NONE,,,test
T00634681,0,NONE,,,test
T00634682,0,NONE,,,test
T00634683,0,NONE,,,test
T00634684,0,NONE,,,test
T00634685,0,NONE,,,test
T00634686,0,NONE,,,test
T00634687,0,NONE,,,test
T00634688,0,NONE,,,test
T00634689,0,NONE,,,test
T00634690,0,NONE,,,test
T00634691,0,NONE,,,test
T00634692,0,NONE,,,test
T00634693,0,NONE,,,test
T00634694,0,NONE,,,test
T00634695,0,NONE,,,test
T00634696,0,NONE,,,test
T00634697,0,NONE,,,test
T00634698,0,NONE,,,test
T00634699,0,NONE,,,test
T00634700,0,NONE,,,test
T00634701,0,NONE,,,test
T00634702,0,NONE,,,test
T00634703,0,NONE,,,test
T00634704,0,NONE,,,test
T00634705,0,NONE,,,test
T00634706,0,NONE,,,test
T00634707,0,NONE,,,test
T00634708,0,NONE,,,test
T00634709,0,NONE,,,test
T00634710,0,NONE,,,test
T00634711,0,NONE,,,test
T00634712,0,NONE,,,test
T00634713,0,NONE,,,test
T00634714,0,NONE,,,test
T00634715,0,NONE,,,test
T00634716,0,NONE,,,test
T00634717,0,NONE,,,test
T00634718,0,NONE,,,test
T00634719,0,NONE,,,test
T00634720,0,NONE,,,test
T00634721,0,NONE,,,test
T00634722,0,NONE,,,test
T00634723,0,NONE,,,test
T00634724,0,NONE,,,test
T00634725,0,NONE,,,test
T00634726,0,NONE,,,test
T00634727,0,NONE,,,test
T00634728,0,NONE,,,test
T00634729,0,NONE,,,test
T00634730,0,NONE,,,test
T00634731,0,NONE,,,test
T00634732,0,NONE,,,test
T00634733,0,NONE,,,test
T00634734,0,NONE,,,test
T00634735,0,NONE,,,test
T00634736,0,NONE,,,test
T00634737,0,NONE,,,test
T00634738,0,NONE,,,test
T00634739,0,NONE,,,test
T00634740,0,NONE,,,test
T00634741,0,NONE,,,test
T00634742,0,NONE,,,test
T00634743,0,NONE,,,test
T00634744,0,NONE,,,test
T00634745,0,NONE,,,test
T00634746,0,NONE,,,test
T00634747,0,NONE,,,test
T00634748,0,NONE,,,test
T00634749,0,NONE,,,test
T00634750,0,NONE,,,test
T00634751,0,NONE,,,test
T00634752,0,NONE,,,test
T00634753,0,NONE,,,test
T00634754,0,NONE,,,test
T00634755,0,NONE,,,test
T00634756,0,NONE,,,test
T00634757,0,NONE,,,test
T00634758,0,NONE,,,test
T00634759,1,S7,S7-0154,recipient_cashout,test
T00634760,0,NONE,,,test
T00634761,0,NONE,,,test
T00634762,0,NONE,,,test
T00634763,0,NONE,,,test
T00634764,0,NONE,,,test
T00634765,0,NONE,,,test
T00634766,0,NONE,,,test
T00634767,0,NONE,,,test
T00634768,0,NONE,,,test
T00634769,0,NONE,,,test
T00634770,0,NONE,,,test
T00634771,0,NONE,,,test
T00634772,0,NONE,,,test
T00634773,0,NONE,,,test
T00634774,0,NONE,,,test
T00634775,0,NONE,,,test
T00634776,0,NONE,,,test
T00634777,0,NONE,,,test
T00634778,0,NONE,,,test
T00634779,0,NONE,,,test
T00634780,0,NONE,,,test
T00634781,0,NONE,,,test
T00634782,0,NONE,,,test
T00634783,0,NONE,,,test
T00634784,0,NONE,,,test
T00634785,0,NONE,,,test
T00634786,0,NONE,,,test
T00634787,0,NONE,,,test
T00634788,0,NONE,,,test
T00634789,0,NONE,,,test
T00634790,0,NONE,,,test
T00634791,0,NONE,,,test
T00634792,0,NONE,,,test
T00634793,0,NONE,,,test
T00634794,0,NONE,,,test
T00634795,0,NONE,,,test
T00634796,0,NONE,,,test
T00634797,0,NONE,,,test
T00634798,0,NONE,,,test
T00634799,0,NONE,,,test
T00634800,0,NONE,,,test
T00634801,0,NONE,,,test
T00634802,0,NONE,,,test
T00634803,0,NONE,,,test
T00634804,0,NONE,,,test
T00634805,0,NONE,,,test
T00634806,0,NONE,,,test
T00634807,0,NONE,,,test
T00634808,0,NONE,,,test
T00634809,0,NONE,,,test
T00634810,0,NONE,,,test
T00634811,0,NONE,,,test
T00634812,0,NONE,,,test
T00634813,0,NONE,,,test
T00634814,0,NONE,,,test
T00634815,0,NONE,,,test
T00634816,0,NONE,,,test
T00634817,0,NONE,,,test
T00634818,0,NONE,,,test
T00634819,0,NONE,,,test
T00634820,0,NONE,,,test
T00634821,0,NONE,,,test
T00634822,0,NONE,,,test
T00634823,0,NONE,,,test
T00634824,0,NONE,,,test
T00634825,0,NONE,,,test
T00634826,0,NONE,,,test
T00634827,0,NONE,,,test
T00634828,0,NONE,,,test
T00634829,0,NONE,,,test
T00634830,0,NONE,,,test
T00634831,0,NONE,,,test
T00634832,0,NONE,,,test
T00634833,0,NONE,,,test
T00634834,0,NONE,,,test
T00634835,0,NONE,,,test
T00634836,0,NONE,,,test
T00634837,0,NONE,,,test
T00634838,0,NONE,,,test
T00634839,0,NONE,,,test
T00634840,0,NONE,,,test
T00634841,0,NONE,,,test
T00634842,0,NONE,,,test
T00634843,0,NONE,,,test
T00634844,0,NONE,,,test
T00634845,0,NONE,,,test
T00634846,0,NONE,,,test
T00634847,0,NONE,,,test
T00634848,0,NONE,,,test
T00634849,0,NONE,,,test
T00634850,0,NONE,,,test
T00634851,0,NONE,,,test
T00634852,0,NONE,,,test
T00634853,0,NONE,,,test
T00634854,0,NONE,,,test
T00634855,0,NONE,,,test
T00634856,0,NONE,,,test
T00634857,0,NONE,,,test
T00634858,0,NONE,,,test
T00634859,0,NONE,,,test
T00634860,0,NONE,,,test
T00634861,0,NONE,,,test
T00634862,0,NONE,,,test
T00634863,0,NONE,,,test
T00634864,0,NONE,,,test
T00634865,0,NONE,,,test
T00634866,0,NONE,,,test
T00634867,0,NONE,,,test
T00634868,0,NONE,,,test
T00634869,0,NONE,,,test
T00634870,0,NONE,,,test
T00634871,0,NONE,,,test
T00634872,0,NONE,,,test
T00634873,0,NONE,,,test
T00634874,0,NONE,,,test
T00634875,0,NONE,,,test
T00634876,0,NONE,,,test
T00634877,0,NONE,,,test
T00634878,0,NONE,,,test
T00634879,0,NONE,,,test
T00634880,0,NONE,,,test
T00634881,0,NONE,,,test
T00634882,0,NONE,,,test
T00634883,0,NONE,,,test
T00634884,0,NONE,,,test
T00634885,0,NONE,,,test
T00634886,0,NONE,,,test
T00634887,0,NONE,,,test
T00634888,0,NONE,,,test
T00634889,0,NONE,,,test
T00634890,0,NONE,,,test
T00634891,0,NONE,,,test
T00634892,0,NONE,,,test
T00634893,0,NONE,,,test
T00634894,0,NONE,,,test
T00634895,0,NONE,,,test
T00634896,0,NONE,,,test
T00634897,0,NONE,,,test
T00634898,0,NONE,,,test
T00634899,0,NONE,,,test
T00634900,0,NONE,,,test
T00634901,0,NONE,,,test
T00634902,0,NONE,,,test
T00634903,0,NONE,,,test
T00634904,0,NONE,,,test
T00634905,0,NONE,,,test
T00634906,0,NONE,,,test
T00634907,0,NONE,,,test
T00634908,0,NONE,,,test
T00634909,0,NONE,,,test
T00634910,0,NONE,,,test
T00634911,0,NONE,,,test
T00634912,0,NONE,,,test
T00634913,0,NONE,,,test
T00634914,0,NONE,,,test
T00634915,0,NONE,,,test
T00634916,0,NONE,,,test
T00634917,0,NONE,,,test
T00634918,0,NONE,,,test
T00634919,0,NONE,,,test
T00634920,0,NONE,,,test
T00634921,0,NONE,,,test
T00634922,0,NONE,,,test
T00634923,0,NONE,,,test
T00634924,0,NONE,,,test
T00634925,0,NONE,,,test
T00634926,0,NONE,,,test
T00634927,0,NONE,,,test
T00634928,0,NONE,,,test
T00634929,0,NONE,,,test
T00634930,0,NONE,,,test
T00634931,0,NONE,,,test
T00634932,0,NONE,,,test
T00634933,0,NONE,,,test
T00634934,0,NONE,,,test
T00634935,0,NONE,,,test
T00634936,0,NONE,,,test
T00634937,0,NONE,,,test
T00634938,0,NONE,,,test
T00634939,0,NONE,,,test
T00634940,0,NONE,,,test
T00634941,0,NONE,,,test
T00634942,0,NONE,,,test
T00634943,0,NONE,,,test
T00634944,0,NONE,,,test
T00634945,0,NONE,,,test
T00634946,0,NONE,,,test
T00634947,0,NONE,,,test
T00634948,0,NONE,,,test
T00634949,0,NONE,,,test
T00634950,0,NONE,,,test
T00634951,0,NONE,,,test
T00634952,0,NONE,,,test
T00634953,0,NONE,,,test
T00634954,0,NONE,,,test
T00634955,0,NONE,,,test
T00634956,0,NONE,,,test
T00634957,0,NONE,,,test
T00634958,0,NONE,,,test
T00634959,0,NONE,,,test
T00634960,0,NONE,,,test
T00634961,0,NONE,,,test
T00634962,0,NONE,,,test
T00634963,0,NONE,,,test
T00634964,0,NONE,,,test
T00634965,0,NONE,,,test
T00634966,0,NONE,,,test
T00634967,0,NONE,,,test
T00634968,0,NONE,,,test
T00634969,0,NONE,,,test
T00634970,0,NONE,,,test
T00634971,0,NONE,,,test
T00634972,0,NONE,,,test
T00634973,0,NONE,,,test
T00634974,0,NONE,,,test
T00634975,0,NONE,,,test
T00634976,0,NONE,,,test
T00634977,0,NONE,,,test
T00634978,0,NONE,,,test
T00634979,0,NONE,,,test
T00634980,0,NONE,,,test
T00634981,0,NONE,,,test
T00634982,0,NONE,,,test
T00634983,0,NONE,,,test
T00634984,0,NONE,,,test
T00634985,0,NONE,,,test
T00634986,0,NONE,,,test
T00634987,0,NONE,,,test
T00634988,0,NONE,,,test
T00634989,0,NONE,,,test
T00634990,0,NONE,,,test
T00634991,0,NONE,,,test
T00634992,0,NONE,,,test
T00634993,0,NONE,,,test
T00634994,0,NONE,,,test
T00634995,0,NONE,,,test
T00634996,0,NONE,,,test
T00634997,0,NONE,,,test
T00634998,0,NONE,,,test
T00634999,1,S2,S2-0037,collector_cashout,test
T00635000,0,NONE,,,test
T00635001,0,NONE,,,test
T00635002,0,NONE,,,test
T00635003,0,NONE,,,test
T00635004,0,NONE,,,test
T00635005,0,NONE,,,test
T00635006,0,NONE,,,test
T00635007,0,NONE,,,test
T00635008,0,NONE,,,test
T00635009,0,NONE,,,test
T00635010,0,NONE,,,test
T00635011,0,NONE,,,test
T00635012,0,NONE,,,test
T00635013,0,NONE,,,test
T00635014,0,NONE,,,test
T00635015,0,NONE,,,test
T00635016,0,NONE,,,test
T00635017,0,NONE,,,test
T00635018,0,NONE,,,test
T00635019,0,NONE,,,test
T00635020,0,NONE,,,test
T00635021,0,NONE,,,test
T00635022,0,NONE,,,test
T00635023,0,NONE,,,test
T00635024,0,NONE,,,test
T00635025,0,NONE,,,test
T00635026,0,NONE,,,test
T00635027,0,NONE,,,test
T00635028,0,NONE,,,test
T00635029,0,NONE,,,test
T00635030,0,NONE,,,test
T00635031,0,NONE,,,test
T00635032,0,NONE,,,test
T00635033,1,S7,S7-0154,mule_hop,test
T00635034,0,NONE,,,test
T00635035,0,NONE,,,test
T00635036,0,NONE,,,test
T00635037,0,NONE,,,test
T00635038,0,NONE,,,test
T00635039,0,NONE,,,test
T00635040,0,NONE,,,test
T00635041,0,NONE,,,test
T00635042,0,NONE,,,test
T00635043,0,NONE,,,test
T00635044,0,NONE,,,test
T00635045,0,NONE,,,test
T00635046,0,NONE,,,test
T00635047,0,NONE,,,test
T00635048,0,NONE,,,test
T00635049,0,NONE,,,test
T00635050,0,NONE,,,test
T00635051,0,NONE,,,test
T00635052,0,NONE,,,test
T00635053,0,NONE,,,test
T00635054,0,NONE,,,test
T00635055,0,NONE,,,test
T00635056,0,NONE,,,test
T00635057,0,NONE,,,test
T00635058,0,NONE,,,test
T00635059,0,NONE,,,test
T00635060,0,NONE,,,test
T00635061,0,NONE,,,test
T00635062,0,NONE,,,test
T00635063,0,NONE,,,test
T00635064,0,NONE,,,test
T00635065,0,NONE,,,test
T00635066,0,NONE,,,test
T00635067,0,NONE,,,test
T00635068,0,NONE,,,test
T00635069,0,NONE,,,test
T00635070,0,NONE,,,test
T00635071,0,NONE,,,test
T00635072,0,NONE,,,test
T00635073,0,NONE,,,test
T00635074,0,NONE,,,test
T00635075,0,NONE,,,test
T00635076,0,NONE,,,test
T00635077,0,NONE,,,test
T00635078,0,NONE,,,test
T00635079,0,NONE,,,test
T00635080,0,NONE,,,test
T00635081,0,NONE,,,test
T00635082,0,NONE,,,test
T00635083,0,NONE,,,test
T00635084,0,NONE,,,test
T00635085,0,NONE,,,test
T00635086,0,NONE,,,test
T00635087,0,NONE,,,test
T00635088,0,NONE,,,test
T00635089,0,NONE,,,test
T00635090,0,NONE,,,test
T00635091,0,NONE,,,test
T00635092,0,NONE,,,test
T00635093,0,NONE,,,test
T00635094,0,NONE,,,test
T00635095,0,NONE,,,test
T00635096,0,NONE,,,test
T00635097,0,NONE,,,test
T00635098,0,NONE,,,test
T00635099,0,NONE,,,test
T00635100,0,NONE,,,test
T00635101,0,NONE,,,test
T00635102,0,NONE,,,test
T00635103,0,NONE,,,test
T00635104,0,NONE,,,test
T00635105,0,NONE,,,test
T00635106,0,NONE,,,test
T00635107,0,NONE,,,test
T00635108,0,NONE,,,test
T00635109,0,NONE,,,test
T00635110,0,NONE,,,test
T00635111,0,NONE,,,test
T00635112,0,NONE,,,test
T00635113,0,NONE,,,test
T00635114,0,NONE,,,test
T00635115,0,NONE,,,test
T00635116,0,NONE,,,test
T00635117,0,NONE,,,test
T00635118,0,NONE,,,test
T00635119,0,NONE,,,test
T00635120,0,NONE,,,test
T00635121,0,NONE,,,test
T00635122,0,NONE,,,test
T00635123,0,NONE,,,test
T00635124,0,NONE,,,test
T00635125,0,NONE,,,test
T00635126,0,NONE,,,test
T00635127,0,NONE,,,test
T00635128,0,NONE,,,test
T00635129,0,NONE,,,test
T00635130,0,NONE,,,test
T00635131,0,NONE,,,test
T00635132,0,NONE,,,test
T00635133,0,NONE,,,test
T00635134,0,NONE,,,test
T00635135,0,NONE,,,test
T00635136,0,NONE,,,test
T00635137,0,NONE,,,test
T00635138,0,NONE,,,test
T00635139,0,NONE,,,test
T00635140,0,NONE,,,test
T00635141,0,NONE,,,test
T00635142,0,NONE,,,test
T00635143,0,NONE,,,test
T00635144,0,NONE,,,test
T00635145,0,NONE,,,test
T00635146,0,NONE,,,test
T00635147,0,NONE,,,test
T00635148,0,NONE,,,test
T00635149,0,NONE,,,test
T00635150,0,NONE,,,test
T00635151,0,NONE,,,test
T00635152,0,NONE,,,test
T00635153,0,NONE,,,test
T00635154,0,NONE,,,test
T00635155,0,NONE,,,test
T00635156,0,NONE,,,test
T00635157,0,NONE,,,test
T00635158,0,NONE,,,test
T00635159,0,NONE,,,test
T00635160,0,NONE,,,test
T00635161,0,NONE,,,test
T00635162,0,NONE,,,test
T00635163,0,NONE,,,test
T00635164,0,NONE,,,test
T00635165,0,NONE,,,test
T00635166,0,NONE,,,test
T00635167,0,NONE,,,test
T00635168,0,NONE,,,test
T00635169,0,NONE,,,test
T00635170,0,NONE,,,test
T00635171,0,NONE,,,test
T00635172,0,NONE,,,test
T00635173,0,NONE,,,test
T00635174,0,NONE,,,test
T00635175,0,NONE,,,test
T00635176,0,NONE,,,test
T00635177,0,NONE,,,test
T00635178,0,NONE,,,test
T00635179,0,NONE,,,test
T00635180,0,NONE,,,test
T00635181,0,NONE,,,test
T00635182,0,NONE,,,test
T00635183,0,NONE,,,test
T00635184,0,NONE,,,test
T00635185,0,NONE,,,test
T00635186,0,NONE,,,test
T00635187,0,NONE,,,test
T00635188,0,NONE,,,test
T00635189,0,NONE,,,test
T00635190,0,NONE,,,test
T00635191,0,NONE,,,test
T00635192,0,NONE,,,test
T00635193,0,NONE,,,test
T00635194,0,NONE,,,test
T00635195,0,NONE,,,test
T00635196,0,NONE,,,test
T00635197,0,NONE,,,test
T00635198,0,NONE,,,test
T00635199,0,NONE,,,test
T00635200,0,NONE,,,test
T00635201,0,NONE,,,test
T00635202,0,NONE,,,test
T00635203,0,NONE,,,test
T00635204,0,NONE,,,test
T00635205,0,NONE,,,test
T00635206,0,NONE,,,test
T00635207,0,NONE,,,test
T00635208,0,NONE,,,test
T00635209,0,NONE,,,test
T00635210,0,NONE,,,test
T00635211,0,NONE,,,test
T00635212,0,NONE,,,test
T00635213,0,NONE,,,test
T00635214,0,NONE,,,test
T00635215,0,NONE,,,test
T00635216,0,NONE,,,test
T00635217,0,NONE,,,test
T00635218,0,NONE,,,test
T00635219,0,NONE,,,test
T00635220,0,NONE,,,test
T00635221,0,NONE,,,test
T00635222,0,NONE,,,test
T00635223,0,NONE,,,test
T00635224,0,NONE,,,test
T00635225,0,NONE,,,test
T00635226,0,NONE,,,test
T00635227,0,NONE,,,test
T00635228,0,NONE,,,test
T00635229,0,NONE,,,test
T00635230,0,NONE,,,test
T00635231,0,NONE,,,test
T00635232,0,NONE,,,test
T00635233,0,NONE,,,test
T00635234,0,NONE,,,test
T00635235,0,NONE,,,test
T00635236,0,NONE,,,test
T00635237,0,NONE,,,test
T00635238,0,NONE,,,test
T00635239,0,NONE,,,test
T00635240,0,NONE,,,test
T00635241,0,NONE,,,test
T00635242,0,NONE,,,test
T00635243,0,NONE,,,test
T00635244,0,NONE,,,test
T00635245,0,NONE,,,test
T00635246,0,NONE,,,test
T00635247,0,NONE,,,test
T00635248,0,NONE,,,test
T00635249,0,NONE,,,test
T00635250,0,NONE,,,test
T00635251,0,NONE,,,test
T00635252,0,NONE,,,test
T00635253,0,NONE,,,test
T00635254,0,NONE,,,test
T00635255,0,NONE,,,test
T00635256,0,NONE,,,test
T00635257,0,NONE,,,test
T00635258,0,NONE,,,test
T00635259,0,NONE,,,test
T00635260,0,NONE,,,test
T00635261,0,NONE,,,test
T00635262,0,NONE,,,test
T00635263,0,NONE,,,test
T00635264,0,NONE,,,test
T00635265,0,NONE,,,test
T00635266,0,NONE,,,test
T00635267,0,NONE,,,test
T00635268,0,NONE,,,test
T00635269,0,NONE,,,test
T00635270,0,NONE,,,test
T00635271,0,NONE,,,test
T00635272,0,NONE,,,test
T00635273,0,NONE,,,test
T00635274,0,NONE,,,test
T00635275,0,NONE,,,test
T00635276,0,NONE,,,test
T00635277,0,NONE,,,test
T00635278,0,NONE,,,test
T00635279,0,NONE,,,test
T00635280,0,NONE,,,test
T00635281,0,NONE,,,test
T00635282,0,NONE,,,test
T00635283,0,NONE,,,test
T00635284,0,NONE,,,test
T00635285,0,NONE,,,test
T00635286,0,NONE,,,test
T00635287,0,NONE,,,test
T00635288,0,NONE,,,test
T00635289,0,NONE,,,test
T00635290,0,NONE,,,test
T00635291,0,NONE,,,test
T00635292,0,NONE,,,test
T00635293,0,NONE,,,test
T00635294,0,NONE,,,test
T00635295,0,NONE,,,test
T00635296,0,NONE,,,test
T00635297,0,NONE,,,test
T00635298,0,NONE,,,test
T00635299,0,NONE,,,test
T00635300,0,NONE,,,test
T00635301,0,NONE,,,test
T00635302,0,NONE,,,test
T00635303,0,NONE,,,test
T00635304,0,NONE,,,test
T00635305,0,NONE,,,test
T00635306,0,NONE,,,test
T00635307,0,NONE,,,test
T00635308,0,NONE,,,test
T00635309,0,NONE,,,test
T00635310,0,NONE,,,test
T00635311,0,NONE,,,test
T00635312,0,NONE,,,test
T00635313,0,NONE,,,test
T00635314,0,NONE,,,test
T00635315,0,NONE,,,test
T00635316,0,NONE,,,test
T00635317,0,NONE,,,test
T00635318,0,NONE,,,test
T00635319,0,NONE,,,test
T00635320,0,NONE,,,test
T00635321,0,NONE,,,test
T00635322,0,NONE,,,test
T00635323,0,NONE,,,test
T00635324,0,NONE,,,test
T00635325,0,NONE,,,test
T00635326,0,NONE,,,test
T00635327,0,NONE,,,test
T00635328,0,NONE,,,test
T00635329,0,NONE,,,test
T00635330,0,NONE,,,test
T00635331,0,NONE,,,test
T00635332,0,NONE,,,test
T00635333,0,NONE,,,test
T00635334,0,NONE,,,test
T00635335,0,NONE,,,test
T00635336,1,S1,S1-0175,mule_cashout,test
T00635337,0,NONE,,,test
T00635338,0,NONE,,,test
T00635339,0,NONE,,,test
T00635340,0,NONE,,,test
T00635341,0,NONE,,,test
T00635342,0,NONE,,,test
T00635343,0,NONE,,,test
T00635344,0,NONE,,,test
T00635345,0,NONE,,,test
T00635346,0,NONE,,,test
T00635347,0,NONE,,,test
T00635348,0,NONE,,,test
T00635349,0,NONE,,,test
T00635350,0,NONE,,,test
T00635351,0,NONE,,,test
T00635352,0,NONE,,,test
T00635353,0,NONE,,,test
T00635354,0,NONE,,,test
T00635355,0,NONE,,,test
T00635356,0,NONE,,,test
T00635357,0,NONE,,,test
T00635358,0,NONE,,,test
T00635359,0,NONE,,,test
T00635360,0,NONE,,,test
T00635361,0,NONE,,,test
T00635362,1,S1,S1-0180,takeover_drain,test
T00635363,0,NONE,,,test
T00635364,0,NONE,,,test
T00635365,0,NONE,,,test
T00635366,0,NONE,,,test
T00635367,0,NONE,,,test
T00635368,0,NONE,,,test
T00635369,0,NONE,,,test
T00635370,0,NONE,,,test
T00635371,0,NONE,,,test
T00635372,0,NONE,,,test
T00635373,0,NONE,,,test
T00635374,0,NONE,,,test
T00635375,0,NONE,,,test
T00635376,0,NONE,,,test
T00635377,0,NONE,,,test
T00635378,0,NONE,,,test
T00635379,0,NONE,,,test
T00635380,0,NONE,,,test
T00635381,0,NONE,,,test
T00635382,0,NONE,,,test
T00635383,0,NONE,,,test
T00635384,0,NONE,,,test
T00635385,0,NONE,,,test
T00635386,0,NONE,,,test
T00635387,0,NONE,,,test
T00635388,0,NONE,,,test
T00635389,0,NONE,,,test
T00635390,0,NONE,,,test
T00635391,0,NONE,,,test
T00635392,0,NONE,,,test
T00635393,0,NONE,,,test
T00635394,0,NONE,,,test
T00635395,0,NONE,,,test
T00635396,0,NONE,,,test
T00635397,0,NONE,,,test
T00635398,0,NONE,,,test
T00635399,0,NONE,,,test
T00635400,0,NONE,,,test
T00635401,0,NONE,,,test
T00635402,0,NONE,,,test
T00635403,0,NONE,,,test
T00635404,0,NONE,,,test
T00635405,0,NONE,,,test
T00635406,0,NONE,,,test
T00635407,0,NONE,,,test
T00635408,0,NONE,,,test
T00635409,0,NONE,,,test
T00635410,0,NONE,,,test
T00635411,0,NONE,,,test
T00635412,0,NONE,,,test
T00635413,0,NONE,,,test
T00635414,0,NONE,,,test
T00635415,0,NONE,,,test
T00635416,0,NONE,,,test
T00635417,0,NONE,,,test
T00635418,0,NONE,,,test
T00635419,0,NONE,,,test
T00635420,0,NONE,,,test
T00635421,0,NONE,,,test
T00635422,0,NONE,,,test
T00635423,0,NONE,,,test
T00635424,0,NONE,,,test
T00635425,0,NONE,,,test
T00635426,0,NONE,,,test
T00635427,0,NONE,,,test
T00635428,0,NONE,,,test
T00635429,0,NONE,,,test
T00635430,0,NONE,,,test
T00635431,0,NONE,,,test
T00635432,0,NONE,,,test
T00635433,0,NONE,,,test
T00635434,0,NONE,,,test
T00635435,0,NONE,,,test
T00635436,0,NONE,,,test
T00635437,0,NONE,,,test
T00635438,0,NONE,,,test
T00635439,0,NONE,,,test
T00635440,0,NONE,,,test
T00635441,0,NONE,,,test
T00635442,0,NONE,,,test
T00635443,0,NONE,,,test
T00635444,0,NONE,,,test
T00635445,0,NONE,,,test
T00635446,0,NONE,,,test
T00635447,0,NONE,,,test
T00635448,0,NONE,,,test
T00635449,0,NONE,,,test
T00635450,0,NONE,,,test
T00635451,0,NONE,,,test
T00635452,0,NONE,,,test
T00635453,0,NONE,,,test
T00635454,0,NONE,,,test
T00635455,0,NONE,,,test
T00635456,0,NONE,,,test
T00635457,0,NONE,,,test
T00635458,0,NONE,,,test
T00635459,0,NONE,,,test
T00635460,0,NONE,,,test
T00635461,0,NONE,,,test
T00635462,0,NONE,,,test
T00635463,0,NONE,,,test
T00635464,0,NONE,,,test
T00635465,0,NONE,,,test
T00635466,0,NONE,,,test
T00635467,0,NONE,,,test
T00635468,0,NONE,,,test
T00635469,0,NONE,,,test
T00635470,0,NONE,,,test
T00635471,0,NONE,,,test
T00635472,0,NONE,,,test
T00635473,0,NONE,,,test
T00635474,0,NONE,,,test
T00635475,0,NONE,,,test
T00635476,0,NONE,,,test
T00635477,0,NONE,,,test
T00635478,0,NONE,,,test
T00635479,0,NONE,,,test
T00635480,0,NONE,,,test
T00635481,0,NONE,,,test
T00635482,0,NONE,,,test
T00635483,0,NONE,,,test
T00635484,0,NONE,,,test
T00635485,0,NONE,,,test
T00635486,0,NONE,,,test
T00635487,0,NONE,,,test
T00635488,0,NONE,,,test
T00635489,0,NONE,,,test
T00635490,0,NONE,,,test
T00635491,0,NONE,,,test
T00635492,0,NONE,,,test
T00635493,0,NONE,,,test
T00635494,0,NONE,,,test
T00635495,0,NONE,,,test
T00635496,0,NONE,,,test
T00635497,0,NONE,,,test
T00635498,0,NONE,,,test
T00635499,0,NONE,,,test
T00635500,0,NONE,,,test
T00635501,0,NONE,,,test
T00635502,0,NONE,,,test
T00635503,0,NONE,,,test
T00635504,0,NONE,,,test
T00635505,0,NONE,,,test
T00635506,0,NONE,,,test
T00635507,0,NONE,,,test
T00635508,0,NONE,,,test
T00635509,0,NONE,,,test
T00635510,0,NONE,,,test
T00635511,0,NONE,,,test
T00635512,0,NONE,,,test
T00635513,1,S1,S1-0180,mule_cashout,test
T00635514,0,NONE,,,test
T00635515,0,NONE,,,test
T00635516,0,NONE,,,test
T00635517,0,NONE,,,test
T00635518,0,NONE,,,test
T00635519,0,NONE,,,test
T00635520,0,NONE,,,test
T00635521,0,NONE,,,test
T00635522,0,NONE,,,test
T00635523,0,NONE,,,test
T00635524,0,NONE,,,test
T00635525,0,NONE,,,test
T00635526,0,NONE,,,test
T00635527,0,NONE,,,test
T00635528,0,NONE,,,test
T00635529,0,NONE,,,test
T00635530,0,NONE,,,test
T00635531,0,NONE,,,test
T00635532,0,NONE,,,test
T00635533,0,NONE,,,test
T00635534,0,NONE,,,test
T00635535,0,NONE,,,test
T00635536,0,NONE,,,test
T00635537,0,NONE,,,test
T00635538,0,NONE,,,test
T00635539,0,NONE,,,test
T00635540,0,NONE,,,test
T00635541,0,NONE,,,test
T00635542,0,NONE,,,test
T00635543,0,NONE,,,test
T00635544,0,NONE,,,test
T00635545,0,NONE,,,test
T00635546,0,NONE,,,test
T00635547,0,NONE,,,test
T00635548,0,NONE,,,test
T00635549,0,NONE,,,test
T00635550,0,NONE,,,test
T00635551,0,NONE,,,test
T00635552,0,NONE,,,test
T00635553,0,NONE,,,test
T00635554,0,NONE,,,test
T00635555,0,NONE,,,test
T00635556,0,NONE,,,test
T00635557,0,NONE,,,test
T00635558,0,NONE,,,test
T00635559,0,NONE,,,test
T00635560,0,NONE,,,test
T00635561,0,NONE,,,test
T00635562,0,NONE,,,test
T00635563,0,NONE,,,test
T00635564,0,NONE,,,test
T00635565,0,NONE,,,test
T00635566,0,NONE,,,test
T00635567,0,NONE,,,test
T00635568,0,NONE,,,test
T00635569,0,NONE,,,test
T00635570,0,NONE,,,test
T00635571,0,NONE,,,test
T00635572,0,NONE,,,test
T00635573,0,NONE,,,test
T00635574,0,NONE,,,test
T00635575,0,NONE,,,test
T00635576,0,NONE,,,test
T00635577,0,NONE,,,test
T00635578,0,NONE,,,test
T00635579,0,NONE,,,test
T00635580,0,NONE,,,test
T00635581,0,NONE,,,test
T00635582,0,NONE,,,test
T00635583,0,NONE,,,test
T00635584,0,NONE,,,test
T00635585,0,NONE,,,test
T00635586,0,NONE,,,test
T00635587,0,NONE,,,test
T00635588,0,NONE,,,test
T00635589,0,NONE,,,test
T00635590,0,NONE,,,test
T00635591,0,NONE,,,test
T00635592,0,NONE,,,test
T00635593,0,NONE,,,test
T00635594,0,NONE,,,test
T00635595,0,NONE,,,test
T00635596,0,NONE,,,test
T00635597,0,NONE,,,test
T00635598,0,NONE,,,test
T00635599,0,NONE,,,test
T00635600,0,NONE,,,test
T00635601,0,NONE,,,test
T00635602,0,NONE,,,test
T00635603,0,NONE,,,test
T00635604,0,NONE,,,test
T00635605,0,NONE,,,test
T00635606,0,NONE,,,test
T00635607,0,NONE,,,test
T00635608,0,NONE,,,test
T00635609,0,NONE,,,test
T00635610,0,NONE,,,test
T00635611,0,NONE,,,test
T00635612,0,NONE,,,test
T00635613,0,NONE,,,test
T00635614,0,NONE,,,test
T00635615,0,NONE,,,test
T00635616,0,NONE,,,test
T00635617,0,NONE,,,test
T00635618,0,NONE,,,test
T00635619,0,NONE,,,test
T00635620,0,NONE,,,test
T00635621,0,NONE,,,test
T00635622,0,NONE,,,test
T00635623,0,NONE,,,test
T00635624,0,NONE,,,test
T00635625,0,NONE,,,test
T00635626,0,NONE,,,test
T00635627,0,NONE,,,test
T00635628,0,NONE,,,test
T00635629,0,NONE,,,test
T00635630,0,NONE,,,test
T00635631,0,NONE,,,test
T00635632,0,NONE,,,test
T00635633,0,NONE,,,test
T00635634,0,NONE,,,test
T00635635,0,NONE,,,test
T00635636,0,NONE,,,test
T00635637,0,NONE,,,test
T00635638,0,NONE,,,test
T00635639,0,NONE,,,test
T00635640,0,NONE,,,test
T00635641,0,NONE,,,test
T00635642,0,NONE,,,test
T00635643,0,NONE,,,test
T00635644,0,NONE,,,test
T00635645,0,NONE,,,test
T00635646,0,NONE,,,test
T00635647,0,NONE,,,test
T00635648,0,NONE,,,test
T00635649,0,NONE,,,test
T00635650,0,NONE,,,test
T00635651,0,NONE,,,test
T00635652,0,NONE,,,test
T00635653,0,NONE,,,test
T00635654,0,NONE,,,test
T00635655,0,NONE,,,test
T00635656,0,NONE,,,test
T00635657,0,NONE,,,test
T00635658,0,NONE,,,test
T00635659,0,NONE,,,test
T00635660,0,NONE,,,test
T00635661,0,NONE,,,test
T00635662,0,NONE,,,test
T00635663,0,NONE,,,test
T00635664,1,S5,S5-0036,seller_cashout,test
T00635665,0,NONE,,,test
T00635666,0,NONE,,,test
T00635667,0,NONE,,,test
T00635668,0,NONE,,,test
T00635669,0,NONE,,,test
T00635670,0,NONE,,,test
T00635671,0,NONE,,,test
T00635672,0,NONE,,,test
T00635673,0,NONE,,,test
T00635674,0,NONE,,,test
T00635675,0,NONE,,,test
T00635676,0,NONE,,,test
T00635677,0,NONE,,,test
T00635678,0,NONE,,,test
T00635679,0,NONE,,,test
T00635680,0,NONE,,,test
T00635681,0,NONE,,,test
T00635682,0,NONE,,,test
T00635683,0,NONE,,,test
T00635684,0,NONE,,,test
T00635685,0,NONE,,,test
T00635686,0,NONE,,,test
T00635687,0,NONE,,,test
T00635688,0,NONE,,,test
T00635689,0,NONE,,,test
T00635690,0,NONE,,,test
T00635691,0,NONE,,,test
T00635692,0,NONE,,,test
T00635693,0,NONE,,,test
T00635694,0,NONE,,,test
T00635695,0,NONE,,,test
T00635696,0,NONE,,,test
T00635697,0,NONE,,,test
T00635698,0,NONE,,,test
T00635699,0,NONE,,,test
T00635700,0,NONE,,,test
T00635701,0,NONE,,,test
T00635702,0,NONE,,,test
T00635703,0,NONE,,,test
T00635704,0,NONE,,,test
T00635705,0,NONE,,,test
T00635706,0,NONE,,,test
T00635707,0,NONE,,,test
T00635708,0,NONE,,,test
T00635709,0,NONE,,,test
T00635710,0,NONE,,,test
T00635711,0,NONE,,,test
T00635712,0,NONE,,,test
T00635713,0,NONE,,,test
T00635714,0,NONE,,,test
T00635715,0,NONE,,,test
T00635716,0,NONE,,,test
T00635717,0,NONE,,,test
T00635718,0,NONE,,,test
T00635719,0,NONE,,,test
T00635720,0,NONE,,,test
T00635721,0,NONE,,,test
T00635722,0,NONE,,,test
T00635723,0,NONE,,,test
T00635724,0,NONE,,,test
T00635725,0,NONE,,,test
T00635726,0,NONE,,,test
T00635727,0,NONE,,,test
T00635728,0,NONE,,,test
T00635729,0,NONE,,,test
T00635730,0,NONE,,,test
T00635731,0,NONE,,,test
T00635732,0,NONE,,,test
T00635733,0,NONE,,,test
T00635734,0,NONE,,,test
T00635735,0,NONE,,,test
T00635736,0,NONE,,,test
T00635737,0,NONE,,,test
T00635738,0,NONE,,,test
T00635739,0,NONE,,,test
T00635740,0,NONE,,,test
T00635741,0,NONE,,,test
T00635742,0,NONE,,,test
T00635743,0,NONE,,,test
T00635744,0,NONE,,,test
T00635745,0,NONE,,,test
T00635746,0,NONE,,,test
T00635747,0,NONE,,,test
T00635748,0,NONE,,,test
T00635749,0,NONE,,,test
T00635750,0,NONE,,,test
T00635751,0,NONE,,,test
T00635752,0,NONE,,,test
T00635753,0,NONE,,,test
T00635754,0,NONE,,,test
T00635755,0,NONE,,,test
T00635756,0,NONE,,,test
T00635757,0,NONE,,,test
T00635758,0,NONE,,,test
T00635759,0,NONE,,,test
T00635760,0,NONE,,,test
T00635761,0,NONE,,,test
T00635762,0,NONE,,,test
T00635763,0,NONE,,,test
T00635764,0,NONE,,,test
T00635765,0,NONE,,,test
T00635766,0,NONE,,,test
T00635767,0,NONE,,,test
T00635768,0,NONE,,,test
T00635769,0,NONE,,,test
T00635770,0,NONE,,,test
T00635771,0,NONE,,,test
T00635772,0,NONE,,,test
T00635773,0,NONE,,,test
T00635774,0,NONE,,,test
T00635775,0,NONE,,,test
T00635776,0,NONE,,,test
T00635777,0,NONE,,,test
T00635778,0,NONE,,,test
T00635779,0,NONE,,,test
T00635780,0,NONE,,,test
T00635781,0,NONE,,,test
T00635782,0,NONE,,,test
T00635783,0,NONE,,,test
T00635784,0,NONE,,,test
T00635785,0,NONE,,,test
T00635786,0,NONE,,,test
T00635787,0,NONE,,,test
T00635788,0,NONE,,,test
T00635789,0,NONE,,,test
T00635790,0,NONE,,,test
T00635791,0,NONE,,,test
T00635792,0,NONE,,,test
T00635793,0,NONE,,,test
T00635794,0,NONE,,,test
T00635795,0,NONE,,,test
T00635796,0,NONE,,,test
T00635797,0,NONE,,,test
T00635798,0,NONE,,,test
T00635799,0,NONE,,,test
T00635800,0,NONE,,,test
T00635801,0,NONE,,,test
T00635802,0,NONE,,,test
T00635803,0,NONE,,,test
T00635804,0,NONE,,,test
T00635805,0,NONE,,,test
T00635806,0,NONE,,,test
T00635807,0,NONE,,,test
T00635808,0,NONE,,,test
T00635809,0,NONE,,,test
T00635810,0,NONE,,,test
T00635811,0,NONE,,,test
T00635812,0,NONE,,,test
T00635813,0,NONE,,,test
T00635814,0,NONE,,,test
T00635815,0,NONE,,,test
T00635816,0,NONE,,,test
T00635817,0,NONE,,,test
T00635818,0,NONE,,,test
T00635819,0,NONE,,,test
T00635820,0,NONE,,,test
T00635821,0,NONE,,,test
T00635822,0,NONE,,,test
T00635823,0,NONE,,,test
T00635824,1,S7,S7-0155,coerced_send,test
T00635825,0,NONE,,,test
T00635826,0,NONE,,,test
T00635827,0,NONE,,,test
T00635828,0,NONE,,,test
T00635829,0,NONE,,,test
T00635830,0,NONE,,,test
T00635831,0,NONE,,,test
T00635832,0,NONE,,,test
T00635833,0,NONE,,,test
T00635834,0,NONE,,,test
T00635835,0,NONE,,,test
T00635836,0,NONE,,,test
T00635837,0,NONE,,,test
T00635838,0,NONE,,,test
T00635839,0,NONE,,,test
T00635840,0,NONE,,,test
T00635841,0,NONE,,,test
T00635842,0,NONE,,,test
T00635843,0,NONE,,,test
T00635844,0,NONE,,,test
T00635845,0,NONE,,,test
T00635846,0,NONE,,,test
T00635847,0,NONE,,,test
T00635848,0,NONE,,,test
T00635849,0,NONE,,,test
T00635850,0,NONE,,,test
T00635851,0,NONE,,,test
T00635852,0,NONE,,,test
T00635853,0,NONE,,,test
T00635854,0,NONE,,,test
T00635855,0,NONE,,,test
T00635856,0,NONE,,,test
T00635857,0,NONE,,,test
T00635858,0,NONE,,,test
T00635859,0,NONE,,,test
T00635860,0,NONE,,,test
T00635861,0,NONE,,,test
T00635862,0,NONE,,,test
T00635863,0,NONE,,,test
T00635864,0,NONE,,,test
T00635865,0,NONE,,,test
T00635866,0,NONE,,,test
T00635867,0,NONE,,,test
T00635868,0,NONE,,,test
T00635869,0,NONE,,,test
T00635870,0,NONE,,,test
T00635871,0,NONE,,,test
T00635872,0,NONE,,,test
T00635873,0,NONE,,,test
T00635874,0,NONE,,,test
T00635875,0,NONE,,,test
T00635876,0,NONE,,,test
T00635877,0,NONE,,,test
T00635878,0,NONE,,,test
T00635879,0,NONE,,,test
T00635880,0,NONE,,,test
T00635881,0,NONE,,,test
T00635882,0,NONE,,,test
T00635883,0,NONE,,,test
T00635884,0,NONE,,,test
T00635885,0,NONE,,,test
T00635886,0,NONE,,,test
T00635887,0,NONE,,,test
T00635888,0,NONE,,,test
T00635889,0,NONE,,,test
T00635890,0,NONE,,,test
T00635891,0,NONE,,,test
T00635892,0,NONE,,,test
T00635893,0,NONE,,,test
T00635894,0,NONE,,,test
T00635895,0,NONE,,,test
T00635896,0,NONE,,,test
T00635897,0,NONE,,,test
T00635898,0,NONE,,,test
T00635899,0,NONE,,,test
T00635900,0,NONE,,,test
T00635901,0,NONE,,,test
T00635902,0,NONE,,,test
T00635903,0,NONE,,,test
T00635904,0,NONE,,,test
T00635905,0,NONE,,,test
T00635906,0,NONE,,,test
T00635907,0,NONE,,,test
T00635908,0,NONE,,,test
T00635909,0,NONE,,,test
T00635910,0,NONE,,,test
T00635911,0,NONE,,,test
T00635912,0,NONE,,,test
T00635913,0,NONE,,,test
T00635914,0,NONE,,,test
T00635915,0,NONE,,,test
T00635916,0,NONE,,,test
T00635917,0,NONE,,,test
T00635918,0,NONE,,,test
T00635919,0,NONE,,,test
T00635920,0,NONE,,,test
T00635921,0,NONE,,,test
T00635922,0,NONE,,,test
T00635923,0,NONE,,,test
T00635924,0,NONE,,,test
T00635925,0,NONE,,,test
T00635926,0,NONE,,,test
T00635927,0,NONE,,,test
T00635928,0,NONE,,,test
T00635929,0,NONE,,,test
T00635930,0,NONE,,,test
T00635931,0,NONE,,,test
T00635932,0,NONE,,,test
T00635933,0,NONE,,,test
T00635934,0,NONE,,,test
T00635935,0,NONE,,,test
T00635936,0,NONE,,,test
T00635937,0,NONE,,,test
T00635938,0,NONE,,,test
T00635939,0,NONE,,,test
T00635940,0,NONE,,,test
T00635941,0,NONE,,,test
T00635942,0,NONE,,,test
T00635943,0,NONE,,,test
T00635944,0,NONE,,,test
T00635945,0,NONE,,,test
T00635946,0,NONE,,,test
T00635947,0,NONE,,,test
T00635948,0,NONE,,,test
T00635949,0,NONE,,,test
T00635950,0,NONE,,,test
T00635951,0,NONE,,,test
T00635952,0,NONE,,,test
T00635953,0,NONE,,,test
T00635954,0,NONE,,,test
T00635955,0,NONE,,,test
T00635956,0,NONE,,,test
T00635957,0,NONE,,,test
T00635958,0,NONE,,,test
T00635959,0,NONE,,,test
T00635960,0,NONE,,,test
T00635961,0,NONE,,,test
T00635962,0,NONE,,,test
T00635963,0,NONE,,,test
T00635964,0,NONE,,,test
T00635965,0,NONE,,,test
T00635966,0,NONE,,,test
T00635967,0,NONE,,,test
T00635968,0,NONE,,,test
T00635969,0,NONE,,,test
T00635970,0,NONE,,,test
T00635971,0,NONE,,,test
T00635972,0,NONE,,,test
T00635973,0,NONE,,,test
T00635974,0,NONE,,,test
T00635975,0,NONE,,,test
T00635976,0,NONE,,,test
T00635977,0,NONE,,,test
T00635978,0,NONE,,,test
T00635979,0,NONE,,,test
T00635980,0,NONE,,,test
T00635981,0,NONE,,,test
T00635982,0,NONE,,,test
T00635983,0,NONE,,,test
T00635984,0,NONE,,,test
T00635985,0,NONE,,,test
T00635986,0,NONE,,,test
T00635987,0,NONE,,,test
T00635988,0,NONE,,,test
T00635989,0,NONE,,,test
T00635990,0,NONE,,,test
T00635991,0,NONE,,,test
T00635992,0,NONE,,,test
T00635993,0,NONE,,,test
T00635994,0,NONE,,,test
T00635995,0,NONE,,,test
T00635996,0,NONE,,,test
T00635997,0,NONE,,,test
T00635998,0,NONE,,,test
T00635999,0,NONE,,,test
T00636000,0,NONE,,,test
T00636001,0,NONE,,,test
T00636002,0,NONE,,,test
T00636003,0,NONE,,,test
T00636004,0,NONE,,,test
T00636005,0,NONE,,,test
T00636006,0,NONE,,,test
T00636007,0,NONE,,,test
T00636008,0,NONE,,,test
T00636009,0,NONE,,,test
T00636010,0,NONE,,,test
T00636011,0,NONE,,,test
T00636012,0,NONE,,,test
T00636013,0,NONE,,,test
T00636014,0,NONE,,,test
T00636015,0,NONE,,,test
T00636016,0,NONE,,,test
T00636017,0,NONE,,,test
T00636018,0,NONE,,,test
T00636019,0,NONE,,,test
T00636020,0,NONE,,,test
T00636021,0,NONE,,,test
T00636022,0,NONE,,,test
T00636023,0,NONE,,,test
T00636024,0,NONE,,,test
T00636025,0,NONE,,,test
T00636026,0,NONE,,,test
T00636027,0,NONE,,,test
T00636028,0,NONE,,,test
T00636029,0,NONE,,,test
T00636030,0,NONE,,,test
T00636031,0,NONE,,,test
T00636032,0,NONE,,,test
T00636033,0,NONE,,,test
T00636034,0,NONE,,,test
T00636035,0,NONE,,,test
T00636036,0,NONE,,,test
T00636037,0,NONE,,,test
T00636038,0,NONE,,,test
T00636039,0,NONE,,,test
T00636040,0,NONE,,,test
T00636041,0,NONE,,,test
T00636042,0,NONE,,,test
T00636043,0,NONE,,,test
T00636044,0,NONE,,,test
T00636045,0,NONE,,,test
T00636046,0,NONE,,,test
T00636047,0,NONE,,,test
T00636048,0,NONE,,,test
T00636049,0,NONE,,,test
T00636050,0,NONE,,,test
T00636051,0,NONE,,,test
T00636052,0,NONE,,,test
T00636053,0,NONE,,,test
T00636054,0,NONE,,,test
T00636055,0,NONE,,,test
T00636056,0,NONE,,,test
T00636057,0,NONE,,,test
T00636058,0,NONE,,,test
T00636059,0,NONE,,,test
T00636060,0,NONE,,,test
T00636061,0,NONE,,,test
T00636062,0,NONE,,,test
T00636063,0,NONE,,,test
T00636064,0,NONE,,,test
T00636065,0,NONE,,,test
T00636066,0,NONE,,,test
T00636067,0,NONE,,,test
T00636068,0,NONE,,,test
T00636069,0,NONE,,,test
T00636070,0,NONE,,,test
T00636071,0,NONE,,,test
T00636072,0,NONE,,,test
T00636073,0,NONE,,,test
T00636074,0,NONE,,,test
T00636075,0,NONE,,,test
T00636076,0,NONE,,,test
T00636077,0,NONE,,,test
T00636078,0,NONE,,,test
T00636079,0,NONE,,,test
T00636080,0,NONE,,,test
T00636081,0,NONE,,,test
T00636082,0,NONE,,,test
T00636083,0,NONE,,,test
T00636084,0,NONE,,,test
T00636085,0,NONE,,,test
T00636086,0,NONE,,,test
T00636087,0,NONE,,,test
T00636088,0,NONE,,,test
T00636089,0,NONE,,,test
T00636090,0,NONE,,,test
T00636091,0,NONE,,,test
T00636092,0,NONE,,,test
T00636093,0,NONE,,,test
T00636094,0,NONE,,,test
T00636095,0,NONE,,,test
T00636096,0,NONE,,,test
T00636097,0,NONE,,,test
T00636098,0,NONE,,,test
T00636099,0,NONE,,,test
T00636100,0,NONE,,,test
T00636101,0,NONE,,,test
T00636102,0,NONE,,,test
T00636103,0,NONE,,,test
T00636104,0,NONE,,,test
T00636105,0,NONE,,,test
T00636106,0,NONE,,,test
T00636107,0,NONE,,,test
T00636108,0,NONE,,,test
T00636109,0,NONE,,,test
T00636110,0,NONE,,,test
T00636111,0,NONE,,,test
T00636112,0,NONE,,,test
T00636113,0,NONE,,,test
T00636114,0,NONE,,,test
T00636115,0,NONE,,,test
T00636116,0,NONE,,,test
T00636117,0,NONE,,,test
T00636118,0,NONE,,,test
T00636119,0,NONE,,,test
T00636120,0,NONE,,,test
T00636121,0,NONE,,,test
T00636122,0,NONE,,,test
T00636123,0,NONE,,,test
T00636124,0,NONE,,,test
T00636125,0,NONE,,,test
T00636126,0,NONE,,,test
T00636127,0,NONE,,,test
T00636128,0,NONE,,,test
T00636129,0,NONE,,,test
T00636130,0,NONE,,,test
T00636131,0,NONE,,,test
T00636132,0,NONE,,,test
T00636133,0,NONE,,,test
T00636134,0,NONE,,,test
T00636135,0,NONE,,,test
T00636136,0,NONE,,,test
T00636137,0,NONE,,,test
T00636138,0,NONE,,,test
T00636139,0,NONE,,,test
T00636140,0,NONE,,,test
T00636141,0,NONE,,,test
T00636142,0,NONE,,,test
T00636143,0,NONE,,,test
T00636144,0,NONE,,,test
T00636145,0,NONE,,,test
T00636146,0,NONE,,,test
T00636147,0,NONE,,,test
T00636148,0,NONE,,,test
T00636149,0,NONE,,,test
T00636150,0,NONE,,,test
T00636151,0,NONE,,,test
T00636152,0,NONE,,,test
T00636153,0,NONE,,,test
T00636154,0,NONE,,,test
T00636155,0,NONE,,,test
T00636156,0,NONE,,,test
T00636157,0,NONE,,,test
T00636158,0,NONE,,,test
T00636159,0,NONE,,,test
T00636160,0,NONE,,,test
T00636161,0,NONE,,,test
T00636162,0,NONE,,,test
T00636163,0,NONE,,,test
T00636164,0,NONE,,,test
T00636165,0,NONE,,,test
T00636166,0,NONE,,,test
T00636167,0,NONE,,,test
T00636168,0,NONE,,,test
T00636169,0,NONE,,,test
T00636170,0,NONE,,,test
T00636171,0,NONE,,,test
T00636172,0,NONE,,,test
T00636173,0,NONE,,,test
T00636174,0,NONE,,,test
T00636175,0,NONE,,,test
T00636176,0,NONE,,,test
T00636177,0,NONE,,,test
T00636178,0,NONE,,,test
T00636179,0,NONE,,,test
T00636180,0,NONE,,,test
T00636181,0,NONE,,,test
T00636182,0,NONE,,,test
T00636183,0,NONE,,,test
T00636184,0,NONE,,,test
T00636185,0,NONE,,,test
T00636186,0,NONE,,,test
T00636187,0,NONE,,,test
T00636188,0,NONE,,,test
T00636189,0,NONE,,,test
T00636190,0,NONE,,,test
T00636191,0,NONE,,,test
T00636192,0,NONE,,,test
T00636193,0,NONE,,,test
T00636194,0,NONE,,,test
T00636195,0,NONE,,,test
T00636196,0,NONE,,,test
T00636197,0,NONE,,,test
T00636198,0,NONE,,,test
T00636199,0,NONE,,,test
T00636200,0,NONE,,,test
T00636201,0,NONE,,,test
T00636202,0,NONE,,,test
T00636203,0,NONE,,,test
T00636204,0,NONE,,,test
T00636205,0,NONE,,,test
T00636206,0,NONE,,,test
T00636207,0,NONE,,,test
T00636208,0,NONE,,,test
T00636209,0,NONE,,,test
T00636210,0,NONE,,,test
T00636211,0,NONE,,,test
T00636212,0,NONE,,,test
T00636213,0,NONE,,,test
T00636214,0,NONE,,,test
T00636215,0,NONE,,,test
T00636216,0,NONE,,,test
T00636217,0,NONE,,,test
T00636218,0,NONE,,,test
T00636219,0,NONE,,,test
T00636220,0,NONE,,,test
T00636221,0,NONE,,,test
T00636222,0,NONE,,,test
T00636223,0,NONE,,,test
T00636224,0,NONE,,,test
T00636225,0,NONE,,,test
T00636226,0,NONE,,,test
T00636227,0,NONE,,,test
T00636228,0,NONE,,,test
T00636229,0,NONE,,,test
T00636230,0,NONE,,,test
T00636231,0,NONE,,,test
T00636232,0,NONE,,,test
T00636233,0,NONE,,,test
T00636234,0,NONE,,,test
T00636235,0,NONE,,,test
T00636236,0,NONE,,,test
T00636237,0,NONE,,,test
T00636238,0,NONE,,,test
T00636239,0,NONE,,,test
T00636240,0,NONE,,,test
T00636241,0,NONE,,,test
T00636242,0,NONE,,,test
T00636243,0,NONE,,,test
T00636244,0,NONE,,,test
T00636245,0,NONE,,,test
T00636246,0,NONE,,,test
T00636247,0,NONE,,,test
T00636248,0,NONE,,,test
T00636249,0,NONE,,,test
T00636250,0,NONE,,,test
T00636251,0,NONE,,,test
T00636252,0,NONE,,,test
T00636253,0,NONE,,,test
T00636254,0,NONE,,,test
T00636255,0,NONE,,,test
T00636256,0,NONE,,,test
T00636257,0,NONE,,,test
T00636258,0,NONE,,,test
T00636259,0,NONE,,,test
T00636260,0,NONE,,,test
T00636261,0,NONE,,,test
T00636262,0,NONE,,,test
T00636263,0,NONE,,,test
T00636264,0,NONE,,,test
T00636265,0,NONE,,,test
T00636266,0,NONE,,,test
T00636267,0,NONE,,,test
T00636268,0,NONE,,,test
T00636269,0,NONE,,,test
T00636270,0,NONE,,,test
T00636271,0,NONE,,,test
T00636272,0,NONE,,,test
T00636273,0,NONE,,,test
T00636274,0,NONE,,,test
T00636275,0,NONE,,,test
T00636276,0,NONE,,,test
T00636277,0,NONE,,,test
T00636278,0,NONE,,,test
T00636279,0,NONE,,,test
T00636280,0,NONE,,,test
T00636281,0,NONE,,,test
T00636282,0,NONE,,,test
T00636283,0,NONE,,,test
T00636284,0,NONE,,,test
T00636285,0,NONE,,,test
T00636286,0,NONE,,,test
T00636287,0,NONE,,,test
T00636288,0,NONE,,,test
T00636289,0,NONE,,,test
T00636290,0,NONE,,,test
T00636291,0,NONE,,,test
T00636292,0,NONE,,,test
T00636293,0,NONE,,,test
T00636294,0,NONE,,,test
T00636295,0,NONE,,,test
T00636296,0,NONE,,,test
T00636297,0,NONE,,,test
T00636298,0,NONE,,,test
T00636299,1,S7,S7-0155,mule_hop,test
T00636300,0,NONE,,,test
T00636301,0,NONE,,,test
T00636302,0,NONE,,,test
T00636303,0,NONE,,,test
T00636304,0,NONE,,,test
T00636305,0,NONE,,,test
T00636306,0,NONE,,,test
T00636307,0,NONE,,,test
T00636308,0,NONE,,,test
T00636309,0,NONE,,,test
T00636310,0,NONE,,,test
T00636311,0,NONE,,,test
T00636312,0,NONE,,,test
T00636313,0,NONE,,,test
T00636314,0,NONE,,,test
T00636315,0,NONE,,,test
T00636316,0,NONE,,,test
T00636317,0,NONE,,,test
T00636318,0,NONE,,,test
T00636319,0,NONE,,,test
T00636320,0,NONE,,,test
T00636321,0,NONE,,,test
T00636322,0,NONE,,,test
T00636323,0,NONE,,,test
T00636324,0,NONE,,,test
T00636325,0,NONE,,,test
T00636326,0,NONE,,,test
T00636327,0,NONE,,,test
T00636328,0,NONE,,,test
T00636329,0,NONE,,,test
T00636330,0,NONE,,,test
T00636331,0,NONE,,,test
T00636332,0,NONE,,,test
T00636333,0,NONE,,,test
T00636334,0,NONE,,,test
T00636335,0,NONE,,,test
T00636336,0,NONE,,,test
T00636337,0,NONE,,,test
T00636338,0,NONE,,,test
T00636339,0,NONE,,,test
T00636340,0,NONE,,,test
T00636341,0,NONE,,,test
T00636342,0,NONE,,,test
T00636343,0,NONE,,,test
T00636344,0,NONE,,,test
T00636345,0,NONE,,,test
T00636346,0,NONE,,,test
T00636347,0,NONE,,,test
T00636348,0,NONE,,,test
T00636349,0,NONE,,,test
T00636350,0,NONE,,,test
T00636351,0,NONE,,,test
T00636352,0,NONE,,,test
T00636353,0,NONE,,,test
T00636354,0,NONE,,,test
T00636355,0,NONE,,,test
T00636356,0,NONE,,,test
T00636357,1,S5,S5-0037,seller_cashout,test
T00636358,0,NONE,,,test
T00636359,0,NONE,,,test
T00636360,0,NONE,,,test
T00636361,0,NONE,,,test
T00636362,0,NONE,,,test
T00636363,0,NONE,,,test
T00636364,0,NONE,,,test
T00636365,0,NONE,,,test
T00636366,0,NONE,,,test
T00636367,0,NONE,,,test
T00636368,0,NONE,,,test
T00636369,0,NONE,,,test
T00636370,0,NONE,,,test
T00636371,0,NONE,,,test
T00636372,0,NONE,,,test
T00636373,0,NONE,,,test
T00636374,0,NONE,,,test
T00636375,0,NONE,,,test
T00636376,0,NONE,,,test
T00636377,0,NONE,,,test
T00636378,0,NONE,,,test
T00636379,0,NONE,,,test
T00636380,0,NONE,,,test
T00636381,0,NONE,,,test
T00636382,0,NONE,,,test
T00636383,0,NONE,,,test
T00636384,0,NONE,,,test
T00636385,0,NONE,,,test
T00636386,0,NONE,,,test
T00636387,0,NONE,,,test
T00636388,0,NONE,,,test
T00636389,0,NONE,,,test
T00636390,0,NONE,,,test
T00636391,0,NONE,,,test
T00636392,0,NONE,,,test
T00636393,0,NONE,,,test
T00636394,0,NONE,,,test
T00636395,0,NONE,,,test
T00636396,0,NONE,,,test
T00636397,0,NONE,,,test
T00636398,0,NONE,,,test
T00636399,0,NONE,,,test
T00636400,0,NONE,,,test
T00636401,0,NONE,,,test
T00636402,0,NONE,,,test
T00636403,0,NONE,,,test
T00636404,0,NONE,,,test
T00636405,0,NONE,,,test
T00636406,0,NONE,,,test
T00636407,0,NONE,,,test
T00636408,0,NONE,,,test
T00636409,0,NONE,,,test
T00636410,0,NONE,,,test
T00636411,0,NONE,,,test
T00636412,0,NONE,,,test
T00636413,0,NONE,,,test
T00636414,0,NONE,,,test
T00636415,0,NONE,,,test
T00636416,0,NONE,,,test
T00636417,0,NONE,,,test
T00636418,0,NONE,,,test
T00636419,0,NONE,,,test
T00636420,0,NONE,,,test
T00636421,0,NONE,,,test
T00636422,0,NONE,,,test
T00636423,0,NONE,,,test
T00636424,0,NONE,,,test
T00636425,0,NONE,,,test
T00636426,0,NONE,,,test
T00636427,0,NONE,,,test
T00636428,0,NONE,,,test
T00636429,0,NONE,,,test
T00636430,0,NONE,,,test
T00636431,0,NONE,,,test
T00636432,0,NONE,,,test
T00636433,0,NONE,,,test
T00636434,0,NONE,,,test
T00636435,0,NONE,,,test
T00636436,0,NONE,,,test
T00636437,0,NONE,,,test
T00636438,0,NONE,,,test
T00636439,0,NONE,,,test
T00636440,0,NONE,,,test
T00636441,0,NONE,,,test
T00636442,0,NONE,,,test
T00636443,0,NONE,,,test
T00636444,0,NONE,,,test
T00636445,0,NONE,,,test
T00636446,0,NONE,,,test
T00636447,0,NONE,,,test
T00636448,0,NONE,,,test
T00636449,0,NONE,,,test
T00636450,0,NONE,,,test
T00636451,0,NONE,,,test
T00636452,0,NONE,,,test
T00636453,0,NONE,,,test
T00636454,0,NONE,,,test
T00636455,0,NONE,,,test
T00636456,0,NONE,,,test
T00636457,0,NONE,,,test
T00636458,0,NONE,,,test
T00636459,0,NONE,,,test
T00636460,0,NONE,,,test
T00636461,0,NONE,,,test
T00636462,0,NONE,,,test
T00636463,0,NONE,,,test
T00636464,0,NONE,,,test
T00636465,0,NONE,,,test
T00636466,0,NONE,,,test
T00636467,0,NONE,,,test
T00636468,0,NONE,,,test
T00636469,0,NONE,,,test
T00636470,0,NONE,,,test
T00636471,0,NONE,,,test
T00636472,0,NONE,,,test
T00636473,0,NONE,,,test
T00636474,0,NONE,,,test
T00636475,0,NONE,,,test
T00636476,0,NONE,,,test
T00636477,0,NONE,,,test
T00636478,0,NONE,,,test
T00636479,0,NONE,,,test
T00636480,0,NONE,,,test
T00636481,0,NONE,,,test
T00636482,0,NONE,,,test
T00636483,0,NONE,,,test
T00636484,0,NONE,,,test
T00636485,0,NONE,,,test
T00636486,0,NONE,,,test
T00636487,0,NONE,,,test
T00636488,0,NONE,,,test
T00636489,0,NONE,,,test
T00636490,0,NONE,,,test
T00636491,0,NONE,,,test
T00636492,0,NONE,,,test
T00636493,0,NONE,,,test
T00636494,0,NONE,,,test
T00636495,0,NONE,,,test
T00636496,0,NONE,,,test
T00636497,0,NONE,,,test
T00636498,0,NONE,,,test
T00636499,0,NONE,,,test
T00636500,0,NONE,,,test
T00636501,0,NONE,,,test
T00636502,0,NONE,,,test
T00636503,0,NONE,,,test
T00636504,0,NONE,,,test
T00636505,0,NONE,,,test
T00636506,0,NONE,,,test
T00636507,0,NONE,,,test
T00636508,0,NONE,,,test
T00636509,0,NONE,,,test
T00636510,0,NONE,,,test
T00636511,0,NONE,,,test
T00636512,0,NONE,,,test
T00636513,0,NONE,,,test
T00636514,0,NONE,,,test
T00636515,0,NONE,,,test
T00636516,0,NONE,,,test
T00636517,0,NONE,,,test
T00636518,0,NONE,,,test
T00636519,0,NONE,,,test
T00636520,0,NONE,,,test
T00636521,0,NONE,,,test
T00636522,0,NONE,,,test
T00636523,0,NONE,,,test
T00636524,0,NONE,,,test
T00636525,0,NONE,,,test
T00636526,0,NONE,,,test
T00636527,0,NONE,,,test
T00636528,0,NONE,,,test
T00636529,0,NONE,,,test
T00636530,0,NONE,,,test
T00636531,0,NONE,,,test
T00636532,0,NONE,,,test
T00636533,0,NONE,,,test
T00636534,0,NONE,,,test
T00636535,0,NONE,,,test
T00636536,0,NONE,,,test
T00636537,0,NONE,,,test
T00636538,0,NONE,,,test
T00636539,0,NONE,,,test
T00636540,0,NONE,,,test
T00636541,0,NONE,,,test
T00636542,0,NONE,,,test
T00636543,0,NONE,,,test
T00636544,0,NONE,,,test
T00636545,0,NONE,,,test
T00636546,0,NONE,,,test
T00636547,0,NONE,,,test
T00636548,0,NONE,,,test
T00636549,0,NONE,,,test
T00636550,0,NONE,,,test
T00636551,0,NONE,,,test
T00636552,0,NONE,,,test
T00636553,0,NONE,,,test
T00636554,0,NONE,,,test
T00636555,0,NONE,,,test
T00636556,0,NONE,,,test
T00636557,0,NONE,,,test
T00636558,0,NONE,,,test
T00636559,0,NONE,,,test
T00636560,0,NONE,,,test
T00636561,0,NONE,,,test
T00636562,0,NONE,,,test
T00636563,0,NONE,,,test
T00636564,0,NONE,,,test
T00636565,0,NONE,,,test
T00636566,0,NONE,,,test
T00636567,0,NONE,,,test
T00636568,0,NONE,,,test
T00636569,0,NONE,,,test
T00636570,0,NONE,,,test
T00636571,0,NONE,,,test
T00636572,0,NONE,,,test
T00636573,0,NONE,,,test
T00636574,0,NONE,,,test
T00636575,0,NONE,,,test
T00636576,0,NONE,,,test
T00636577,0,NONE,,,test
T00636578,0,NONE,,,test
T00636579,0,NONE,,,test
T00636580,0,NONE,,,test
T00636581,0,NONE,,,test
T00636582,0,NONE,,,test
T00636583,0,NONE,,,test
T00636584,0,NONE,,,test
T00636585,0,NONE,,,test
T00636586,0,NONE,,,test
T00636587,0,NONE,,,test
T00636588,0,NONE,,,test
T00636589,0,NONE,,,test
T00636590,0,NONE,,,test
T00636591,0,NONE,,,test
T00636592,0,NONE,,,test
T00636593,0,NONE,,,test
T00636594,0,NONE,,,test
T00636595,0,NONE,,,test
T00636596,0,NONE,,,test
T00636597,0,NONE,,,test
T00636598,0,NONE,,,test
T00636599,0,NONE,,,test
T00636600,0,NONE,,,test
T00636601,0,NONE,,,test
T00636602,0,NONE,,,test
T00636603,0,NONE,,,test
T00636604,0,NONE,,,test
T00636605,0,NONE,,,test
T00636606,0,NONE,,,test
T00636607,0,NONE,,,test
T00636608,0,NONE,,,test
T00636609,0,NONE,,,test
T00636610,0,NONE,,,test
T00636611,0,NONE,,,test
T00636612,0,NONE,,,test
T00636613,0,NONE,,,test
T00636614,0,NONE,,,test
T00636615,0,NONE,,,test
T00636616,0,NONE,,,test
T00636617,0,NONE,,,test
T00636618,0,NONE,,,test
T00636619,0,NONE,,,test
T00636620,0,NONE,,,test
T00636621,0,NONE,,,test
T00636622,0,NONE,,,test
T00636623,0,NONE,,,test
T00636624,0,NONE,,,test
T00636625,0,NONE,,,test
T00636626,0,NONE,,,test
T00636627,0,NONE,,,test
T00636628,0,NONE,,,test
T00636629,0,NONE,,,test
T00636630,0,NONE,,,test
T00636631,0,NONE,,,test
T00636632,0,NONE,,,test
T00636633,0,NONE,,,test
T00636634,0,NONE,,,test
T00636635,0,NONE,,,test
T00636636,0,NONE,,,test
T00636637,0,NONE,,,test
T00636638,0,NONE,,,test
T00636639,0,NONE,,,test
T00636640,0,NONE,,,test
T00636641,0,NONE,,,test
T00636642,0,NONE,,,test
T00636643,0,NONE,,,test
T00636644,0,NONE,,,test
T00636645,0,NONE,,,test
T00636646,0,NONE,,,test
T00636647,0,NONE,,,test
T00636648,0,NONE,,,test
T00636649,0,NONE,,,test
T00636650,0,NONE,,,test
T00636651,0,NONE,,,test
T00636652,0,NONE,,,test
T00636653,0,NONE,,,test
T00636654,0,NONE,,,test
T00636655,0,NONE,,,test
T00636656,0,NONE,,,test
T00636657,0,NONE,,,test
T00636658,0,NONE,,,test
T00636659,0,NONE,,,test
T00636660,0,NONE,,,test
T00636661,0,NONE,,,test
T00636662,0,NONE,,,test
T00636663,0,NONE,,,test
T00636664,0,NONE,,,test
T00636665,0,NONE,,,test
T00636666,0,NONE,,,test
T00636667,0,NONE,,,test
T00636668,0,NONE,,,test
T00636669,0,NONE,,,test
T00636670,0,NONE,,,test
T00636671,0,NONE,,,test
T00636672,0,NONE,,,test
T00636673,0,NONE,,,test
T00636674,0,NONE,,,test
T00636675,0,NONE,,,test
T00636676,0,NONE,,,test
T00636677,0,NONE,,,test
T00636678,0,NONE,,,test
T00636679,0,NONE,,,test
T00636680,0,NONE,,,test
T00636681,0,NONE,,,test
T00636682,0,NONE,,,test
T00636683,0,NONE,,,test
T00636684,0,NONE,,,test
T00636685,0,NONE,,,test
T00636686,0,NONE,,,test
T00636687,0,NONE,,,test
T00636688,0,NONE,,,test
T00636689,0,NONE,,,test
T00636690,0,NONE,,,test
T00636691,0,NONE,,,test
T00636692,0,NONE,,,test
T00636693,0,NONE,,,test
T00636694,0,NONE,,,test
T00636695,0,NONE,,,test
T00636696,0,NONE,,,test
T00636697,0,NONE,,,test
T00636698,0,NONE,,,test
T00636699,0,NONE,,,test
T00636700,0,NONE,,,test
T00636701,0,NONE,,,test
T00636702,1,S5,S5-0034,seller_cashout,test
T00636703,0,NONE,,,test
T00636704,0,NONE,,,test
T00636705,0,NONE,,,test
T00636706,0,NONE,,,test
T00636707,0,NONE,,,test
T00636708,0,NONE,,,test
T00636709,0,NONE,,,test
T00636710,0,NONE,,,test
T00636711,0,NONE,,,test
T00636712,0,NONE,,,test
T00636713,0,NONE,,,test
T00636714,0,NONE,,,test
T00636715,0,NONE,,,test
T00636716,0,NONE,,,test
T00636717,0,NONE,,,test
T00636718,0,NONE,,,test
T00636719,0,NONE,,,test
T00636720,0,NONE,,,test
T00636721,0,NONE,,,test
T00636722,0,NONE,,,test
T00636723,0,NONE,,,test
T00636724,1,S5,S5-0035,seller_cashout,test
T00636725,0,NONE,,,test
T00636726,0,NONE,,,test
T00636727,0,NONE,,,test
T00636728,0,NONE,,,test
T00636729,0,NONE,,,test
T00636730,0,NONE,,,test
T00636731,0,NONE,,,test
T00636732,0,NONE,,,test
T00636733,0,NONE,,,test
T00636734,0,NONE,,,test
T00636735,0,NONE,,,test
T00636736,0,NONE,,,test
T00636737,0,NONE,,,test
T00636738,0,NONE,,,test
T00636739,0,NONE,,,test
T00636740,0,NONE,,,test
T00636741,0,NONE,,,test
T00636742,0,NONE,,,test
T00636743,0,NONE,,,test
T00636744,0,NONE,,,test
T00636745,0,NONE,,,test
T00636746,0,NONE,,,test
T00636747,0,NONE,,,test
T00636748,0,NONE,,,test
T00636749,0,NONE,,,test
T00636750,0,NONE,,,test
T00636751,0,NONE,,,test
T00636752,0,NONE,,,test
T00636753,0,NONE,,,test
T00636754,0,NONE,,,test
T00636755,0,NONE,,,test
T00636756,0,NONE,,,test
T00636757,0,NONE,,,test
T00636758,0,NONE,,,test
T00636759,0,NONE,,,test
T00636760,0,NONE,,,test
T00636761,0,NONE,,,test
T00636762,0,NONE,,,test
T00636763,0,NONE,,,test
T00636764,0,NONE,,,test
T00636765,0,NONE,,,test
T00636766,0,NONE,,,test
T00636767,0,NONE,,,test
T00636768,0,NONE,,,test
T00636769,0,NONE,,,test
T00636770,0,NONE,,,test
T00636771,0,NONE,,,test
T00636772,0,NONE,,,test
T00636773,0,NONE,,,test
T00636774,0,NONE,,,test
T00636775,0,NONE,,,test
T00636776,0,NONE,,,test
T00636777,0,NONE,,,test
T00636778,0,NONE,,,test
T00636779,0,NONE,,,test
T00636780,0,NONE,,,test
T00636781,0,NONE,,,test
T00636782,0,NONE,,,test
T00636783,0,NONE,,,test
T00636784,0,NONE,,,test
T00636785,0,NONE,,,test
T00636786,0,NONE,,,test
T00636787,0,NONE,,,test
T00636788,0,NONE,,,test
T00636789,0,NONE,,,test
T00636790,0,NONE,,,test
T00636791,0,NONE,,,test
T00636792,0,NONE,,,test
T00636793,0,NONE,,,test
T00636794,0,NONE,,,test
T00636795,0,NONE,,,test
T00636796,0,NONE,,,test
T00636797,0,NONE,,,test
T00636798,0,NONE,,,test
T00636799,0,NONE,,,test
T00636800,0,NONE,,,test
T00636801,0,NONE,,,test
T00636802,0,NONE,,,test
T00636803,0,NONE,,,test
T00636804,0,NONE,,,test
T00636805,0,NONE,,,test
T00636806,0,NONE,,,test
T00636807,0,NONE,,,test
T00636808,0,NONE,,,test
T00636809,0,NONE,,,test
T00636810,0,NONE,,,test
T00636811,0,NONE,,,test
T00636812,0,NONE,,,test
T00636813,0,NONE,,,test
T00636814,0,NONE,,,test
T00636815,0,NONE,,,test
T00636816,0,NONE,,,test
T00636817,0,NONE,,,test
T00636818,0,NONE,,,test
T00636819,0,NONE,,,test
T00636820,0,NONE,,,test
T00636821,0,NONE,,,test
T00636822,0,NONE,,,test
T00636823,0,NONE,,,test
T00636824,0,NONE,,,test
T00636825,0,NONE,,,test
T00636826,0,NONE,,,test
T00636827,0,NONE,,,test
T00636828,0,NONE,,,test
T00636829,0,NONE,,,test
T00636830,0,NONE,,,test
T00636831,0,NONE,,,test
T00636832,0,NONE,,,test
T00636833,0,NONE,,,test
T00636834,0,NONE,,,test
T00636835,0,NONE,,,test
T00636836,0,NONE,,,test
T00636837,0,NONE,,,test
T00636838,0,NONE,,,test
T00636839,0,NONE,,,test
T00636840,0,NONE,,,test
T00636841,0,NONE,,,test
T00636842,0,NONE,,,test
T00636843,0,NONE,,,test
T00636844,0,NONE,,,test
T00636845,0,NONE,,,test
T00636846,0,NONE,,,test
T00636847,0,NONE,,,test
T00636848,0,NONE,,,test
T00636849,0,NONE,,,test
T00636850,0,NONE,,,test
T00636851,0,NONE,,,test
T00636852,0,NONE,,,test
T00636853,0,NONE,,,test
T00636854,0,NONE,,,test
T00636855,0,NONE,,,test
T00636856,0,NONE,,,test
T00636857,0,NONE,,,test
T00636858,0,NONE,,,test
T00636859,0,NONE,,,test
T00636860,0,NONE,,,test
T00636861,0,NONE,,,test
T00636862,0,NONE,,,test
T00636863,0,NONE,,,test
T00636864,0,NONE,,,test
T00636865,0,NONE,,,test
T00636866,0,NONE,,,test
T00636867,0,NONE,,,test
T00636868,0,NONE,,,test
T00636869,0,NONE,,,test
T00636870,0,NONE,,,test
T00636871,0,NONE,,,test
T00636872,0,NONE,,,test
T00636873,0,NONE,,,test
T00636874,0,NONE,,,test
T00636875,0,NONE,,,test
T00636876,0,NONE,,,test
T00636877,0,NONE,,,test
T00636878,0,NONE,,,test
T00636879,0,NONE,,,test
T00636880,0,NONE,,,test
T00636881,0,NONE,,,test
T00636882,0,NONE,,,test
T00636883,0,NONE,,,test
T00636884,0,NONE,,,test
T00636885,0,NONE,,,test
T00636886,0,NONE,,,test
T00636887,0,NONE,,,test
T00636888,0,NONE,,,test
T00636889,0,NONE,,,test
T00636890,0,NONE,,,test
T00636891,0,NONE,,,test
T00636892,0,NONE,,,test
T00636893,0,NONE,,,test
T00636894,0,NONE,,,test
T00636895,0,NONE,,,test
T00636896,0,NONE,,,test
T00636897,0,NONE,,,test
T00636898,0,NONE,,,test
T00636899,0,NONE,,,test
T00636900,0,NONE,,,test
T00636901,0,NONE,,,test
T00636902,0,NONE,,,test
T00636903,0,NONE,,,test
T00636904,0,NONE,,,test
T00636905,0,NONE,,,test
T00636906,0,NONE,,,test
T00636907,0,NONE,,,test
T00636908,0,NONE,,,test
T00636909,0,NONE,,,test
T00636910,0,NONE,,,test
T00636911,0,NONE,,,test
T00636912,0,NONE,,,test
T00636913,0,NONE,,,test
T00636914,0,NONE,,,test
T00636915,0,NONE,,,test
T00636916,0,NONE,,,test
T00636917,0,NONE,,,test
T00636918,0,NONE,,,test
T00636919,0,NONE,,,test
T00636920,0,NONE,,,test
T00636921,0,NONE,,,test
T00636922,0,NONE,,,test
T00636923,0,NONE,,,test
T00636924,0,NONE,,,test
T00636925,0,NONE,,,test
T00636926,0,NONE,,,test
T00636927,0,NONE,,,test
T00636928,0,NONE,,,test
T00636929,0,NONE,,,test
T00636930,0,NONE,,,test
T00636931,0,NONE,,,test
T00636932,0,NONE,,,test
T00636933,0,NONE,,,test
T00636934,0,NONE,,,test
T00636935,0,NONE,,,test
T00636936,0,NONE,,,test
T00636937,0,NONE,,,test
T00636938,0,NONE,,,test
T00636939,0,NONE,,,test
T00636940,1,S7,S7-0156,coerced_send,test
T00636941,0,NONE,,,test
T00636942,0,NONE,,,test
T00636943,0,NONE,,,test
T00636944,0,NONE,,,test
T00636945,0,NONE,,,test
T00636946,0,NONE,,,test
T00636947,0,NONE,,,test
T00636948,0,NONE,,,test
T00636949,0,NONE,,,test
T00636950,0,NONE,,,test
T00636951,0,NONE,,,test
T00636952,0,NONE,,,test
T00636953,0,NONE,,,test
T00636954,0,NONE,,,test
T00636955,0,NONE,,,test
T00636956,0,NONE,,,test
T00636957,0,NONE,,,test
T00636958,0,NONE,,,test
T00636959,0,NONE,,,test
T00636960,0,NONE,,,test
T00636961,0,NONE,,,test
T00636962,0,NONE,,,test
T00636963,0,NONE,,,test
T00636964,0,NONE,,,test
T00636965,0,NONE,,,test
T00636966,0,NONE,,,test
T00636967,0,NONE,,,test
T00636968,0,NONE,,,test
T00636969,0,NONE,,,test
T00636970,0,NONE,,,test
T00636971,0,NONE,,,test
T00636972,0,NONE,,,test
T00636973,0,NONE,,,test
T00636974,0,NONE,,,test
T00636975,0,NONE,,,test
T00636976,0,NONE,,,test
T00636977,0,NONE,,,test
T00636978,0,NONE,,,test
T00636979,0,NONE,,,test
T00636980,0,NONE,,,test
T00636981,0,NONE,,,test
T00636982,0,NONE,,,test
T00636983,0,NONE,,,test
T00636984,0,NONE,,,test
T00636985,0,NONE,,,test
T00636986,0,NONE,,,test
T00636987,0,NONE,,,test
T00636988,0,NONE,,,test
T00636989,0,NONE,,,test
T00636990,0,NONE,,,test
T00636991,0,NONE,,,test
T00636992,0,NONE,,,test
T00636993,0,NONE,,,test
T00636994,0,NONE,,,test
T00636995,0,NONE,,,test
T00636996,0,NONE,,,test
T00636997,0,NONE,,,test
T00636998,0,NONE,,,test
T00636999,0,NONE,,,test
T00637000,0,NONE,,,test
T00637001,0,NONE,,,test
T00637002,0,NONE,,,test
T00637003,0,NONE,,,test
T00637004,0,NONE,,,test
T00637005,0,NONE,,,test
T00637006,0,NONE,,,test
T00637007,0,NONE,,,test
T00637008,0,NONE,,,test
T00637009,0,NONE,,,test
T00637010,0,NONE,,,test
T00637011,0,NONE,,,test
T00637012,0,NONE,,,test
T00637013,0,NONE,,,test
T00637014,0,NONE,,,test
T00637015,0,NONE,,,test
T00637016,0,NONE,,,test
T00637017,0,NONE,,,test
T00637018,0,NONE,,,test
T00637019,0,NONE,,,test
T00637020,0,NONE,,,test
T00637021,0,NONE,,,test
T00637022,0,NONE,,,test
T00637023,0,NONE,,,test
T00637024,0,NONE,,,test
T00637025,0,NONE,,,test
T00637026,0,NONE,,,test
T00637027,0,NONE,,,test
T00637028,0,NONE,,,test
T00637029,0,NONE,,,test
T00637030,0,NONE,,,test
T00637031,0,NONE,,,test
T00637032,0,NONE,,,test
T00637033,0,NONE,,,test
T00637034,0,NONE,,,test
T00637035,0,NONE,,,test
T00637036,0,NONE,,,test
T00637037,0,NONE,,,test
T00637038,0,NONE,,,test
T00637039,0,NONE,,,test
T00637040,0,NONE,,,test
T00637041,0,NONE,,,test
T00637042,0,NONE,,,test
T00637043,0,NONE,,,test
T00637044,0,NONE,,,test
T00637045,0,NONE,,,test
T00637046,0,NONE,,,test
T00637047,0,NONE,,,test
T00637048,0,NONE,,,test
T00637049,0,NONE,,,test
T00637050,0,NONE,,,test
T00637051,0,NONE,,,test
T00637052,0,NONE,,,test
T00637053,0,NONE,,,test
T00637054,0,NONE,,,test
T00637055,0,NONE,,,test
T00637056,0,NONE,,,test
T00637057,0,NONE,,,test
T00637058,0,NONE,,,test
T00637059,0,NONE,,,test
T00637060,0,NONE,,,test
T00637061,0,NONE,,,test
T00637062,0,NONE,,,test
T00637063,0,NONE,,,test
T00637064,0,NONE,,,test
T00637065,0,NONE,,,test
T00637066,0,NONE,,,test
T00637067,0,NONE,,,test
T00637068,0,NONE,,,test
T00637069,0,NONE,,,test
T00637070,0,NONE,,,test
T00637071,0,NONE,,,test
T00637072,0,NONE,,,test
T00637073,0,NONE,,,test
T00637074,0,NONE,,,test
T00637075,0,NONE,,,test
T00637076,0,NONE,,,test
T00637077,0,NONE,,,test
T00637078,0,NONE,,,test
T00637079,0,NONE,,,test
T00637080,0,NONE,,,test
T00637081,0,NONE,,,test
T00637082,0,NONE,,,test
T00637083,0,NONE,,,test
T00637084,0,NONE,,,test
T00637085,0,NONE,,,test
T00637086,0,NONE,,,test
T00637087,0,NONE,,,test
T00637088,0,NONE,,,test
T00637089,0,NONE,,,test
T00637090,0,NONE,,,test
T00637091,0,NONE,,,test
T00637092,0,NONE,,,test
T00637093,0,NONE,,,test
T00637094,0,NONE,,,test
T00637095,0,NONE,,,test
T00637096,0,NONE,,,test
T00637097,0,NONE,,,test
T00637098,0,NONE,,,test
T00637099,0,NONE,,,test
T00637100,0,NONE,,,test
T00637101,0,NONE,,,test
T00637102,0,NONE,,,test
T00637103,0,NONE,,,test
T00637104,0,NONE,,,test
T00637105,0,NONE,,,test
T00637106,0,NONE,,,test
T00637107,0,NONE,,,test
T00637108,0,NONE,,,test
T00637109,0,NONE,,,test
T00637110,0,NONE,,,test
T00637111,0,NONE,,,test
T00637112,0,NONE,,,test
T00637113,0,NONE,,,test
T00637114,0,NONE,,,test
T00637115,0,NONE,,,test
T00637116,0,NONE,,,test
T00637117,0,NONE,,,test
T00637118,0,NONE,,,test
T00637119,0,NONE,,,test
T00637120,0,NONE,,,test
T00637121,0,NONE,,,test
T00637122,0,NONE,,,test
T00637123,0,NONE,,,test
T00637124,0,NONE,,,test
T00637125,0,NONE,,,test
T00637126,0,NONE,,,test
T00637127,0,NONE,,,test
T00637128,0,NONE,,,test
T00637129,0,NONE,,,test
T00637130,0,NONE,,,test
T00637131,0,NONE,,,test
T00637132,0,NONE,,,test
T00637133,0,NONE,,,test
T00637134,0,NONE,,,test
T00637135,0,NONE,,,test
T00637136,0,NONE,,,test
T00637137,0,NONE,,,test
T00637138,0,NONE,,,test
T00637139,0,NONE,,,test
T00637140,0,NONE,,,test
T00637141,0,NONE,,,test
T00637142,0,NONE,,,test
T00637143,0,NONE,,,test
T00637144,0,NONE,,,test
T00637145,0,NONE,,,test
T00637146,0,NONE,,,test
T00637147,0,NONE,,,test
T00637148,0,NONE,,,test
T00637149,0,NONE,,,test
T00637150,0,NONE,,,test
T00637151,0,NONE,,,test
T00637152,0,NONE,,,test
T00637153,0,NONE,,,test
T00637154,0,NONE,,,test
T00637155,0,NONE,,,test
T00637156,0,NONE,,,test
T00637157,0,NONE,,,test
T00637158,0,NONE,,,test
T00637159,0,NONE,,,test
T00637160,0,NONE,,,test
T00637161,0,NONE,,,test
T00637162,0,NONE,,,test
T00637163,0,NONE,,,test
T00637164,0,NONE,,,test
T00637165,0,NONE,,,test
T00637166,0,NONE,,,test
T00637167,0,NONE,,,test
T00637168,0,NONE,,,test
T00637169,0,NONE,,,test
T00637170,0,NONE,,,test
T00637171,0,NONE,,,test
T00637172,0,NONE,,,test
T00637173,0,NONE,,,test
T00637174,0,NONE,,,test
T00637175,0,NONE,,,test
T00637176,0,NONE,,,test
T00637177,0,NONE,,,test
T00637178,0,NONE,,,test
T00637179,0,NONE,,,test
T00637180,0,NONE,,,test
T00637181,0,NONE,,,test
T00637182,0,NONE,,,test
T00637183,0,NONE,,,test
T00637184,0,NONE,,,test
T00637185,0,NONE,,,test
T00637186,0,NONE,,,test
T00637187,0,NONE,,,test
T00637188,0,NONE,,,test
T00637189,0,NONE,,,test
T00637190,0,NONE,,,test
T00637191,0,NONE,,,test
T00637192,0,NONE,,,test
T00637193,0,NONE,,,test
T00637194,0,NONE,,,test
T00637195,0,NONE,,,test
T00637196,0,NONE,,,test
T00637197,0,NONE,,,test
T00637198,0,NONE,,,test
T00637199,0,NONE,,,test
T00637200,0,NONE,,,test
T00637201,0,NONE,,,test
T00637202,0,NONE,,,test
T00637203,0,NONE,,,test
T00637204,0,NONE,,,test
T00637205,0,NONE,,,test
T00637206,0,NONE,,,test
T00637207,0,NONE,,,test
T00637208,0,NONE,,,test
T00637209,0,NONE,,,test
T00637210,0,NONE,,,test
T00637211,0,NONE,,,test
T00637212,0,NONE,,,test
T00637213,0,NONE,,,test
T00637214,0,NONE,,,test
T00637215,0,NONE,,,test
T00637216,0,NONE,,,test
T00637217,0,NONE,,,test
T00637218,0,NONE,,,test
T00637219,0,NONE,,,test
T00637220,0,NONE,,,test
T00637221,0,NONE,,,test
T00637222,0,NONE,,,test
T00637223,0,NONE,,,test
T00637224,0,NONE,,,test
T00637225,0,NONE,,,test
T00637226,0,NONE,,,test
T00637227,0,NONE,,,test
T00637228,0,NONE,,,test
T00637229,0,NONE,,,test
T00637230,0,NONE,,,test
T00637231,0,NONE,,,test
T00637232,0,NONE,,,test
T00637233,0,NONE,,,test
T00637234,0,NONE,,,test
T00637235,0,NONE,,,test
T00637236,0,NONE,,,test
T00637237,0,NONE,,,test
T00637238,0,NONE,,,test
T00637239,0,NONE,,,test
T00637240,0,NONE,,,test
T00637241,0,NONE,,,test
T00637242,0,NONE,,,test
T00637243,0,NONE,,,test
T00637244,0,NONE,,,test
T00637245,0,NONE,,,test
T00637246,0,NONE,,,test
T00637247,0,NONE,,,test
T00637248,0,NONE,,,test
T00637249,0,NONE,,,test
T00637250,0,NONE,,,test
T00637251,0,NONE,,,test
T00637252,0,NONE,,,test
T00637253,0,NONE,,,test
T00637254,0,NONE,,,test
T00637255,0,NONE,,,test
T00637256,0,NONE,,,test
T00637257,0,NONE,,,test
T00637258,0,NONE,,,test
T00637259,0,NONE,,,test
T00637260,0,NONE,,,test
T00637261,0,NONE,,,test
T00637262,0,NONE,,,test
T00637263,1,S7,S7-0156,recipient_cashout,test
T00637264,0,NONE,,,test
T00637265,0,NONE,,,test
T00637266,0,NONE,,,test
T00637267,0,NONE,,,test
T00637268,0,NONE,,,test
T00637269,0,NONE,,,test
T00637270,0,NONE,,,test
T00637271,0,NONE,,,test
T00637272,0,NONE,,,test
T00637273,0,NONE,,,test
T00637274,0,NONE,,,test
T00637275,0,NONE,,,test
T00637276,0,NONE,,,test
T00637277,0,NONE,,,test
T00637278,0,NONE,,,test
T00637279,0,NONE,,,test
T00637280,0,NONE,,,test
T00637281,0,NONE,,,test
T00637282,0,NONE,,,test
T00637283,0,NONE,,,test
T00637284,0,NONE,,,test
T00637285,0,NONE,,,test
T00637286,0,NONE,,,test
T00637287,0,NONE,,,test
T00637288,0,NONE,,,test
T00637289,0,NONE,,,test
T00637290,0,NONE,,,test
T00637291,0,NONE,,,test
T00637292,0,NONE,,,test
T00637293,0,NONE,,,test
T00637294,0,NONE,,,test
T00637295,0,NONE,,,test
T00637296,0,NONE,,,test
T00637297,0,NONE,,,test
T00637298,0,NONE,,,test
T00637299,0,NONE,,,test
T00637300,0,NONE,,,test
T00637301,0,NONE,,,test
T00637302,0,NONE,,,test
T00637303,0,NONE,,,test
T00637304,0,NONE,,,test
T00637305,0,NONE,,,test
T00637306,0,NONE,,,test
T00637307,0,NONE,,,test
T00637308,0,NONE,,,test
T00637309,0,NONE,,,test
T00637310,0,NONE,,,test
T00637311,0,NONE,,,test
T00637312,0,NONE,,,test
T00637313,0,NONE,,,test
T00637314,0,NONE,,,test
T00637315,0,NONE,,,test
T00637316,0,NONE,,,test
T00637317,0,NONE,,,test
T00637318,0,NONE,,,test
T00637319,0,NONE,,,test
T00637320,0,NONE,,,test
T00637321,0,NONE,,,test
T00637322,0,NONE,,,test
T00637323,0,NONE,,,test
T00637324,0,NONE,,,test
T00637325,0,NONE,,,test
T00637326,0,NONE,,,test
T00637327,0,NONE,,,test
T00637328,0,NONE,,,test
T00637329,0,NONE,,,test
T00637330,0,NONE,,,test
T00637331,0,NONE,,,test
T00637332,0,NONE,,,test
T00637333,0,NONE,,,test
T00637334,0,NONE,,,test
T00637335,0,NONE,,,test
T00637336,0,NONE,,,test
T00637337,0,NONE,,,test
T00637338,0,NONE,,,test
T00637339,0,NONE,,,test
T00637340,0,NONE,,,test
T00637341,0,NONE,,,test
T00637342,0,NONE,,,test
T00637343,0,NONE,,,test
T00637344,0,NONE,,,test
T00637345,0,NONE,,,test
T00637346,0,NONE,,,test
T00637347,0,NONE,,,test
T00637348,0,NONE,,,test
T00637349,0,NONE,,,test
T00637350,0,NONE,,,test
T00637351,0,NONE,,,test
T00637352,0,NONE,,,test
T00637353,0,NONE,,,test
T00637354,0,NONE,,,test
T00637355,0,NONE,,,test
T00637356,0,NONE,,,test
T00637357,0,NONE,,,test
T00637358,0,NONE,,,test
T00637359,0,NONE,,,test
T00637360,0,NONE,,,test
T00637361,0,NONE,,,test
T00637362,0,NONE,,,test
T00637363,0,NONE,,,test
T00637364,0,NONE,,,test
T00637365,0,NONE,,,test
T00637366,0,NONE,,,test
T00637367,0,NONE,,,test
T00637368,0,NONE,,,test
T00637369,0,NONE,,,test
T00637370,0,NONE,,,test
T00637371,0,NONE,,,test
T00637372,0,NONE,,,test
T00637373,0,NONE,,,test
T00637374,0,NONE,,,test
T00637375,0,NONE,,,test
T00637376,0,NONE,,,test
T00637377,0,NONE,,,test
T00637378,0,NONE,,,test
T00637379,0,NONE,,,test
T00637380,0,NONE,,,test
T00637381,0,NONE,,,test
T00637382,0,NONE,,,test
T00637383,0,NONE,,,test
T00637384,0,NONE,,,test
T00637385,0,NONE,,,test
T00637386,0,NONE,,,test
T00637387,0,NONE,,,test
T00637388,0,NONE,,,test
T00637389,0,NONE,,,test
T00637390,0,NONE,,,test
T00637391,0,NONE,,,test
T00637392,0,NONE,,,test
T00637393,0,NONE,,,test
T00637394,0,NONE,,,test
T00637395,0,NONE,,,test
T00637396,0,NONE,,,test
T00637397,0,NONE,,,test
T00637398,0,NONE,,,test
T00637399,0,NONE,,,test
T00637400,0,NONE,,,test
T00637401,0,NONE,,,test
T00637402,0,NONE,,,test
T00637403,0,NONE,,,test
T00637404,0,NONE,,,test
T00637405,0,NONE,,,test
T00637406,0,NONE,,,test
T00637407,0,NONE,,,test
T00637408,0,NONE,,,test
T00637409,0,NONE,,,test
T00637410,0,NONE,,,test
T00637411,0,NONE,,,test
T00637412,0,NONE,,,test
T00637413,0,NONE,,,test
T00637414,0,NONE,,,test
T00637415,0,NONE,,,test
T00637416,0,NONE,,,test
T00637417,0,NONE,,,test
T00637418,0,NONE,,,test
T00637419,0,NONE,,,test
T00637420,0,NONE,,,test
T00637421,0,NONE,,,test
T00637422,0,NONE,,,test
T00637423,0,NONE,,,test
T00637424,0,NONE,,,test
T00637425,0,NONE,,,test
T00637426,0,NONE,,,test
T00637427,0,NONE,,,test
T00637428,0,NONE,,,test
T00637429,0,NONE,,,test
T00637430,0,NONE,,,test
T00637431,0,NONE,,,test
T00637432,0,NONE,,,test
T00637433,0,NONE,,,test
T00637434,0,NONE,,,test
T00637435,0,NONE,,,test
T00637436,0,NONE,,,test
T00637437,0,NONE,,,test
T00637438,0,NONE,,,test
T00637439,0,NONE,,,test
T00637440,0,NONE,,,test
T00637441,0,NONE,,,test
T00637442,0,NONE,,,test
T00637443,0,NONE,,,test
T00637444,0,NONE,,,test
T00637445,0,NONE,,,test
T00637446,0,NONE,,,test
T00637447,0,NONE,,,test
T00637448,0,NONE,,,test
T00637449,0,NONE,,,test
T00637450,0,NONE,,,test
T00637451,0,NONE,,,test
T00637452,0,NONE,,,test
T00637453,0,NONE,,,test
T00637454,0,NONE,,,test
T00637455,0,NONE,,,test
T00637456,0,NONE,,,test
T00637457,0,NONE,,,test
T00637458,0,NONE,,,test
T00637459,0,NONE,,,test
T00637460,0,NONE,,,test
T00637461,0,NONE,,,test
T00637462,0,NONE,,,test
T00637463,0,NONE,,,test
T00637464,0,NONE,,,test
T00637465,0,NONE,,,test
T00637466,0,NONE,,,test
T00637467,0,NONE,,,test
T00637468,0,NONE,,,test
T00637469,0,NONE,,,test
T00637470,0,NONE,,,test
T00637471,0,NONE,,,test
T00637472,0,NONE,,,test
T00637473,0,NONE,,,test
T00637474,0,NONE,,,test
T00637475,0,NONE,,,test
T00637476,0,NONE,,,test
T00637477,0,NONE,,,test
T00637478,0,NONE,,,test
T00637479,0,NONE,,,test
T00637480,0,NONE,,,test
T00637481,0,NONE,,,test
T00637482,0,NONE,,,test
T00637483,0,NONE,,,test
T00637484,0,NONE,,,test
T00637485,0,NONE,,,test
T00637486,0,NONE,,,test
T00637487,0,NONE,,,test
T00637488,0,NONE,,,test
T00637489,0,NONE,,,test
T00637490,0,NONE,,,test
T00637491,0,NONE,,,test
T00637492,0,NONE,,,test
T00637493,0,NONE,,,test
T00637494,0,NONE,,,test
T00637495,0,NONE,,,test
T00637496,0,NONE,,,test
T00637497,0,NONE,,,test
T00637498,0,NONE,,,test
T00637499,0,NONE,,,test
T00637500,0,NONE,,,test
T00637501,0,NONE,,,test
T00637502,0,NONE,,,test
T00637503,0,NONE,,,test
T00637504,0,NONE,,,test
T00637505,0,NONE,,,test
T00637506,0,NONE,,,test
T00637507,0,NONE,,,test
T00637508,0,NONE,,,test
T00637509,0,NONE,,,test
T00637510,0,NONE,,,test
T00637511,0,NONE,,,test
T00637512,0,NONE,,,test
T00637513,0,NONE,,,test
T00637514,0,NONE,,,test
T00637515,0,NONE,,,test
T00637516,0,NONE,,,test
T00637517,0,NONE,,,test
T00637518,0,NONE,,,test
T00637519,0,NONE,,,test
T00637520,0,NONE,,,test
T00637521,0,NONE,,,test
T00637522,0,NONE,,,test
T00637523,0,NONE,,,test
T00637524,0,NONE,,,test
T00637525,0,NONE,,,test
T00637526,0,NONE,,,test
T00637527,0,NONE,,,test
T00637528,0,NONE,,,test
T00637529,0,NONE,,,test
T00637530,0,NONE,,,test
T00637531,0,NONE,,,test
T00637532,0,NONE,,,test
T00637533,0,NONE,,,test
T00637534,0,NONE,,,test
T00637535,0,NONE,,,test
T00637536,0,NONE,,,test
T00637537,0,NONE,,,test
T00637538,0,NONE,,,test
T00637539,0,NONE,,,test
T00637540,0,NONE,,,test
T00637541,0,NONE,,,test
T00637542,0,NONE,,,test
T00637543,0,NONE,,,test
T00637544,0,NONE,,,test
T00637545,0,NONE,,,test
T00637546,0,NONE,,,test
T00637547,0,NONE,,,test
T00637548,0,NONE,,,test
T00637549,0,NONE,,,test
T00637550,0,NONE,,,test
T00637551,0,NONE,,,test
T00637552,0,NONE,,,test
T00637553,0,NONE,,,test
T00637554,0,NONE,,,test
T00637555,0,NONE,,,test
T00637556,0,NONE,,,test
T00637557,0,NONE,,,test
T00637558,0,NONE,,,test
T00637559,0,NONE,,,test
T00637560,0,NONE,,,test
T00637561,0,NONE,,,test
T00637562,0,NONE,,,test
T00637563,0,NONE,,,test
T00637564,0,NONE,,,test
T00637565,1,S7,S7-0156,coerced_send,test
T00637566,0,NONE,,,test
T00637567,0,NONE,,,test
T00637568,0,NONE,,,test
T00637569,0,NONE,,,test
T00637570,0,NONE,,,test
T00637571,0,NONE,,,test
T00637572,0,NONE,,,test
T00637573,0,NONE,,,test
T00637574,0,NONE,,,test
T00637575,0,NONE,,,test
T00637576,0,NONE,,,test
T00637577,0,NONE,,,test
T00637578,0,NONE,,,test
T00637579,0,NONE,,,test
T00637580,0,NONE,,,test
T00637581,0,NONE,,,test
T00637582,0,NONE,,,test
T00637583,0,NONE,,,test
T00637584,0,NONE,,,test
T00637585,0,NONE,,,test
T00637586,0,NONE,,,test
T00637587,0,NONE,,,test
T00637588,0,NONE,,,test
T00637589,0,NONE,,,test
T00637590,0,NONE,,,test
T00637591,0,NONE,,,test
T00637592,0,NONE,,,test
T00637593,0,NONE,,,test
T00637594,0,NONE,,,test
T00637595,0,NONE,,,test
T00637596,0,NONE,,,test
T00637597,0,NONE,,,test
T00637598,0,NONE,,,test
T00637599,0,NONE,,,test
T00637600,0,NONE,,,test
T00637601,0,NONE,,,test
T00637602,0,NONE,,,test
T00637603,0,NONE,,,test
T00637604,0,NONE,,,test
T00637605,0,NONE,,,test
T00637606,0,NONE,,,test
T00637607,0,NONE,,,test
T00637608,0,NONE,,,test
T00637609,0,NONE,,,test
T00637610,0,NONE,,,test
T00637611,0,NONE,,,test
T00637612,0,NONE,,,test
T00637613,0,NONE,,,test
T00637614,0,NONE,,,test
T00637615,0,NONE,,,test
T00637616,0,NONE,,,test
T00637617,0,NONE,,,test
T00637618,0,NONE,,,test
T00637619,0,NONE,,,test
T00637620,0,NONE,,,test
T00637621,0,NONE,,,test
T00637622,0,NONE,,,test
T00637623,0,NONE,,,test
T00637624,0,NONE,,,test
T00637625,0,NONE,,,test
T00637626,0,NONE,,,test
T00637627,0,NONE,,,test
T00637628,0,NONE,,,test
T00637629,0,NONE,,,test
T00637630,0,NONE,,,test
T00637631,0,NONE,,,test
T00637632,0,NONE,,,test
T00637633,0,NONE,,,test
T00637634,0,NONE,,,test
T00637635,0,NONE,,,test
T00637636,0,NONE,,,test
T00637637,0,NONE,,,test
T00637638,0,NONE,,,test
T00637639,0,NONE,,,test
T00637640,0,NONE,,,test
T00637641,0,NONE,,,test
T00637642,0,NONE,,,test
T00637643,0,NONE,,,test
T00637644,0,NONE,,,test
T00637645,0,NONE,,,test
T00637646,0,NONE,,,test
T00637647,0,NONE,,,test
T00637648,0,NONE,,,test
T00637649,0,NONE,,,test
T00637650,0,NONE,,,test
T00637651,0,NONE,,,test
T00637652,0,NONE,,,test
T00637653,0,NONE,,,test
T00637654,0,NONE,,,test
T00637655,0,NONE,,,test
T00637656,0,NONE,,,test
T00637657,0,NONE,,,test
T00637658,0,NONE,,,test
T00637659,0,NONE,,,test
T00637660,0,NONE,,,test
T00637661,0,NONE,,,test
T00637662,0,NONE,,,test
T00637663,0,NONE,,,test
T00637664,0,NONE,,,test
T00637665,0,NONE,,,test
T00637666,0,NONE,,,test
T00637667,0,NONE,,,test
T00637668,0,NONE,,,test
T00637669,0,NONE,,,test
T00637670,0,NONE,,,test
T00637671,0,NONE,,,test
T00637672,0,NONE,,,test
T00637673,0,NONE,,,test
T00637674,0,NONE,,,test
T00637675,0,NONE,,,test
T00637676,0,NONE,,,test
T00637677,0,NONE,,,test
T00637678,0,NONE,,,test
T00637679,0,NONE,,,test
T00637680,0,NONE,,,test
T00637681,0,NONE,,,test
T00637682,0,NONE,,,test
T00637683,0,NONE,,,test
T00637684,0,NONE,,,test
T00637685,0,NONE,,,test
T00637686,0,NONE,,,test
T00637687,0,NONE,,,test
T00637688,0,NONE,,,test
T00637689,0,NONE,,,test
T00637690,0,NONE,,,test
T00637691,0,NONE,,,test
T00637692,0,NONE,,,test
T00637693,0,NONE,,,test
T00637694,0,NONE,,,test
T00637695,0,NONE,,,test
T00637696,0,NONE,,,test
T00637697,0,NONE,,,test
T00637698,0,NONE,,,test
T00637699,0,NONE,,,test
T00637700,0,NONE,,,test
T00637701,0,NONE,,,test
T00637702,0,NONE,,,test
T00637703,0,NONE,,,test
T00637704,0,NONE,,,test
T00637705,0,NONE,,,test
T00637706,0,NONE,,,test
T00637707,0,NONE,,,test
T00637708,0,NONE,,,test
T00637709,0,NONE,,,test
T00637710,0,NONE,,,test
T00637711,0,NONE,,,test
T00637712,0,NONE,,,test
T00637713,0,NONE,,,test
T00637714,0,NONE,,,test
T00637715,0,NONE,,,test
T00637716,0,NONE,,,test
T00637717,0,NONE,,,test
T00637718,0,NONE,,,test
T00637719,0,NONE,,,test
T00637720,0,NONE,,,test
T00637721,0,NONE,,,test
T00637722,0,NONE,,,test
T00637723,0,NONE,,,test
T00637724,0,NONE,,,test
T00637725,0,NONE,,,test
T00637726,0,NONE,,,test
T00637727,0,NONE,,,test
T00637728,0,NONE,,,test
T00637729,0,NONE,,,test
T00637730,0,NONE,,,test
T00637731,0,NONE,,,test
T00637732,0,NONE,,,test
T00637733,0,NONE,,,test
T00637734,0,NONE,,,test
T00637735,0,NONE,,,test
T00637736,0,NONE,,,test
T00637737,0,NONE,,,test
T00637738,0,NONE,,,test
T00637739,0,NONE,,,test
T00637740,0,NONE,,,test
T00637741,0,NONE,,,test
T00637742,0,NONE,,,test
T00637743,0,NONE,,,test
T00637744,0,NONE,,,test
T00637745,0,NONE,,,test
T00637746,0,NONE,,,test
T00637747,0,NONE,,,test
T00637748,0,NONE,,,test
T00637749,0,NONE,,,test
T00637750,0,NONE,,,test
T00637751,0,NONE,,,test
T00637752,0,NONE,,,test
T00637753,0,NONE,,,test
T00637754,0,NONE,,,test
T00637755,0,NONE,,,test
T00637756,0,NONE,,,test
T00637757,0,NONE,,,test
T00637758,0,NONE,,,test
T00637759,0,NONE,,,test
T00637760,0,NONE,,,test
T00637761,0,NONE,,,test
T00637762,0,NONE,,,test
T00637763,0,NONE,,,test
T00637764,0,NONE,,,test
T00637765,0,NONE,,,test
T00637766,0,NONE,,,test
T00637767,0,NONE,,,test
T00637768,0,NONE,,,test
T00637769,0,NONE,,,test
T00637770,0,NONE,,,test
T00637771,0,NONE,,,test
T00637772,0,NONE,,,test
T00637773,0,NONE,,,test
T00637774,0,NONE,,,test
T00637775,0,NONE,,,test
T00637776,0,NONE,,,test
T00637777,0,NONE,,,test
T00637778,0,NONE,,,test
T00637779,0,NONE,,,test
T00637780,0,NONE,,,test
T00637781,0,NONE,,,test
T00637782,0,NONE,,,test
T00637783,0,NONE,,,test
T00637784,0,NONE,,,test
T00637785,0,NONE,,,test
T00637786,0,NONE,,,test
T00637787,0,NONE,,,test
T00637788,0,NONE,,,test
T00637789,0,NONE,,,test
T00637790,0,NONE,,,test
T00637791,0,NONE,,,test
T00637792,0,NONE,,,test
T00637793,0,NONE,,,test
T00637794,0,NONE,,,test
T00637795,0,NONE,,,test
T00637796,0,NONE,,,test
T00637797,0,NONE,,,test
T00637798,0,NONE,,,test
T00637799,0,NONE,,,test
T00637800,0,NONE,,,test
T00637801,0,NONE,,,test
T00637802,0,NONE,,,test
T00637803,0,NONE,,,test
T00637804,0,NONE,,,test
T00637805,0,NONE,,,test
T00637806,0,NONE,,,test
T00637807,0,NONE,,,test
T00637808,0,NONE,,,test
T00637809,0,NONE,,,test
T00637810,0,NONE,,,test
T00637811,0,NONE,,,test
T00637812,0,NONE,,,test
T00637813,0,NONE,,,test
T00637814,0,NONE,,,test
T00637815,0,NONE,,,test
T00637816,0,NONE,,,test
T00637817,0,NONE,,,test
T00637818,0,NONE,,,test
T00637819,0,NONE,,,test
T00637820,0,NONE,,,test
T00637821,0,NONE,,,test
T00637822,0,NONE,,,test
T00637823,0,NONE,,,test
T00637824,0,NONE,,,test
T00637825,0,NONE,,,test
T00637826,0,NONE,,,test
T00637827,0,NONE,,,test
T00637828,0,NONE,,,test
T00637829,0,NONE,,,test
T00637830,0,NONE,,,test
T00637831,0,NONE,,,test
T00637832,0,NONE,,,test
T00637833,0,NONE,,,test
T00637834,0,NONE,,,test
T00637835,0,NONE,,,test
T00637836,0,NONE,,,test
T00637837,0,NONE,,,test
T00637838,0,NONE,,,test
T00637839,0,NONE,,,test
T00637840,0,NONE,,,test
T00637841,0,NONE,,,test
T00637842,0,NONE,,,test
T00637843,0,NONE,,,test
T00637844,0,NONE,,,test
T00637845,0,NONE,,,test
T00637846,0,NONE,,,test
T00637847,0,NONE,,,test
T00637848,0,NONE,,,test
T00637849,0,NONE,,,test
T00637850,0,NONE,,,test
T00637851,0,NONE,,,test
T00637852,0,NONE,,,test
T00637853,0,NONE,,,test
T00637854,0,NONE,,,test
T00637855,0,NONE,,,test
T00637856,0,NONE,,,test
T00637857,0,NONE,,,test
T00637858,0,NONE,,,test
T00637859,0,NONE,,,test
T00637860,0,NONE,,,test
T00637861,0,NONE,,,test
T00637862,0,NONE,,,test
T00637863,0,NONE,,,test
T00637864,0,NONE,,,test
T00637865,0,NONE,,,test
T00637866,0,NONE,,,test
T00637867,0,NONE,,,test
T00637868,0,NONE,,,test
T00637869,0,NONE,,,test
T00637870,0,NONE,,,test
T00637871,0,NONE,,,test
T00637872,0,NONE,,,test
T00637873,0,NONE,,,test
T00637874,0,NONE,,,test
T00637875,0,NONE,,,test
T00637876,0,NONE,,,test
T00637877,0,NONE,,,test
T00637878,0,NONE,,,test
T00637879,0,NONE,,,test
T00637880,0,NONE,,,test
T00637881,0,NONE,,,test
T00637882,0,NONE,,,test
T00637883,0,NONE,,,test
T00637884,0,NONE,,,test
T00637885,0,NONE,,,test
T00637886,0,NONE,,,test
T00637887,0,NONE,,,test
T00637888,0,NONE,,,test
T00637889,0,NONE,,,test
T00637890,0,NONE,,,test
T00637891,0,NONE,,,test
T00637892,0,NONE,,,test
T00637893,0,NONE,,,test
T00637894,0,NONE,,,test
T00637895,0,NONE,,,test
T00637896,0,NONE,,,test
T00637897,0,NONE,,,test
T00637898,0,NONE,,,test
T00637899,0,NONE,,,test
T00637900,0,NONE,,,test
T00637901,0,NONE,,,test
T00637902,0,NONE,,,test
T00637903,0,NONE,,,test
T00637904,0,NONE,,,test
T00637905,0,NONE,,,test
T00637906,0,NONE,,,test
T00637907,0,NONE,,,test
T00637908,0,NONE,,,test
T00637909,0,NONE,,,test
T00637910,0,NONE,,,test
T00637911,0,NONE,,,test
T00637912,0,NONE,,,test
T00637913,0,NONE,,,test
T00637914,0,NONE,,,test
T00637915,0,NONE,,,test
T00637916,0,NONE,,,test
T00637917,0,NONE,,,test
T00637918,0,NONE,,,test
T00637919,0,NONE,,,test
T00637920,0,NONE,,,test
T00637921,0,NONE,,,test
T00637922,0,NONE,,,test
T00637923,0,NONE,,,test
T00637924,0,NONE,,,test
T00637925,0,NONE,,,test
T00637926,0,NONE,,,test
T00637927,0,NONE,,,test
T00637928,0,NONE,,,test
T00637929,0,NONE,,,test
T00637930,0,NONE,,,test
T00637931,0,NONE,,,test
T00637932,0,NONE,,,test
T00637933,0,NONE,,,test
T00637934,0,NONE,,,test
T00637935,0,NONE,,,test
T00637936,0,NONE,,,test
T00637937,0,NONE,,,test
T00637938,0,NONE,,,test
T00637939,0,NONE,,,test
T00637940,0,NONE,,,test
T00637941,0,NONE,,,test
T00637942,0,NONE,,,test
T00637943,0,NONE,,,test
T00637944,0,NONE,,,test
T00637945,0,NONE,,,test
T00637946,0,NONE,,,test
T00637947,0,NONE,,,test
T00637948,0,NONE,,,test
T00637949,0,NONE,,,test
T00637950,0,NONE,,,test
T00637951,0,NONE,,,test
T00637952,0,NONE,,,test
T00637953,0,NONE,,,test
T00637954,0,NONE,,,test
T00637955,0,NONE,,,test
T00637956,0,NONE,,,test
T00637957,0,NONE,,,test
T00637958,0,NONE,,,test
T00637959,0,NONE,,,test
T00637960,0,NONE,,,test
T00637961,0,NONE,,,test
T00637962,0,NONE,,,test
T00637963,0,NONE,,,test
T00637964,0,NONE,,,test
T00637965,0,NONE,,,test
T00637966,0,NONE,,,test
T00637967,0,NONE,,,test
T00637968,0,NONE,,,test
T00637969,0,NONE,,,test
T00637970,0,NONE,,,test
T00637971,0,NONE,,,test
T00637972,0,NONE,,,test
T00637973,0,NONE,,,test
T00637974,0,NONE,,,test
T00637975,0,NONE,,,test
T00637976,0,NONE,,,test
T00637977,0,NONE,,,test
T00637978,0,NONE,,,test
T00637979,0,NONE,,,test
T00637980,0,NONE,,,test
T00637981,0,NONE,,,test
T00637982,0,NONE,,,test
T00637983,0,NONE,,,test
T00637984,0,NONE,,,test
T00637985,0,NONE,,,test
T00637986,0,NONE,,,test
T00637987,0,NONE,,,test
T00637988,0,NONE,,,test
T00637989,0,NONE,,,test
T00637990,0,NONE,,,test
T00637991,0,NONE,,,test
T00637992,0,NONE,,,test
T00637993,0,NONE,,,test
T00637994,0,NONE,,,test
T00637995,0,NONE,,,test
T00637996,0,NONE,,,test
T00637997,0,NONE,,,test
T00637998,0,NONE,,,test
T00637999,0,NONE,,,test
T00638000,0,NONE,,,test
T00638001,0,NONE,,,test
T00638002,0,NONE,,,test
T00638003,0,NONE,,,test
T00638004,0,NONE,,,test
T00638005,0,NONE,,,test
T00638006,0,NONE,,,test
T00638007,0,NONE,,,test
T00638008,0,NONE,,,test
T00638009,0,NONE,,,test
T00638010,0,NONE,,,test
T00638011,0,NONE,,,test
T00638012,0,NONE,,,test
T00638013,0,NONE,,,test
T00638014,0,NONE,,,test
T00638015,0,NONE,,,test
T00638016,0,NONE,,,test
T00638017,0,NONE,,,test
T00638018,0,NONE,,,test
T00638019,0,NONE,,,test
T00638020,0,NONE,,,test
T00638021,0,NONE,,,test
T00638022,0,NONE,,,test
T00638023,0,NONE,,,test
T00638024,0,NONE,,,test
T00638025,0,NONE,,,test
T00638026,0,NONE,,,test
T00638027,0,NONE,,,test
T00638028,0,NONE,,,test
T00638029,0,NONE,,,test
T00638030,0,NONE,,,test
T00638031,0,NONE,,,test
T00638032,0,NONE,,,test
T00638033,0,NONE,,,test
T00638034,0,NONE,,,test
T00638035,0,NONE,,,test
T00638036,0,NONE,,,test
T00638037,0,NONE,,,test
T00638038,0,NONE,,,test
T00638039,0,NONE,,,test
T00638040,0,NONE,,,test
T00638041,0,NONE,,,test
T00638042,0,NONE,,,test
T00638043,0,NONE,,,test
T00638044,0,NONE,,,test
T00638045,0,NONE,,,test
T00638046,0,NONE,,,test
T00638047,0,NONE,,,test
T00638048,0,NONE,,,test
T00638049,0,NONE,,,test
T00638050,0,NONE,,,test
T00638051,0,NONE,,,test
T00638052,0,NONE,,,test
T00638053,0,NONE,,,test
T00638054,0,NONE,,,test
T00638055,0,NONE,,,test
T00638056,0,NONE,,,test
T00638057,0,NONE,,,test
T00638058,0,NONE,,,test
T00638059,0,NONE,,,test
T00638060,0,NONE,,,test
T00638061,0,NONE,,,test
T00638062,0,NONE,,,test
T00638063,0,NONE,,,test
T00638064,0,NONE,,,test
T00638065,0,NONE,,,test
T00638066,0,NONE,,,test
T00638067,0,NONE,,,test
T00638068,0,NONE,,,test
T00638069,0,NONE,,,test
T00638070,0,NONE,,,test
T00638071,0,NONE,,,test
T00638072,0,NONE,,,test
T00638073,0,NONE,,,test
T00638074,0,NONE,,,test
T00638075,0,NONE,,,test
T00638076,0,NONE,,,test
T00638077,0,NONE,,,test
T00638078,0,NONE,,,test
T00638079,0,NONE,,,test
T00638080,0,NONE,,,test
T00638081,0,NONE,,,test
T00638082,0,NONE,,,test
T00638083,0,NONE,,,test
T00638084,0,NONE,,,test
T00638085,0,NONE,,,test
T00638086,0,NONE,,,test
T00638087,0,NONE,,,test
T00638088,0,NONE,,,test
T00638089,0,NONE,,,test
T00638090,0,NONE,,,test
T00638091,0,NONE,,,test
T00638092,0,NONE,,,test
T00638093,0,NONE,,,test
T00638094,0,NONE,,,test
T00638095,0,NONE,,,test
T00638096,0,NONE,,,test
T00638097,0,NONE,,,test
T00638098,0,NONE,,,test
T00638099,0,NONE,,,test
T00638100,0,NONE,,,test
T00638101,0,NONE,,,test
T00638102,0,NONE,,,test
T00638103,0,NONE,,,test
T00638104,0,NONE,,,test
T00638105,0,NONE,,,test
T00638106,0,NONE,,,test
T00638107,0,NONE,,,test
T00638108,0,NONE,,,test
T00638109,0,NONE,,,test
T00638110,0,NONE,,,test
T00638111,0,NONE,,,test
T00638112,0,NONE,,,test
T00638113,0,NONE,,,test
T00638114,0,NONE,,,test
T00638115,0,NONE,,,test
T00638116,0,NONE,,,test
T00638117,0,NONE,,,test
T00638118,0,NONE,,,test
T00638119,0,NONE,,,test
T00638120,0,NONE,,,test
T00638121,0,NONE,,,test
T00638122,0,NONE,,,test
T00638123,0,NONE,,,test
T00638124,0,NONE,,,test
T00638125,0,NONE,,,test
T00638126,0,NONE,,,test
T00638127,0,NONE,,,test
T00638128,0,NONE,,,test
T00638129,0,NONE,,,test
T00638130,0,NONE,,,test
T00638131,0,NONE,,,test
T00638132,0,NONE,,,test
T00638133,0,NONE,,,test
T00638134,0,NONE,,,test
T00638135,0,NONE,,,test
T00638136,0,NONE,,,test
T00638137,0,NONE,,,test
T00638138,0,NONE,,,test
T00638139,0,NONE,,,test
T00638140,0,NONE,,,test
T00638141,0,NONE,,,test
T00638142,0,NONE,,,test
T00638143,0,NONE,,,test
T00638144,0,NONE,,,test
T00638145,0,NONE,,,test
T00638146,0,NONE,,,test
T00638147,0,NONE,,,test
T00638148,0,NONE,,,test
T00638149,0,NONE,,,test
T00638150,0,NONE,,,test
T00638151,0,NONE,,,test
T00638152,0,NONE,,,test
T00638153,0,NONE,,,test
T00638154,0,NONE,,,test
T00638155,0,NONE,,,test
T00638156,0,NONE,,,test
T00638157,0,NONE,,,test
T00638158,0,NONE,,,test
T00638159,0,NONE,,,test
T00638160,0,NONE,,,test
T00638161,0,NONE,,,test
T00638162,0,NONE,,,test
T00638163,0,NONE,,,test
T00638164,0,NONE,,,test
T00638165,0,NONE,,,test
T00638166,0,NONE,,,test
T00638167,0,NONE,,,test
T00638168,0,NONE,,,test
T00638169,0,NONE,,,test
T00638170,0,NONE,,,test
T00638171,0,NONE,,,test
T00638172,0,NONE,,,test
T00638173,0,NONE,,,test
T00638174,0,NONE,,,test
T00638175,0,NONE,,,test
T00638176,0,NONE,,,test
T00638177,0,NONE,,,test
T00638178,0,NONE,,,test
T00638179,0,NONE,,,test
T00638180,0,NONE,,,test
T00638181,0,NONE,,,test
T00638182,0,NONE,,,test
T00638183,0,NONE,,,test
T00638184,0,NONE,,,test
T00638185,0,NONE,,,test
T00638186,0,NONE,,,test
T00638187,0,NONE,,,test
T00638188,0,NONE,,,test
T00638189,0,NONE,,,test
T00638190,0,NONE,,,test
T00638191,0,NONE,,,test
T00638192,0,NONE,,,test
T00638193,0,NONE,,,test
T00638194,0,NONE,,,test
T00638195,0,NONE,,,test
T00638196,0,NONE,,,test
T00638197,0,NONE,,,test
T00638198,0,NONE,,,test
T00638199,0,NONE,,,test
T00638200,0,NONE,,,test
T00638201,0,NONE,,,test
T00638202,0,NONE,,,test
T00638203,0,NONE,,,test
T00638204,0,NONE,,,test
T00638205,0,NONE,,,test
T00638206,0,NONE,,,test
T00638207,0,NONE,,,test
T00638208,0,NONE,,,test
T00638209,0,NONE,,,test
T00638210,0,NONE,,,test
T00638211,0,NONE,,,test
T00638212,0,NONE,,,test
T00638213,0,NONE,,,test
T00638214,0,NONE,,,test
T00638215,0,NONE,,,test
T00638216,0,NONE,,,test
T00638217,0,NONE,,,test
T00638218,0,NONE,,,test
T00638219,0,NONE,,,test
T00638220,0,NONE,,,test
T00638221,0,NONE,,,test
T00638222,0,NONE,,,test
T00638223,0,NONE,,,test
T00638224,0,NONE,,,test
T00638225,0,NONE,,,test
T00638226,0,NONE,,,test
T00638227,0,NONE,,,test
T00638228,0,NONE,,,test
T00638229,0,NONE,,,test
T00638230,0,NONE,,,test
T00638231,0,NONE,,,test
T00638232,0,NONE,,,test
T00638233,0,NONE,,,test
T00638234,0,NONE,,,test
T00638235,0,NONE,,,test
T00638236,0,NONE,,,test
T00638237,0,NONE,,,test
T00638238,0,NONE,,,test
T00638239,0,NONE,,,test
T00638240,0,NONE,,,test
T00638241,0,NONE,,,test
T00638242,0,NONE,,,test
T00638243,0,NONE,,,test
T00638244,0,NONE,,,test
T00638245,0,NONE,,,test
T00638246,0,NONE,,,test
T00638247,0,NONE,,,test
T00638248,0,NONE,,,test
T00638249,0,NONE,,,test
T00638250,0,NONE,,,test
T00638251,0,NONE,,,test
T00638252,0,NONE,,,test
T00638253,0,NONE,,,test
T00638254,0,NONE,,,test
T00638255,0,NONE,,,test
T00638256,0,NONE,,,test
T00638257,0,NONE,,,test
T00638258,0,NONE,,,test
T00638259,0,NONE,,,test
T00638260,0,NONE,,,test
T00638261,0,NONE,,,test
T00638262,0,NONE,,,test
T00638263,0,NONE,,,test
T00638264,0,NONE,,,test
T00638265,0,NONE,,,test
T00638266,0,NONE,,,test
T00638267,0,NONE,,,test
T00638268,0,NONE,,,test
T00638269,0,NONE,,,test
T00638270,0,NONE,,,test
T00638271,0,NONE,,,test
T00638272,0,NONE,,,test
T00638273,0,NONE,,,test
T00638274,0,NONE,,,test
T00638275,0,NONE,,,test
T00638276,0,NONE,,,test
T00638277,0,NONE,,,test
T00638278,0,NONE,,,test
T00638279,0,NONE,,,test
T00638280,0,NONE,,,test
T00638281,0,NONE,,,test
T00638282,0,NONE,,,test
T00638283,0,NONE,,,test
T00638284,0,NONE,,,test
T00638285,0,NONE,,,test
T00638286,0,NONE,,,test
T00638287,0,NONE,,,test
T00638288,0,NONE,,,test
T00638289,0,NONE,,,test
T00638290,0,NONE,,,test
T00638291,0,NONE,,,test
T00638292,0,NONE,,,test
T00638293,0,NONE,,,test
T00638294,0,NONE,,,test
T00638295,0,NONE,,,test
T00638296,0,NONE,,,test
T00638297,0,NONE,,,test
T00638298,0,NONE,,,test
T00638299,0,NONE,,,test
T00638300,0,NONE,,,test
T00638301,0,NONE,,,test
T00638302,0,NONE,,,test
T00638303,0,NONE,,,test
T00638304,0,NONE,,,test
T00638305,0,NONE,,,test
T00638306,0,NONE,,,test
T00638307,0,NONE,,,test
T00638308,0,NONE,,,test
T00638309,0,NONE,,,test
T00638310,0,NONE,,,test
T00638311,0,NONE,,,test
T00638312,0,NONE,,,test
T00638313,0,NONE,,,test
T00638314,0,NONE,,,test
T00638315,0,NONE,,,test
T00638316,0,NONE,,,test
T00638317,0,NONE,,,test
T00638318,0,NONE,,,test
T00638319,0,NONE,,,test
T00638320,0,NONE,,,test
T00638321,0,NONE,,,test
T00638322,0,NONE,,,test
T00638323,0,NONE,,,test
T00638324,0,NONE,,,test
T00638325,0,NONE,,,test
T00638326,0,NONE,,,test
T00638327,0,NONE,,,test
T00638328,0,NONE,,,test
T00638329,0,NONE,,,test
T00638330,0,NONE,,,test
T00638331,0,NONE,,,test
T00638332,0,NONE,,,test
T00638333,0,NONE,,,test
T00638334,0,NONE,,,test
T00638335,0,NONE,,,test
T00638336,0,NONE,,,test
T00638337,0,NONE,,,test
T00638338,0,NONE,,,test
T00638339,0,NONE,,,test
T00638340,0,NONE,,,test
T00638341,0,NONE,,,test
T00638342,0,NONE,,,test
T00638343,0,NONE,,,test
T00638344,0,NONE,,,test
T00638345,0,NONE,,,test
T00638346,0,NONE,,,test
T00638347,0,NONE,,,test
T00638348,0,NONE,,,test
T00638349,0,NONE,,,test
T00638350,0,NONE,,,test
T00638351,0,NONE,,,test
T00638352,0,NONE,,,test
T00638353,0,NONE,,,test
T00638354,0,NONE,,,test
T00638355,0,NONE,,,test
T00638356,0,NONE,,,test
T00638357,0,NONE,,,test
T00638358,0,NONE,,,test
T00638359,0,NONE,,,test
T00638360,0,NONE,,,test
T00638361,0,NONE,,,test
T00638362,0,NONE,,,test
T00638363,0,NONE,,,test
T00638364,0,NONE,,,test
T00638365,0,NONE,,,test
T00638366,0,NONE,,,test
T00638367,0,NONE,,,test
T00638368,0,NONE,,,test
T00638369,0,NONE,,,test
T00638370,0,NONE,,,test
T00638371,0,NONE,,,test
T00638372,0,NONE,,,test
T00638373,0,NONE,,,test
T00638374,0,NONE,,,test
T00638375,0,NONE,,,test
T00638376,0,NONE,,,test
T00638377,0,NONE,,,test
T00638378,0,NONE,,,test
T00638379,0,NONE,,,test
T00638380,0,NONE,,,test
T00638381,0,NONE,,,test
T00638382,0,NONE,,,test
T00638383,0,NONE,,,test
T00638384,0,NONE,,,test
T00638385,0,NONE,,,test
T00638386,0,NONE,,,test
T00638387,0,NONE,,,test
T00638388,0,NONE,,,test
T00638389,0,NONE,,,test
T00638390,0,NONE,,,test
T00638391,0,NONE,,,test
T00638392,0,NONE,,,test
T00638393,0,NONE,,,test
T00638394,0,NONE,,,test
T00638395,0,NONE,,,test
T00638396,0,NONE,,,test
T00638397,0,NONE,,,test
T00638398,0,NONE,,,test
T00638399,0,NONE,,,test
T00638400,0,NONE,,,test
T00638401,0,NONE,,,test
T00638402,0,NONE,,,test
T00638403,0,NONE,,,test
T00638404,0,NONE,,,test
T00638405,0,NONE,,,test
T00638406,0,NONE,,,test
T00638407,0,NONE,,,test
T00638408,0,NONE,,,test
T00638409,0,NONE,,,test
T00638410,0,NONE,,,test
T00638411,0,NONE,,,test
T00638412,0,NONE,,,test
T00638413,0,NONE,,,test
T00638414,0,NONE,,,test
T00638415,0,NONE,,,test
T00638416,0,NONE,,,test
T00638417,0,NONE,,,test
T00638418,0,NONE,,,test
T00638419,0,NONE,,,test
T00638420,0,NONE,,,test
T00638421,0,NONE,,,test
T00638422,0,NONE,,,test
T00638423,0,NONE,,,test
T00638424,0,NONE,,,test
T00638425,0,NONE,,,test
T00638426,0,NONE,,,test
T00638427,0,NONE,,,test
T00638428,0,NONE,,,test
T00638429,0,NONE,,,test
T00638430,0,NONE,,,test
T00638431,0,NONE,,,test
T00638432,0,NONE,,,test
T00638433,0,NONE,,,test
T00638434,0,NONE,,,test
T00638435,0,NONE,,,test
T00638436,0,NONE,,,test
T00638437,0,NONE,,,test
T00638438,0,NONE,,,test
T00638439,0,NONE,,,test
T00638440,0,NONE,,,test
T00638441,0,NONE,,,test
T00638442,0,NONE,,,test
T00638443,0,NONE,,,test
T00638444,0,NONE,,,test
T00638445,0,NONE,,,test
T00638446,0,NONE,,,test
T00638447,0,NONE,,,test
T00638448,0,NONE,,,test
T00638449,0,NONE,,,test
T00638450,0,NONE,,,test
T00638451,0,NONE,,,test
T00638452,0,NONE,,,test
T00638453,0,NONE,,,test
T00638454,0,NONE,,,test
T00638455,0,NONE,,,test
T00638456,0,NONE,,,test
T00638457,0,NONE,,,test
T00638458,0,NONE,,,test
T00638459,0,NONE,,,test
T00638460,0,NONE,,,test
T00638461,0,NONE,,,test
T00638462,0,NONE,,,test
T00638463,0,NONE,,,test
T00638464,0,NONE,,,test
T00638465,0,NONE,,,test
T00638466,0,NONE,,,test
T00638467,0,NONE,,,test
T00638468,0,NONE,,,test
T00638469,0,NONE,,,test
T00638470,0,NONE,,,test
T00638471,0,NONE,,,test
T00638472,0,NONE,,,test
T00638473,0,NONE,,,test
T00638474,0,NONE,,,test
T00638475,0,NONE,,,test
T00638476,0,NONE,,,test
T00638477,0,NONE,,,test
T00638478,0,NONE,,,test
T00638479,0,NONE,,,test
T00638480,0,NONE,,,test
T00638481,0,NONE,,,test
T00638482,0,NONE,,,test
T00638483,0,NONE,,,test
T00638484,0,NONE,,,test
T00638485,0,NONE,,,test
T00638486,0,NONE,,,test
T00638487,0,NONE,,,test
T00638488,0,NONE,,,test
T00638489,0,NONE,,,test
T00638490,0,NONE,,,test
T00638491,0,NONE,,,test
T00638492,0,NONE,,,test
T00638493,0,NONE,,,test
T00638494,0,NONE,,,test
T00638495,0,NONE,,,test
T00638496,0,NONE,,,test
T00638497,0,NONE,,,test
T00638498,0,NONE,,,test
T00638499,0,NONE,,,test
T00638500,0,NONE,,,test
T00638501,0,NONE,,,test
T00638502,0,NONE,,,test
T00638503,0,NONE,,,test
T00638504,0,NONE,,,test
T00638505,0,NONE,,,test
T00638506,0,NONE,,,test
T00638507,0,NONE,,,test
T00638508,0,NONE,,,test
T00638509,0,NONE,,,test
T00638510,0,NONE,,,test
T00638511,0,NONE,,,test
T00638512,0,NONE,,,test
T00638513,0,NONE,,,test
T00638514,0,NONE,,,test
T00638515,0,NONE,,,test
T00638516,0,NONE,,,test
T00638517,0,NONE,,,test
T00638518,0,NONE,,,test
T00638519,0,NONE,,,test
T00638520,0,NONE,,,test
T00638521,0,NONE,,,test
T00638522,0,NONE,,,test
T00638523,0,NONE,,,test
T00638524,0,NONE,,,test
T00638525,0,NONE,,,test
T00638526,0,NONE,,,test
T00638527,0,NONE,,,test
T00638528,0,NONE,,,test
T00638529,0,NONE,,,test
T00638530,0,NONE,,,test
T00638531,0,NONE,,,test
T00638532,0,NONE,,,test
T00638533,0,NONE,,,test
T00638534,0,NONE,,,test
T00638535,0,NONE,,,test
T00638536,0,NONE,,,test
T00638537,0,NONE,,,test
T00638538,0,NONE,,,test
T00638539,0,NONE,,,test
T00638540,0,NONE,,,test
T00638541,0,NONE,,,test
T00638542,0,NONE,,,test
T00638543,0,NONE,,,test
T00638544,0,NONE,,,test
T00638545,0,NONE,,,test
T00638546,0,NONE,,,test
T00638547,0,NONE,,,test
T00638548,0,NONE,,,test
T00638549,0,NONE,,,test
T00638550,0,NONE,,,test
T00638551,0,NONE,,,test
T00638552,0,NONE,,,test
T00638553,0,NONE,,,test
T00638554,0,NONE,,,test
T00638555,0,NONE,,,test
T00638556,0,NONE,,,test
T00638557,0,NONE,,,test
T00638558,0,NONE,,,test
T00638559,0,NONE,,,test
T00638560,0,NONE,,,test
T00638561,0,NONE,,,test
T00638562,0,NONE,,,test
T00638563,0,NONE,,,test
T00638564,0,NONE,,,test
T00638565,0,NONE,,,test
T00638566,0,NONE,,,test
T00638567,0,NONE,,,test
T00638568,0,NONE,,,test
T00638569,0,NONE,,,test
T00638570,0,NONE,,,test
T00638571,0,NONE,,,test
T00638572,0,NONE,,,test
T00638573,0,NONE,,,test
T00638574,0,NONE,,,test
T00638575,0,NONE,,,test
T00638576,0,NONE,,,test
T00638577,0,NONE,,,test
T00638578,0,NONE,,,test
T00638579,0,NONE,,,test
T00638580,0,NONE,,,test
T00638581,0,NONE,,,test
T00638582,0,NONE,,,test
T00638583,0,NONE,,,test
T00638584,0,NONE,,,test
T00638585,0,NONE,,,test
T00638586,0,NONE,,,test
T00638587,0,NONE,,,test
T00638588,0,NONE,,,test
T00638589,0,NONE,,,test
T00638590,0,NONE,,,test
T00638591,0,NONE,,,test
T00638592,0,NONE,,,test
T00638593,0,NONE,,,test
T00638594,0,NONE,,,test
T00638595,0,NONE,,,test
T00638596,0,NONE,,,test
T00638597,0,NONE,,,test
T00638598,0,NONE,,,test
T00638599,0,NONE,,,test
T00638600,0,NONE,,,test
T00638601,0,NONE,,,test
T00638602,0,NONE,,,test
T00638603,0,NONE,,,test
T00638604,0,NONE,,,test
T00638605,0,NONE,,,test
T00638606,0,NONE,,,test
T00638607,0,NONE,,,test
T00638608,0,NONE,,,test
T00638609,0,NONE,,,test
T00638610,0,NONE,,,test
T00638611,0,NONE,,,test
T00638612,0,NONE,,,test
T00638613,0,NONE,,,test
T00638614,0,NONE,,,test
T00638615,0,NONE,,,test
T00638616,0,NONE,,,test
T00638617,0,NONE,,,test
T00638618,0,NONE,,,test
T00638619,0,NONE,,,test
T00638620,0,NONE,,,test
T00638621,0,NONE,,,test
T00638622,0,NONE,,,test
T00638623,0,NONE,,,test
T00638624,0,NONE,,,test
T00638625,0,NONE,,,test
T00638626,0,NONE,,,test
T00638627,0,NONE,,,test
T00638628,0,NONE,,,test
T00638629,0,NONE,,,test
T00638630,0,NONE,,,test
T00638631,0,NONE,,,test
T00638632,0,NONE,,,test
T00638633,0,NONE,,,test
T00638634,0,NONE,,,test
T00638635,0,NONE,,,test
T00638636,0,NONE,,,test
T00638637,0,NONE,,,test
T00638638,0,NONE,,,test
T00638639,0,NONE,,,test
T00638640,0,NONE,,,test
T00638641,0,NONE,,,test
T00638642,0,NONE,,,test
T00638643,0,NONE,,,test
T00638644,0,NONE,,,test
T00638645,0,NONE,,,test
T00638646,0,NONE,,,test
T00638647,0,NONE,,,test
T00638648,0,NONE,,,test
T00638649,0,NONE,,,test
T00638650,0,NONE,,,test
T00638651,0,NONE,,,test
T00638652,0,NONE,,,test
T00638653,0,NONE,,,test
T00638654,0,NONE,,,test
T00638655,0,NONE,,,test
T00638656,0,NONE,,,test
T00638657,0,NONE,,,test
T00638658,0,NONE,,,test
T00638659,0,NONE,,,test
T00638660,0,NONE,,,test
T00638661,0,NONE,,,test
T00638662,0,NONE,,,test
T00638663,0,NONE,,,test
T00638664,0,NONE,,,test
T00638665,0,NONE,,,test
T00638666,0,NONE,,,test
T00638667,0,NONE,,,test
T00638668,0,NONE,,,test
T00638669,0,NONE,,,test
T00638670,0,NONE,,,test
T00638671,0,NONE,,,test
T00638672,0,NONE,,,test
T00638673,0,NONE,,,test
T00638674,0,NONE,,,test
T00638675,0,NONE,,,test
T00638676,0,NONE,,,test
T00638677,0,NONE,,,test
T00638678,0,NONE,,,test
T00638679,0,NONE,,,test
T00638680,0,NONE,,,test
T00638681,0,NONE,,,test
T00638682,0,NONE,,,test
T00638683,0,NONE,,,test
T00638684,0,NONE,,,test
T00638685,0,NONE,,,test
T00638686,0,NONE,,,test
T00638687,0,NONE,,,test
T00638688,0,NONE,,,test
T00638689,0,NONE,,,test
T00638690,0,NONE,,,test
T00638691,0,NONE,,,test
T00638692,0,NONE,,,test
T00638693,0,NONE,,,test
T00638694,0,NONE,,,test
T00638695,0,NONE,,,test
T00638696,0,NONE,,,test
T00638697,0,NONE,,,test
T00638698,0,NONE,,,test
T00638699,0,NONE,,,test
T00638700,0,NONE,,,test
T00638701,0,NONE,,,test
T00638702,0,NONE,,,test
T00638703,0,NONE,,,test
T00638704,0,NONE,,,test
T00638705,0,NONE,,,test
T00638706,0,NONE,,,test
T00638707,0,NONE,,,test
T00638708,0,NONE,,,test
T00638709,0,NONE,,,test
T00638710,0,NONE,,,test
T00638711,0,NONE,,,test
T00638712,0,NONE,,,test
T00638713,0,NONE,,,test
T00638714,0,NONE,,,test
T00638715,0,NONE,,,test
T00638716,0,NONE,,,test
T00638717,0,NONE,,,test
T00638718,0,NONE,,,test
T00638719,0,NONE,,,test
T00638720,0,NONE,,,test
T00638721,0,NONE,,,test
T00638722,0,NONE,,,test
T00638723,0,NONE,,,test
T00638724,0,NONE,,,test
T00638725,0,NONE,,,test
T00638726,0,NONE,,,test
T00638727,0,NONE,,,test
T00638728,0,NONE,,,test
T00638729,0,NONE,,,test
T00638730,0,NONE,,,test
T00638731,0,NONE,,,test
T00638732,0,NONE,,,test
T00638733,0,NONE,,,test
T00638734,0,NONE,,,test
T00638735,0,NONE,,,test
T00638736,0,NONE,,,test
T00638737,0,NONE,,,test
T00638738,0,NONE,,,test
T00638739,0,NONE,,,test
T00638740,0,NONE,,,test
T00638741,0,NONE,,,test
T00638742,0,NONE,,,test
T00638743,0,NONE,,,test
T00638744,0,NONE,,,test
T00638745,0,NONE,,,test
T00638746,0,NONE,,,test
T00638747,0,NONE,,,test
T00638748,0,NONE,,,test
T00638749,0,NONE,,,test
T00638750,0,NONE,,,test
T00638751,0,NONE,,,test
T00638752,0,NONE,,,test
T00638753,0,NONE,,,test
T00638754,0,NONE,,,test
T00638755,0,NONE,,,test
T00638756,0,NONE,,,test
T00638757,0,NONE,,,test
T00638758,0,NONE,,,test
T00638759,0,NONE,,,test
T00638760,0,NONE,,,test
T00638761,0,NONE,,,test
T00638762,0,NONE,,,test
T00638763,0,NONE,,,test
T00638764,0,NONE,,,test
T00638765,0,NONE,,,test
T00638766,0,NONE,,,test
T00638767,0,NONE,,,test
T00638768,0,NONE,,,test
T00638769,0,NONE,,,test
T00638770,0,NONE,,,test
T00638771,0,NONE,,,test
T00638772,0,NONE,,,test
T00638773,0,NONE,,,test
T00638774,0,NONE,,,test
T00638775,0,NONE,,,test
T00638776,0,NONE,,,test
T00638777,0,NONE,,,test
T00638778,0,NONE,,,test
T00638779,0,NONE,,,test
T00638780,0,NONE,,,test
T00638781,0,NONE,,,test
T00638782,0,NONE,,,test
T00638783,0,NONE,,,test
T00638784,0,NONE,,,test
T00638785,0,NONE,,,test
T00638786,0,NONE,,,test
T00638787,0,NONE,,,test
T00638788,0,NONE,,,test
T00638789,0,NONE,,,test
T00638790,0,NONE,,,test
T00638791,0,NONE,,,test
T00638792,0,NONE,,,test
T00638793,0,NONE,,,test
T00638794,0,NONE,,,test
T00638795,0,NONE,,,test
T00638796,0,NONE,,,test
T00638797,0,NONE,,,test
T00638798,0,NONE,,,test
T00638799,0,NONE,,,test
T00638800,0,NONE,,,test
T00638801,0,NONE,,,test
T00638802,0,NONE,,,test
T00638803,0,NONE,,,test
T00638804,0,NONE,,,test
T00638805,0,NONE,,,test
T00638806,0,NONE,,,test
T00638807,0,NONE,,,test
T00638808,0,NONE,,,test
T00638809,0,NONE,,,test
T00638810,0,NONE,,,test
T00638811,0,NONE,,,test
T00638812,0,NONE,,,test
T00638813,0,NONE,,,test
T00638814,0,NONE,,,test
T00638815,0,NONE,,,test
T00638816,0,NONE,,,test
T00638817,0,NONE,,,test
T00638818,0,NONE,,,test
T00638819,0,NONE,,,test
T00638820,0,NONE,,,test
T00638821,0,NONE,,,test
T00638822,0,NONE,,,test
T00638823,0,NONE,,,test
T00638824,0,NONE,,,test
T00638825,0,NONE,,,test
T00638826,0,NONE,,,test
T00638827,0,NONE,,,test
T00638828,0,NONE,,,test
T00638829,0,NONE,,,test
T00638830,0,NONE,,,test
T00638831,0,NONE,,,test
T00638832,0,NONE,,,test
T00638833,0,NONE,,,test
T00638834,0,NONE,,,test
T00638835,0,NONE,,,test
T00638836,0,NONE,,,test
T00638837,0,NONE,,,test
T00638838,0,NONE,,,test
T00638839,0,NONE,,,test
T00638840,0,NONE,,,test
T00638841,0,NONE,,,test
T00638842,0,NONE,,,test
T00638843,0,NONE,,,test
T00638844,0,NONE,,,test
T00638845,0,NONE,,,test
T00638846,0,NONE,,,test
T00638847,0,NONE,,,test
T00638848,0,NONE,,,test
T00638849,0,NONE,,,test
T00638850,0,NONE,,,test
T00638851,0,NONE,,,test
T00638852,0,NONE,,,test
T00638853,0,NONE,,,test
T00638854,0,NONE,,,test
T00638855,0,NONE,,,test
T00638856,0,NONE,,,test
T00638857,0,NONE,,,test
T00638858,0,NONE,,,test
T00638859,0,NONE,,,test
T00638860,0,NONE,,,test
T00638861,0,NONE,,,test
T00638862,0,NONE,,,test
T00638863,0,NONE,,,test
T00638864,0,NONE,,,test
T00638865,0,NONE,,,test
T00638866,0,NONE,,,test
T00638867,0,NONE,,,test
T00638868,0,NONE,,,test
T00638869,0,NONE,,,test
T00638870,0,NONE,,,test
T00638871,0,NONE,,,test
T00638872,0,NONE,,,test
T00638873,0,NONE,,,test
T00638874,0,NONE,,,test
T00638875,0,NONE,,,test
T00638876,0,NONE,,,test
T00638877,0,NONE,,,test
T00638878,0,NONE,,,test
T00638879,0,NONE,,,test
T00638880,0,NONE,,,test
T00638881,0,NONE,,,test
T00638882,0,NONE,,,test
T00638883,0,NONE,,,test
T00638884,0,NONE,,,test
T00638885,0,NONE,,,test
T00638886,0,NONE,,,test
T00638887,0,NONE,,,test
T00638888,0,NONE,,,test
T00638889,0,NONE,,,test
T00638890,0,NONE,,,test
T00638891,0,NONE,,,test
T00638892,0,NONE,,,test
T00638893,0,NONE,,,test
T00638894,0,NONE,,,test
T00638895,0,NONE,,,test
T00638896,0,NONE,,,test
T00638897,0,NONE,,,test
T00638898,0,NONE,,,test
T00638899,0,NONE,,,test
T00638900,0,NONE,,,test
T00638901,0,NONE,,,test
T00638902,0,NONE,,,test
T00638903,0,NONE,,,test
T00638904,0,NONE,,,test
T00638905,0,NONE,,,test
T00638906,0,NONE,,,test
T00638907,0,NONE,,,test
T00638908,0,NONE,,,test
T00638909,0,NONE,,,test
T00638910,0,NONE,,,test
T00638911,0,NONE,,,test
T00638912,0,NONE,,,test
T00638913,0,NONE,,,test
T00638914,0,NONE,,,test
T00638915,0,NONE,,,test
T00638916,0,NONE,,,test
T00638917,0,NONE,,,test
T00638918,0,NONE,,,test
T00638919,0,NONE,,,test
T00638920,0,NONE,,,test
T00638921,0,NONE,,,test
T00638922,0,NONE,,,test
T00638923,0,NONE,,,test
T00638924,0,NONE,,,test
T00638925,0,NONE,,,test
T00638926,0,NONE,,,test
T00638927,0,NONE,,,test
T00638928,0,NONE,,,test
T00638929,0,NONE,,,test
T00638930,0,NONE,,,test
T00638931,0,NONE,,,test
T00638932,0,NONE,,,test
T00638933,0,NONE,,,test
T00638934,0,NONE,,,test
T00638935,0,NONE,,,test
T00638936,0,NONE,,,test
T00638937,0,NONE,,,test
T00638938,0,NONE,,,test
T00638939,0,NONE,,,test
T00638940,0,NONE,,,test
T00638941,0,NONE,,,test
T00638942,0,NONE,,,test
T00638943,0,NONE,,,test
T00638944,0,NONE,,,test
T00638945,0,NONE,,,test
T00638946,0,NONE,,,test
T00638947,0,NONE,,,test
T00638948,0,NONE,,,test
T00638949,0,NONE,,,test
T00638950,0,NONE,,,test
T00638951,0,NONE,,,test
T00638952,0,NONE,,,test
T00638953,0,NONE,,,test
T00638954,0,NONE,,,test
T00638955,0,NONE,,,test
T00638956,0,NONE,,,test
T00638957,0,NONE,,,test
T00638958,0,NONE,,,test
T00638959,0,NONE,,,test
T00638960,0,NONE,,,test
T00638961,0,NONE,,,test
T00638962,0,NONE,,,test
T00638963,0,NONE,,,test
T00638964,0,NONE,,,test
T00638965,0,NONE,,,test
T00638966,0,NONE,,,test
T00638967,0,NONE,,,test
T00638968,0,NONE,,,test
T00638969,0,NONE,,,test
T00638970,0,NONE,,,test
T00638971,0,NONE,,,test
T00638972,0,NONE,,,test
T00638973,0,NONE,,,test
T00638974,0,NONE,,,test
T00638975,0,NONE,,,test
T00638976,0,NONE,,,test
T00638977,0,NONE,,,test
T00638978,0,NONE,,,test
T00638979,0,NONE,,,test
T00638980,0,NONE,,,test
T00638981,0,NONE,,,test
T00638982,0,NONE,,,test
T00638983,0,NONE,,,test
T00638984,0,NONE,,,test
T00638985,0,NONE,,,test
T00638986,0,NONE,,,test
T00638987,0,NONE,,,test
T00638988,0,NONE,,,test
T00638989,0,NONE,,,test
T00638990,0,NONE,,,test
T00638991,0,NONE,,,test
T00638992,0,NONE,,,test
T00638993,0,NONE,,,test
T00638994,0,NONE,,,test
T00638995,0,NONE,,,test
T00638996,0,NONE,,,test
T00638997,0,NONE,,,test
T00638998,0,NONE,,,test
T00638999,0,NONE,,,test
T00639000,0,NONE,,,test
T00639001,0,NONE,,,test
T00639002,0,NONE,,,test
T00639003,0,NONE,,,test
T00639004,0,NONE,,,test
T00639005,0,NONE,,,test
T00639006,0,NONE,,,test
T00639007,0,NONE,,,test
T00639008,0,NONE,,,test
T00639009,0,NONE,,,test
T00639010,0,NONE,,,test
T00639011,0,NONE,,,test
T00639012,0,NONE,,,test
T00639013,0,NONE,,,test
T00639014,0,NONE,,,test
T00639015,0,NONE,,,test
T00639016,0,NONE,,,test
T00639017,0,NONE,,,test
T00639018,0,NONE,,,test
T00639019,0,NONE,,,test
T00639020,0,NONE,,,test
T00639021,0,NONE,,,test
T00639022,0,NONE,,,test
T00639023,0,NONE,,,test
T00639024,0,NONE,,,test
T00639025,0,NONE,,,test
T00639026,0,NONE,,,test
T00639027,0,NONE,,,test
T00639028,0,NONE,,,test
T00639029,0,NONE,,,test
T00639030,0,NONE,,,test
T00639031,0,NONE,,,test
T00639032,0,NONE,,,test
T00639033,0,NONE,,,test
T00639034,0,NONE,,,test
T00639035,0,NONE,,,test
T00639036,0,NONE,,,test
T00639037,0,NONE,,,test
T00639038,0,NONE,,,test
T00639039,0,NONE,,,test
T00639040,0,NONE,,,test
T00639041,0,NONE,,,test
T00639042,0,NONE,,,test
T00639043,0,NONE,,,test
T00639044,0,NONE,,,test
T00639045,0,NONE,,,test
T00639046,0,NONE,,,test
T00639047,0,NONE,,,test
T00639048,0,NONE,,,test
T00639049,0,NONE,,,test
T00639050,0,NONE,,,test
T00639051,0,NONE,,,test
T00639052,0,NONE,,,test
T00639053,0,NONE,,,test
T00639054,0,NONE,,,test
T00639055,0,NONE,,,test
T00639056,0,NONE,,,test
T00639057,0,NONE,,,test
T00639058,0,NONE,,,test
T00639059,0,NONE,,,test
T00639060,0,NONE,,,test
T00639061,0,NONE,,,test
T00639062,0,NONE,,,test
T00639063,0,NONE,,,test
T00639064,0,NONE,,,test
T00639065,0,NONE,,,test
T00639066,0,NONE,,,test
T00639067,0,NONE,,,test
T00639068,0,NONE,,,test
T00639069,0,NONE,,,test
T00639070,0,NONE,,,test
T00639071,0,NONE,,,test
T00639072,0,NONE,,,test
T00639073,0,NONE,,,test
T00639074,0,NONE,,,test
T00639075,0,NONE,,,test
T00639076,0,NONE,,,test
T00639077,0,NONE,,,test
T00639078,0,NONE,,,test
T00639079,0,NONE,,,test
T00639080,0,NONE,,,test
T00639081,0,NONE,,,test
T00639082,0,NONE,,,test
T00639083,0,NONE,,,test
T00639084,0,NONE,,,test
T00639085,0,NONE,,,test
T00639086,0,NONE,,,test
T00639087,0,NONE,,,test
T00639088,0,NONE,,,test
T00639089,0,NONE,,,test
T00639090,0,NONE,,,test
T00639091,0,NONE,,,test
T00639092,0,NONE,,,test
T00639093,0,NONE,,,test
T00639094,0,NONE,,,test
T00639095,0,NONE,,,test
T00639096,0,NONE,,,test
T00639097,0,NONE,,,test
T00639098,0,NONE,,,test
T00639099,0,NONE,,,test
T00639100,0,NONE,,,test
T00639101,0,NONE,,,test
T00639102,0,NONE,,,test
T00639103,0,NONE,,,test
T00639104,0,NONE,,,test
T00639105,0,NONE,,,test
T00639106,0,NONE,,,test
T00639107,0,NONE,,,test
T00639108,0,NONE,,,test
T00639109,0,NONE,,,test
T00639110,0,NONE,,,test
T00639111,0,NONE,,,test
T00639112,0,NONE,,,test
T00639113,0,NONE,,,test
T00639114,0,NONE,,,test
T00639115,0,NONE,,,test
T00639116,0,NONE,,,test
T00639117,0,NONE,,,test
T00639118,0,NONE,,,test
T00639119,0,NONE,,,test
T00639120,0,NONE,,,test
T00639121,0,NONE,,,test
T00639122,0,NONE,,,test
T00639123,0,NONE,,,test
T00639124,0,NONE,,,test
T00639125,0,NONE,,,test
T00639126,0,NONE,,,test
T00639127,0,NONE,,,test
T00639128,0,NONE,,,test
T00639129,0,NONE,,,test
T00639130,0,NONE,,,test
T00639131,0,NONE,,,test
T00639132,0,NONE,,,test
T00639133,0,NONE,,,test
T00639134,0,NONE,,,test
T00639135,0,NONE,,,test
T00639136,0,NONE,,,test
T00639137,0,NONE,,,test
T00639138,0,NONE,,,test
T00639139,0,NONE,,,test
T00639140,0,NONE,,,test
T00639141,0,NONE,,,test
T00639142,0,NONE,,,test
T00639143,0,NONE,,,test
T00639144,0,NONE,,,test
T00639145,0,NONE,,,test
T00639146,0,NONE,,,test
T00639147,0,NONE,,,test
T00639148,0,NONE,,,test
T00639149,0,NONE,,,test
T00639150,0,NONE,,,test
T00639151,0,NONE,,,test
T00639152,0,NONE,,,test
T00639153,0,NONE,,,test
T00639154,0,NONE,,,test
T00639155,0,NONE,,,test
T00639156,0,NONE,,,test
T00639157,0,NONE,,,test
T00639158,0,NONE,,,test
T00639159,0,NONE,,,test
T00639160,0,NONE,,,test
T00639161,0,NONE,,,test
T00639162,0,NONE,,,test
T00639163,0,NONE,,,test
T00639164,0,NONE,,,test
T00639165,0,NONE,,,test
T00639166,0,NONE,,,test
T00639167,0,NONE,,,test
T00639168,0,NONE,,,test
T00639169,0,NONE,,,test
T00639170,0,NONE,,,test
T00639171,0,NONE,,,test
T00639172,0,NONE,,,test
T00639173,0,NONE,,,test
T00639174,0,NONE,,,test
T00639175,0,NONE,,,test
T00639176,0,NONE,,,test
T00639177,0,NONE,,,test
T00639178,0,NONE,,,test
T00639179,0,NONE,,,test
T00639180,0,NONE,,,test
T00639181,0,NONE,,,test
T00639182,0,NONE,,,test
T00639183,0,NONE,,,test
T00639184,0,NONE,,,test
T00639185,0,NONE,,,test
T00639186,0,NONE,,,test
T00639187,0,NONE,,,test
T00639188,0,NONE,,,test
T00639189,0,NONE,,,test
T00639190,0,NONE,,,test
T00639191,0,NONE,,,test
T00639192,0,NONE,,,test
T00639193,0,NONE,,,test
T00639194,0,NONE,,,test
T00639195,0,NONE,,,test
T00639196,0,NONE,,,test
T00639197,0,NONE,,,test
T00639198,0,NONE,,,test
T00639199,0,NONE,,,test
T00639200,0,NONE,,,test
T00639201,0,NONE,,,test
T00639202,0,NONE,,,test
T00639203,0,NONE,,,test
T00639204,0,NONE,,,test
T00639205,0,NONE,,,test
T00639206,0,NONE,,,test
T00639207,0,NONE,,,test
T00639208,0,NONE,,,test
T00639209,0,NONE,,,test
T00639210,0,NONE,,,test
T00639211,0,NONE,,,test
T00639212,0,NONE,,,test
T00639213,0,NONE,,,test
T00639214,0,NONE,,,test
T00639215,0,NONE,,,test
T00639216,0,NONE,,,test
T00639217,0,NONE,,,test
T00639218,0,NONE,,,test
T00639219,0,NONE,,,test
T00639220,0,NONE,,,test
T00639221,0,NONE,,,test
T00639222,0,NONE,,,test
T00639223,0,NONE,,,test
T00639224,0,NONE,,,test
T00639225,0,NONE,,,test
T00639226,0,NONE,,,test
T00639227,0,NONE,,,test
T00639228,0,NONE,,,test
T00639229,0,NONE,,,test
T00639230,0,NONE,,,test
T00639231,0,NONE,,,test
T00639232,0,NONE,,,test
T00639233,0,NONE,,,test
T00639234,0,NONE,,,test
T00639235,0,NONE,,,test
T00639236,0,NONE,,,test
T00639237,0,NONE,,,test
T00639238,0,NONE,,,test
T00639239,0,NONE,,,test
T00639240,0,NONE,,,test
T00639241,0,NONE,,,test
T00639242,0,NONE,,,test
T00639243,0,NONE,,,test
T00639244,0,NONE,,,test
T00639245,0,NONE,,,test
T00639246,0,NONE,,,test
T00639247,0,NONE,,,test
T00639248,0,NONE,,,test
T00639249,0,NONE,,,test
T00639250,0,NONE,,,test
T00639251,0,NONE,,,test
T00639252,0,NONE,,,test
T00639253,0,NONE,,,test
T00639254,0,NONE,,,test
T00639255,0,NONE,,,test
T00639256,0,NONE,,,test
T00639257,0,NONE,,,test
T00639258,0,NONE,,,test
T00639259,0,NONE,,,test
T00639260,0,NONE,,,test
T00639261,0,NONE,,,test
T00639262,0,NONE,,,test
T00639263,0,NONE,,,test
T00639264,0,NONE,,,test
T00639265,0,NONE,,,test
T00639266,0,NONE,,,test
T00639267,0,NONE,,,test
T00639268,0,NONE,,,test
T00639269,0,NONE,,,test
T00639270,0,NONE,,,test
T00639271,0,NONE,,,test
T00639272,0,NONE,,,test
T00639273,0,NONE,,,test
T00639274,0,NONE,,,test
T00639275,0,NONE,,,test
T00639276,0,NONE,,,test
T00639277,0,NONE,,,test
T00639278,0,NONE,,,test
T00639279,0,NONE,,,test
T00639280,0,NONE,,,test
T00639281,0,NONE,,,test
T00639282,0,NONE,,,test
T00639283,0,NONE,,,test
T00639284,0,NONE,,,test
T00639285,0,NONE,,,test
T00639286,0,NONE,,,test
T00639287,0,NONE,,,test
T00639288,0,NONE,,,test
T00639289,0,NONE,,,test
T00639290,0,NONE,,,test
T00639291,0,NONE,,,test
T00639292,0,NONE,,,test
T00639293,0,NONE,,,test
T00639294,0,NONE,,,test
T00639295,0,NONE,,,test
T00639296,0,NONE,,,test
T00639297,0,NONE,,,test
T00639298,0,NONE,,,test
T00639299,0,NONE,,,test
T00639300,0,NONE,,,test
T00639301,0,NONE,,,test
T00639302,0,NONE,,,test
T00639303,0,NONE,,,test
T00639304,0,NONE,,,test
T00639305,0,NONE,,,test
T00639306,0,NONE,,,test
T00639307,0,NONE,,,test
T00639308,0,NONE,,,test
T00639309,0,NONE,,,test
T00639310,0,NONE,,,test
T00639311,0,NONE,,,test
T00639312,0,NONE,,,test
T00639313,0,NONE,,,test
T00639314,0,NONE,,,test
T00639315,0,NONE,,,test
T00639316,0,NONE,,,test
T00639317,0,NONE,,,test
T00639318,0,NONE,,,test
T00639319,0,NONE,,,test
T00639320,0,NONE,,,test
T00639321,0,NONE,,,test
T00639322,0,NONE,,,test
T00639323,0,NONE,,,test
T00639324,0,NONE,,,test
T00639325,0,NONE,,,test
T00639326,0,NONE,,,test
T00639327,0,NONE,,,test
T00639328,0,NONE,,,test
T00639329,0,NONE,,,test
T00639330,0,NONE,,,test
T00639331,0,NONE,,,test
T00639332,0,NONE,,,test
T00639333,0,NONE,,,test
T00639334,0,NONE,,,test
T00639335,0,NONE,,,test
T00639336,0,NONE,,,test
T00639337,0,NONE,,,test
T00639338,0,NONE,,,test
T00639339,0,NONE,,,test
T00639340,0,NONE,,,test
T00639341,0,NONE,,,test
T00639342,0,NONE,,,test
T00639343,0,NONE,,,test
T00639344,0,NONE,,,test
T00639345,0,NONE,,,test
T00639346,0,NONE,,,test
T00639347,0,NONE,,,test
T00639348,0,NONE,,,test
T00639349,0,NONE,,,test
T00639350,0,NONE,,,test
T00639351,0,NONE,,,test
T00639352,0,NONE,,,test
T00639353,0,NONE,,,test
T00639354,0,NONE,,,test
T00639355,0,NONE,,,test
T00639356,0,NONE,,,test
T00639357,0,NONE,,,test
T00639358,0,NONE,,,test
T00639359,0,NONE,,,test
T00639360,0,NONE,,,test
T00639361,0,NONE,,,test
T00639362,0,NONE,,,test
T00639363,0,NONE,,,test
T00639364,0,NONE,,,test
T00639365,0,NONE,,,test
T00639366,0,NONE,,,test
T00639367,0,NONE,,,test
T00639368,0,NONE,,,test
T00639369,0,NONE,,,test
T00639370,0,NONE,,,test
T00639371,0,NONE,,,test
T00639372,0,NONE,,,test
T00639373,0,NONE,,,test
T00639374,0,NONE,,,test
T00639375,0,NONE,,,test
T00639376,0,NONE,,,test
T00639377,0,NONE,,,test
T00639378,0,NONE,,,test
T00639379,0,NONE,,,test
T00639380,0,NONE,,,test
T00639381,0,NONE,,,test
T00639382,0,NONE,,,test
T00639383,0,NONE,,,test
T00639384,0,NONE,,,test
T00639385,0,NONE,,,test
T00639386,0,NONE,,,test
T00639387,0,NONE,,,test
T00639388,0,NONE,,,test
T00639389,0,NONE,,,test
T00639390,0,NONE,,,test
T00639391,0,NONE,,,test
T00639392,0,NONE,,,test
T00639393,0,NONE,,,test
T00639394,0,NONE,,,test
T00639395,0,NONE,,,test
T00639396,0,NONE,,,test
T00639397,0,NONE,,,test
T00639398,0,NONE,,,test
T00639399,0,NONE,,,test
T00639400,0,NONE,,,test
T00639401,0,NONE,,,test
T00639402,0,NONE,,,test
T00639403,0,NONE,,,test
T00639404,0,NONE,,,test
T00639405,0,NONE,,,test
T00639406,0,NONE,,,test
T00639407,0,NONE,,,test
T00639408,0,NONE,,,test
T00639409,0,NONE,,,test
T00639410,0,NONE,,,test
T00639411,0,NONE,,,test
T00639412,0,NONE,,,test
T00639413,0,NONE,,,test
T00639414,0,NONE,,,test
T00639415,0,NONE,,,test
T00639416,0,NONE,,,test
T00639417,0,NONE,,,test
T00639418,0,NONE,,,test
T00639419,0,NONE,,,test
T00639420,0,NONE,,,test
T00639421,0,NONE,,,test
T00639422,0,NONE,,,test
T00639423,0,NONE,,,test
T00639424,0,NONE,,,test
T00639425,0,NONE,,,test
T00639426,0,NONE,,,test
T00639427,0,NONE,,,test
T00639428,0,NONE,,,test
T00639429,0,NONE,,,test
T00639430,0,NONE,,,test
T00639431,0,NONE,,,test
T00639432,0,NONE,,,test
T00639433,0,NONE,,,test
T00639434,0,NONE,,,test
T00639435,0,NONE,,,test
T00639436,0,NONE,,,test
T00639437,0,NONE,,,test
T00639438,0,NONE,,,test
T00639439,0,NONE,,,test
T00639440,0,NONE,,,test
T00639441,0,NONE,,,test
T00639442,0,NONE,,,test
T00639443,0,NONE,,,test
T00639444,0,NONE,,,test
T00639445,0,NONE,,,test
T00639446,0,NONE,,,test
T00639447,0,NONE,,,test
T00639448,0,NONE,,,test
T00639449,0,NONE,,,test
T00639450,0,NONE,,,test
T00639451,0,NONE,,,test
T00639452,0,NONE,,,test
T00639453,0,NONE,,,test
T00639454,0,NONE,,,test
T00639455,0,NONE,,,test
T00639456,0,NONE,,,test
T00639457,0,NONE,,,test
T00639458,0,NONE,,,test
T00639459,0,NONE,,,test
T00639460,0,NONE,,,test
T00639461,0,NONE,,,test
T00639462,0,NONE,,,test
T00639463,0,NONE,,,test
T00639464,0,NONE,,,test
T00639465,0,NONE,,,test
T00639466,0,NONE,,,test
T00639467,0,NONE,,,test
T00639468,0,NONE,,,test
T00639469,0,NONE,,,test
T00639470,0,NONE,,,test
T00639471,0,NONE,,,test
T00639472,0,NONE,,,test
T00639473,0,NONE,,,test
T00639474,0,NONE,,,test
T00639475,0,NONE,,,test
T00639476,0,NONE,,,test
T00639477,0,NONE,,,test
T00639478,0,NONE,,,test
T00639479,0,NONE,,,test
T00639480,0,NONE,,,test
T00639481,0,NONE,,,test
T00639482,0,NONE,,,test
T00639483,0,NONE,,,test
T00639484,0,NONE,,,test
T00639485,0,NONE,,,test
T00639486,0,NONE,,,test
T00639487,0,NONE,,,test
T00639488,0,NONE,,,test
T00639489,0,NONE,,,test
T00639490,0,NONE,,,test
T00639491,0,NONE,,,test
T00639492,0,NONE,,,test
T00639493,0,NONE,,,test
T00639494,0,NONE,,,test
T00639495,0,NONE,,,test
T00639496,0,NONE,,,test
T00639497,0,NONE,,,test
T00639498,0,NONE,,,test
T00639499,0,NONE,,,test
T00639500,0,NONE,,,test
T00639501,0,NONE,,,test
T00639502,0,NONE,,,test
T00639503,0,NONE,,,test
T00639504,0,NONE,,,test
T00639505,0,NONE,,,test
T00639506,0,NONE,,,test
T00639507,0,NONE,,,test
T00639508,0,NONE,,,test
T00639509,0,NONE,,,test
T00639510,0,NONE,,,test
T00639511,0,NONE,,,test
T00639512,0,NONE,,,test
T00639513,0,NONE,,,test
T00639514,0,NONE,,,test
T00639515,0,NONE,,,test
T00639516,0,NONE,,,test
T00639517,0,NONE,,,test
T00639518,0,NONE,,,test
T00639519,0,NONE,,,test
T00639520,0,NONE,,,test
T00639521,0,NONE,,,test
T00639522,0,NONE,,,test
T00639523,0,NONE,,,test
T00639524,0,NONE,,,test
T00639525,0,NONE,,,test
T00639526,0,NONE,,,test
T00639527,0,NONE,,,test
T00639528,0,NONE,,,test
T00639529,0,NONE,,,test
T00639530,0,NONE,,,test
T00639531,0,NONE,,,test
T00639532,0,NONE,,,test
T00639533,0,NONE,,,test
T00639534,0,NONE,,,test
T00639535,0,NONE,,,test
T00639536,0,NONE,,,test
T00639537,0,NONE,,,test
T00639538,0,NONE,,,test
T00639539,0,NONE,,,test
T00639540,0,NONE,,,test
T00639541,0,NONE,,,test
T00639542,0,NONE,,,test
T00639543,0,NONE,,,test
T00639544,0,NONE,,,test
T00639545,0,NONE,,,test
T00639546,0,NONE,,,test
T00639547,0,NONE,,,test
T00639548,0,NONE,,,test
T00639549,0,NONE,,,test
T00639550,0,NONE,,,test
T00639551,0,NONE,,,test
T00639552,0,NONE,,,test
T00639553,0,NONE,,,test
T00639554,0,NONE,,,test
T00639555,0,NONE,,,test
T00639556,0,NONE,,,test
T00639557,0,NONE,,,test
T00639558,0,NONE,,,test
T00639559,0,NONE,,,test
T00639560,0,NONE,,,test
T00639561,0,NONE,,,test
T00639562,0,NONE,,,test
T00639563,0,NONE,,,test
T00639564,0,NONE,,,test
T00639565,0,NONE,,,test
T00639566,0,NONE,,,test
T00639567,0,NONE,,,test
T00639568,0,NONE,,,test
T00639569,0,NONE,,,test
T00639570,0,NONE,,,test
T00639571,0,NONE,,,test
T00639572,0,NONE,,,test
T00639573,0,NONE,,,test
T00639574,0,NONE,,,test
T00639575,0,NONE,,,test
T00639576,0,NONE,,,test
T00639577,0,NONE,,,test
T00639578,0,NONE,,,test
T00639579,0,NONE,,,test
T00639580,0,NONE,,,test
T00639581,0,NONE,,,test
T00639582,0,NONE,,,test
T00639583,0,NONE,,,test
T00639584,0,NONE,,,test
T00639585,0,NONE,,,test
T00639586,0,NONE,,,test
T00639587,0,NONE,,,test
T00639588,0,NONE,,,test
T00639589,0,NONE,,,test
T00639590,0,NONE,,,test
T00639591,0,NONE,,,test
T00639592,0,NONE,,,test
T00639593,0,NONE,,,test
T00639594,0,NONE,,,test
T00639595,0,NONE,,,test
T00639596,0,NONE,,,test
T00639597,0,NONE,,,test
T00639598,0,NONE,,,test
T00639599,0,NONE,,,test
T00639600,0,NONE,,,test
T00639601,0,NONE,,,test
T00639602,0,NONE,,,test
T00639603,0,NONE,,,test
T00639604,0,NONE,,,test
T00639605,0,NONE,,,test
T00639606,0,NONE,,,test
T00639607,0,NONE,,,test
T00639608,0,NONE,,,test
T00639609,0,NONE,,,test
T00639610,0,NONE,,,test
T00639611,0,NONE,,,test
T00639612,0,NONE,,,test
T00639613,0,NONE,,,test
T00639614,0,NONE,,,test
T00639615,0,NONE,,,test
T00639616,0,NONE,,,test
T00639617,0,NONE,,,test
T00639618,0,NONE,,,test
T00639619,0,NONE,,,test
T00639620,0,NONE,,,test
T00639621,0,NONE,,,test
T00639622,0,NONE,,,test
T00639623,0,NONE,,,test
T00639624,0,NONE,,,test
T00639625,0,NONE,,,test
T00639626,0,NONE,,,test
T00639627,0,NONE,,,test
T00639628,0,NONE,,,test
T00639629,0,NONE,,,test
T00639630,0,NONE,,,test
T00639631,0,NONE,,,test
T00639632,0,NONE,,,test
T00639633,0,NONE,,,test
T00639634,0,NONE,,,test
T00639635,0,NONE,,,test
T00639636,0,NONE,,,test
T00639637,0,NONE,,,test
T00639638,0,NONE,,,test
T00639639,0,NONE,,,test
T00639640,0,NONE,,,test
T00639641,0,NONE,,,test
T00639642,0,NONE,,,test
T00639643,0,NONE,,,test
T00639644,0,NONE,,,test
T00639645,0,NONE,,,test
T00639646,0,NONE,,,test
T00639647,0,NONE,,,test
T00639648,0,NONE,,,test
T00639649,0,NONE,,,test
T00639650,0,NONE,,,test
T00639651,0,NONE,,,test
T00639652,0,NONE,,,test
T00639653,0,NONE,,,test
T00639654,0,NONE,,,test
T00639655,0,NONE,,,test
T00639656,0,NONE,,,test
T00639657,0,NONE,,,test
T00639658,0,NONE,,,test
T00639659,0,NONE,,,test
T00639660,0,NONE,,,test
T00639661,0,NONE,,,test
T00639662,0,NONE,,,test
T00639663,0,NONE,,,test
T00639664,0,NONE,,,test
T00639665,0,NONE,,,test
T00639666,0,NONE,,,test
T00639667,0,NONE,,,test
T00639668,0,NONE,,,test
T00639669,0,NONE,,,test
T00639670,0,NONE,,,test
T00639671,0,NONE,,,test
T00639672,0,NONE,,,test
T00639673,0,NONE,,,test
T00639674,0,NONE,,,test
T00639675,0,NONE,,,test
T00639676,0,NONE,,,test
T00639677,0,NONE,,,test
T00639678,0,NONE,,,test
T00639679,0,NONE,,,test
T00639680,0,NONE,,,test
T00639681,0,NONE,,,test
T00639682,0,NONE,,,test
T00639683,0,NONE,,,test
T00639684,0,NONE,,,test
T00639685,0,NONE,,,test
T00639686,0,NONE,,,test
T00639687,0,NONE,,,test
T00639688,0,NONE,,,test
T00639689,0,NONE,,,test
T00639690,0,NONE,,,test
T00639691,0,NONE,,,test
T00639692,0,NONE,,,test
T00639693,0,NONE,,,test
T00639694,0,NONE,,,test
T00639695,0,NONE,,,test
T00639696,0,NONE,,,test
T00639697,0,NONE,,,test
T00639698,0,NONE,,,test
T00639699,0,NONE,,,test
T00639700,0,NONE,,,test
T00639701,0,NONE,,,test
T00639702,0,NONE,,,test
T00639703,0,NONE,,,test
T00639704,0,NONE,,,test
T00639705,0,NONE,,,test
T00639706,0,NONE,,,test
T00639707,0,NONE,,,test
T00639708,0,NONE,,,test
T00639709,0,NONE,,,test
T00639710,0,NONE,,,test
T00639711,0,NONE,,,test
T00639712,0,NONE,,,test
T00639713,0,NONE,,,test
T00639714,0,NONE,,,test
T00639715,0,NONE,,,test
T00639716,0,NONE,,,test
T00639717,0,NONE,,,test
T00639718,0,NONE,,,test
T00639719,0,NONE,,,test
T00639720,0,NONE,,,test
T00639721,0,NONE,,,test
T00639722,0,NONE,,,test
T00639723,0,NONE,,,test
T00639724,0,NONE,,,test
T00639725,0,NONE,,,test
T00639726,0,NONE,,,test
T00639727,0,NONE,,,test
T00639728,0,NONE,,,test
T00639729,0,NONE,,,test
T00639730,0,NONE,,,test
T00639731,0,NONE,,,test
T00639732,0,NONE,,,test
T00639733,0,NONE,,,test
T00639734,0,NONE,,,test
T00639735,0,NONE,,,test
T00639736,0,NONE,,,test
T00639737,0,NONE,,,test
T00639738,0,NONE,,,test
T00639739,0,NONE,,,test
T00639740,0,NONE,,,test
T00639741,0,NONE,,,test
T00639742,0,NONE,,,test
T00639743,0,NONE,,,test
T00639744,0,NONE,,,test
T00639745,0,NONE,,,test
T00639746,0,NONE,,,test
T00639747,0,NONE,,,test
T00639748,0,NONE,,,test
T00639749,0,NONE,,,test
T00639750,0,NONE,,,test
T00639751,0,NONE,,,test
T00639752,0,NONE,,,test
T00639753,0,NONE,,,test
T00639754,0,NONE,,,test
T00639755,0,NONE,,,test
T00639756,0,NONE,,,test
T00639757,0,NONE,,,test
T00639758,0,NONE,,,test
T00639759,0,NONE,,,test
T00639760,0,NONE,,,test
T00639761,0,NONE,,,test
T00639762,0,NONE,,,test
T00639763,0,NONE,,,test
T00639764,0,NONE,,,test
T00639765,0,NONE,,,test
T00639766,0,NONE,,,test
T00639767,0,NONE,,,test
T00639768,0,NONE,,,test
T00639769,0,NONE,,,test
T00639770,0,NONE,,,test
T00639771,0,NONE,,,test
T00639772,0,NONE,,,test
T00639773,0,NONE,,,test
T00639774,0,NONE,,,test
T00639775,0,NONE,,,test
T00639776,0,NONE,,,test
T00639777,0,NONE,,,test
T00639778,0,NONE,,,test
T00639779,0,NONE,,,test
T00639780,0,NONE,,,test
T00639781,0,NONE,,,test
T00639782,0,NONE,,,test
T00639783,0,NONE,,,test
T00639784,0,NONE,,,test
T00639785,0,NONE,,,test
T00639786,0,NONE,,,test
T00639787,0,NONE,,,test
T00639788,0,NONE,,,test
T00639789,0,NONE,,,test
T00639790,0,NONE,,,test
T00639791,0,NONE,,,test
T00639792,0,NONE,,,test
T00639793,0,NONE,,,test
T00639794,0,NONE,,,test
T00639795,0,NONE,,,test
T00639796,0,NONE,,,test
T00639797,0,NONE,,,test
T00639798,0,NONE,,,test
T00639799,0,NONE,,,test
T00639800,0,NONE,,,test
T00639801,0,NONE,,,test
T00639802,0,NONE,,,test
T00639803,0,NONE,,,test
T00639804,0,NONE,,,test
T00639805,0,NONE,,,test
T00639806,0,NONE,,,test
T00639807,0,NONE,,,test
T00639808,0,NONE,,,test
T00639809,0,NONE,,,test
T00639810,0,NONE,,,test
T00639811,0,NONE,,,test
T00639812,0,NONE,,,test
T00639813,0,NONE,,,test
T00639814,0,NONE,,,test
T00639815,0,NONE,,,test
T00639816,0,NONE,,,test
T00639817,0,NONE,,,test
T00639818,0,NONE,,,test
T00639819,0,NONE,,,test
T00639820,0,NONE,,,test
T00639821,0,NONE,,,test
T00639822,0,NONE,,,test
T00639823,0,NONE,,,test
T00639824,0,NONE,,,test
T00639825,0,NONE,,,test
T00639826,0,NONE,,,test
T00639827,0,NONE,,,test
T00639828,0,NONE,,,test
T00639829,0,NONE,,,test
T00639830,0,NONE,,,test
T00639831,0,NONE,,,test
T00639832,0,NONE,,,test
T00639833,0,NONE,,,test
T00639834,0,NONE,,,test
T00639835,0,NONE,,,test
T00639836,0,NONE,,,test
T00639837,0,NONE,,,test
T00639838,0,NONE,,,test
T00639839,0,NONE,,,test
T00639840,0,NONE,,,test
T00639841,0,NONE,,,test
T00639842,0,NONE,,,test
T00639843,0,NONE,,,test
T00639844,0,NONE,,,test
T00639845,0,NONE,,,test
T00639846,0,NONE,,,test
T00639847,0,NONE,,,test
T00639848,0,NONE,,,test
T00639849,0,NONE,,,test
T00639850,0,NONE,,,test
T00639851,0,NONE,,,test
T00639852,0,NONE,,,test
T00639853,0,NONE,,,test
T00639854,0,NONE,,,test
T00639855,0,NONE,,,test
T00639856,0,NONE,,,test
T00639857,0,NONE,,,test
T00639858,0,NONE,,,test
T00639859,0,NONE,,,test
T00639860,0,NONE,,,test
T00639861,0,NONE,,,test
T00639862,0,NONE,,,test
T00639863,0,NONE,,,test
T00639864,0,NONE,,,test
T00639865,0,NONE,,,test
T00639866,0,NONE,,,test
T00639867,0,NONE,,,test
T00639868,0,NONE,,,test
T00639869,0,NONE,,,test
T00639870,0,NONE,,,test
T00639871,0,NONE,,,test
T00639872,0,NONE,,,test
T00639873,0,NONE,,,test
T00639874,0,NONE,,,test
T00639875,0,NONE,,,test
T00639876,0,NONE,,,test
T00639877,0,NONE,,,test
T00639878,0,NONE,,,test
T00639879,0,NONE,,,test
T00639880,0,NONE,,,test
T00639881,0,NONE,,,test
T00639882,0,NONE,,,test
T00639883,0,NONE,,,test
T00639884,0,NONE,,,test
T00639885,0,NONE,,,test
T00639886,0,NONE,,,test
T00639887,0,NONE,,,test
T00639888,0,NONE,,,test
T00639889,0,NONE,,,test
T00639890,0,NONE,,,test
T00639891,0,NONE,,,test
T00639892,0,NONE,,,test
T00639893,0,NONE,,,test
T00639894,0,NONE,,,test
T00639895,0,NONE,,,test
T00639896,0,NONE,,,test
T00639897,0,NONE,,,test
T00639898,0,NONE,,,test
T00639899,0,NONE,,,test
T00639900,0,NONE,,,test
T00639901,0,NONE,,,test
T00639902,0,NONE,,,test
T00639903,0,NONE,,,test
T00639904,0,NONE,,,test
T00639905,0,NONE,,,test
T00639906,0,NONE,,,test
T00639907,0,NONE,,,test
T00639908,0,NONE,,,test
T00639909,0,NONE,,,test
T00639910,0,NONE,,,test
T00639911,0,NONE,,,test
T00639912,0,NONE,,,test
T00639913,0,NONE,,,test
T00639914,0,NONE,,,test
T00639915,0,NONE,,,test
T00639916,0,NONE,,,test
T00639917,0,NONE,,,test
T00639918,0,NONE,,,test
T00639919,0,NONE,,,test
T00639920,0,NONE,,,test
T00639921,0,NONE,,,test
T00639922,0,NONE,,,test
T00639923,0,NONE,,,test
T00639924,0,NONE,,,test
T00639925,0,NONE,,,test
T00639926,0,NONE,,,test
T00639927,0,NONE,,,test
T00639928,0,NONE,,,test
T00639929,0,NONE,,,test
T00639930,0,NONE,,,test
T00639931,0,NONE,,,test
T00639932,0,NONE,,,test
T00639933,0,NONE,,,test
T00639934,0,NONE,,,test
T00639935,0,NONE,,,test
T00639936,0,NONE,,,test
T00639937,0,NONE,,,test
T00639938,0,NONE,,,test
T00639939,0,NONE,,,test
T00639940,0,NONE,,,test
T00639941,0,NONE,,,test
T00639942,0,NONE,,,test
T00639943,0,NONE,,,test
T00639944,0,NONE,,,test
T00639945,0,NONE,,,test
T00639946,0,NONE,,,test
T00639947,0,NONE,,,test
T00639948,0,NONE,,,test
T00639949,0,NONE,,,test
T00639950,0,NONE,,,test
T00639951,0,NONE,,,test
T00639952,0,NONE,,,test
T00639953,0,NONE,,,test
T00639954,0,NONE,,,test
T00639955,0,NONE,,,test
T00639956,0,NONE,,,test
T00639957,0,NONE,,,test
T00639958,0,NONE,,,test
T00639959,0,NONE,,,test
T00639960,0,NONE,,,test
T00639961,0,NONE,,,test
T00639962,0,NONE,,,test
T00639963,0,NONE,,,test
T00639964,0,NONE,,,test
T00639965,0,NONE,,,test
T00639966,0,NONE,,,test
T00639967,0,NONE,,,test
T00639968,0,NONE,,,test
T00639969,0,NONE,,,test
T00639970,0,NONE,,,test
T00639971,0,NONE,,,test
T00639972,0,NONE,,,test
T00639973,0,NONE,,,test
T00639974,0,NONE,,,test
T00639975,0,NONE,,,test
T00639976,0,NONE,,,test
T00639977,0,NONE,,,test
T00639978,0,NONE,,,test
T00639979,0,NONE,,,test
T00639980,0,NONE,,,test
T00639981,0,NONE,,,test
T00639982,0,NONE,,,test
T00639983,0,NONE,,,test
T00639984,0,NONE,,,test
T00639985,1,S1,S1-0181,takeover_drain,test
T00639986,0,NONE,,,test
T00639987,0,NONE,,,test
T00639988,0,NONE,,,test
T00639989,0,NONE,,,test
T00639990,0,NONE,,,test
T00639991,0,NONE,,,test
T00639992,0,NONE,,,test
T00639993,0,NONE,,,test
T00639994,0,NONE,,,test
T00639995,0,NONE,,,test
T00639996,0,NONE,,,test
T00639997,0,NONE,,,test
T00639998,0,NONE,,,test
T00639999,0,NONE,,,test
T00640000,0,NONE,,,test
T00640001,0,NONE,,,test
T00640002,0,NONE,,,test
T00640003,0,NONE,,,test
T00640004,0,NONE,,,test
T00640005,0,NONE,,,test
T00640006,0,NONE,,,test
T00640007,0,NONE,,,test
T00640008,0,NONE,,,test
T00640009,1,S1,S1-0177,mule_cashout,test
T00640010,0,NONE,,,test
T00640011,0,NONE,,,test
T00640012,0,NONE,,,test
T00640013,0,NONE,,,test
T00640014,0,NONE,,,test
T00640015,0,NONE,,,test
T00640016,0,NONE,,,test
T00640017,0,NONE,,,test
T00640018,0,NONE,,,test
T00640019,0,NONE,,,test
T00640020,0,NONE,,,test
T00640021,0,NONE,,,test
T00640022,0,NONE,,,test
T00640023,0,NONE,,,test
T00640024,0,NONE,,,test
T00640025,0,NONE,,,test
T00640026,0,NONE,,,test
T00640027,0,NONE,,,test
T00640028,0,NONE,,,test
T00640029,0,NONE,,,test
T00640030,0,NONE,,,test
T00640031,0,NONE,,,test
T00640032,0,NONE,,,test
T00640033,0,NONE,,,test
T00640034,0,NONE,,,test
T00640035,0,NONE,,,test
T00640036,0,NONE,,,test
T00640037,0,NONE,,,test
T00640038,0,NONE,,,test
T00640039,0,NONE,,,test
T00640040,0,NONE,,,test
T00640041,0,NONE,,,test
T00640042,0,NONE,,,test
T00640043,0,NONE,,,test
T00640044,0,NONE,,,test
T00640045,0,NONE,,,test
T00640046,0,NONE,,,test
T00640047,0,NONE,,,test
T00640048,0,NONE,,,test
T00640049,0,NONE,,,test
T00640050,0,NONE,,,test
T00640051,0,NONE,,,test
T00640052,0,NONE,,,test
T00640053,0,NONE,,,test
T00640054,0,NONE,,,test
T00640055,0,NONE,,,test
T00640056,0,NONE,,,test
T00640057,0,NONE,,,test
T00640058,0,NONE,,,test
T00640059,0,NONE,,,test
T00640060,0,NONE,,,test
T00640061,0,NONE,,,test
T00640062,0,NONE,,,test
T00640063,0,NONE,,,test
T00640064,0,NONE,,,test
T00640065,0,NONE,,,test
T00640066,0,NONE,,,test
T00640067,0,NONE,,,test
T00640068,0,NONE,,,test
T00640069,0,NONE,,,test
T00640070,0,NONE,,,test
T00640071,0,NONE,,,test
T00640072,0,NONE,,,test
T00640073,0,NONE,,,test
T00640074,0,NONE,,,test
T00640075,0,NONE,,,test
T00640076,0,NONE,,,test
T00640077,0,NONE,,,test
T00640078,0,NONE,,,test
T00640079,0,NONE,,,test
T00640080,0,NONE,,,test
T00640081,0,NONE,,,test
T00640082,0,NONE,,,test
T00640083,0,NONE,,,test
T00640084,0,NONE,,,test
T00640085,0,NONE,,,test
T00640086,0,NONE,,,test
T00640087,0,NONE,,,test
T00640088,0,NONE,,,test
T00640089,0,NONE,,,test
T00640090,0,NONE,,,test
T00640091,0,NONE,,,test
T00640092,0,NONE,,,test
T00640093,0,NONE,,,test
T00640094,0,NONE,,,test
T00640095,0,NONE,,,test
T00640096,0,NONE,,,test
T00640097,0,NONE,,,test
T00640098,0,NONE,,,test
T00640099,0,NONE,,,test
T00640100,0,NONE,,,test
T00640101,0,NONE,,,test
T00640102,0,NONE,,,test
T00640103,0,NONE,,,test
T00640104,0,NONE,,,test
T00640105,0,NONE,,,test
T00640106,0,NONE,,,test
T00640107,0,NONE,,,test
T00640108,0,NONE,,,test
T00640109,0,NONE,,,test
T00640110,0,NONE,,,test
T00640111,0,NONE,,,test
T00640112,0,NONE,,,test
T00640113,0,NONE,,,test
T00640114,0,NONE,,,test
T00640115,0,NONE,,,test
T00640116,0,NONE,,,test
T00640117,0,NONE,,,test
T00640118,0,NONE,,,test
T00640119,0,NONE,,,test
T00640120,0,NONE,,,test
T00640121,0,NONE,,,test
T00640122,0,NONE,,,test
T00640123,0,NONE,,,test
T00640124,0,NONE,,,test
T00640125,0,NONE,,,test
T00640126,0,NONE,,,test
T00640127,0,NONE,,,test
T00640128,0,NONE,,,test
T00640129,0,NONE,,,test
T00640130,0,NONE,,,test
T00640131,0,NONE,,,test
T00640132,0,NONE,,,test
T00640133,0,NONE,,,test
T00640134,0,NONE,,,test
T00640135,0,NONE,,,test
T00640136,0,NONE,,,test
T00640137,0,NONE,,,test
T00640138,0,NONE,,,test
T00640139,0,NONE,,,test
T00640140,0,NONE,,,test
T00640141,0,NONE,,,test
T00640142,0,NONE,,,test
T00640143,0,NONE,,,test
T00640144,0,NONE,,,test
T00640145,0,NONE,,,test
T00640146,0,NONE,,,test
T00640147,0,NONE,,,test
T00640148,0,NONE,,,test
T00640149,0,NONE,,,test
T00640150,0,NONE,,,test
T00640151,0,NONE,,,test
T00640152,0,NONE,,,test
T00640153,0,NONE,,,test
T00640154,0,NONE,,,test
T00640155,0,NONE,,,test
T00640156,0,NONE,,,test
T00640157,0,NONE,,,test
T00640158,0,NONE,,,test
T00640159,0,NONE,,,test
T00640160,0,NONE,,,test
T00640161,0,NONE,,,test
T00640162,0,NONE,,,test
T00640163,0,NONE,,,test
T00640164,0,NONE,,,test
T00640165,0,NONE,,,test
T00640166,0,NONE,,,test
T00640167,0,NONE,,,test
T00640168,0,NONE,,,test
T00640169,0,NONE,,,test
T00640170,0,NONE,,,test
T00640171,0,NONE,,,test
T00640172,0,NONE,,,test
T00640173,0,NONE,,,test
T00640174,0,NONE,,,test
T00640175,0,NONE,,,test
T00640176,0,NONE,,,test
T00640177,0,NONE,,,test
T00640178,0,NONE,,,test
T00640179,0,NONE,,,test
T00640180,0,NONE,,,test
T00640181,0,NONE,,,test
T00640182,0,NONE,,,test
T00640183,0,NONE,,,test
T00640184,0,NONE,,,test
T00640185,0,NONE,,,test
T00640186,0,NONE,,,test
T00640187,0,NONE,,,test
T00640188,0,NONE,,,test
T00640189,0,NONE,,,test
T00640190,0,NONE,,,test
T00640191,0,NONE,,,test
T00640192,0,NONE,,,test
T00640193,0,NONE,,,test
T00640194,0,NONE,,,test
T00640195,0,NONE,,,test
T00640196,0,NONE,,,test
T00640197,0,NONE,,,test
T00640198,0,NONE,,,test
T00640199,0,NONE,,,test
T00640200,0,NONE,,,test
T00640201,0,NONE,,,test
T00640202,0,NONE,,,test
T00640203,0,NONE,,,test
T00640204,0,NONE,,,test
T00640205,0,NONE,,,test
T00640206,0,NONE,,,test
T00640207,0,NONE,,,test
T00640208,0,NONE,,,test
T00640209,0,NONE,,,test
T00640210,0,NONE,,,test
T00640211,0,NONE,,,test
T00640212,0,NONE,,,test
T00640213,0,NONE,,,test
T00640214,1,S1,S1-0181,mule_cashout,test
T00640215,0,NONE,,,test
T00640216,0,NONE,,,test
T00640217,0,NONE,,,test
T00640218,1,S1,S1-0178,mule_cashout,test
T00640219,0,NONE,,,test
T00640220,0,NONE,,,test
T00640221,0,NONE,,,test
T00640222,0,NONE,,,test
T00640223,0,NONE,,,test
T00640224,0,NONE,,,test
T00640225,0,NONE,,,test
T00640226,0,NONE,,,test
T00640227,0,NONE,,,test
T00640228,0,NONE,,,test
T00640229,0,NONE,,,test
T00640230,0,NONE,,,test
T00640231,0,NONE,,,test
T00640232,0,NONE,,,test
T00640233,0,NONE,,,test
T00640234,0,NONE,,,test
T00640235,0,NONE,,,test
T00640236,0,NONE,,,test
T00640237,0,NONE,,,test
T00640238,0,NONE,,,test
T00640239,0,NONE,,,test
T00640240,0,NONE,,,test
T00640241,0,NONE,,,test
T00640242,0,NONE,,,test
T00640243,0,NONE,,,test
T00640244,0,NONE,,,test
T00640245,0,NONE,,,test
T00640246,0,NONE,,,test
T00640247,0,NONE,,,test
T00640248,0,NONE,,,test
T00640249,0,NONE,,,test
T00640250,0,NONE,,,test
T00640251,0,NONE,,,test
T00640252,0,NONE,,,test
T00640253,0,NONE,,,test
T00640254,0,NONE,,,test
T00640255,0,NONE,,,test
T00640256,0,NONE,,,test
T00640257,0,NONE,,,test
T00640258,0,NONE,,,test
T00640259,0,NONE,,,test
T00640260,0,NONE,,,test
T00640261,0,NONE,,,test
T00640262,0,NONE,,,test
T00640263,0,NONE,,,test
T00640264,0,NONE,,,test
T00640265,0,NONE,,,test
T00640266,0,NONE,,,test
T00640267,0,NONE,,,test
T00640268,0,NONE,,,test
T00640269,0,NONE,,,test
T00640270,0,NONE,,,test
T00640271,0,NONE,,,test
T00640272,0,NONE,,,test
T00640273,0,NONE,,,test
T00640274,0,NONE,,,test
T00640275,0,NONE,,,test
T00640276,0,NONE,,,test
T00640277,0,NONE,,,test
T00640278,0,NONE,,,test
T00640279,0,NONE,,,test
T00640280,0,NONE,,,test
T00640281,0,NONE,,,test
T00640282,0,NONE,,,test
T00640283,0,NONE,,,test
T00640284,0,NONE,,,test
T00640285,0,NONE,,,test
T00640286,0,NONE,,,test
T00640287,0,NONE,,,test
T00640288,0,NONE,,,test
T00640289,0,NONE,,,test
T00640290,0,NONE,,,test
T00640291,0,NONE,,,test
T00640292,0,NONE,,,test
T00640293,0,NONE,,,test
T00640294,0,NONE,,,test
T00640295,0,NONE,,,test
T00640296,0,NONE,,,test
T00640297,0,NONE,,,test
T00640298,0,NONE,,,test
T00640299,0,NONE,,,test
T00640300,0,NONE,,,test
T00640301,0,NONE,,,test
T00640302,0,NONE,,,test
T00640303,0,NONE,,,test
T00640304,0,NONE,,,test
T00640305,0,NONE,,,test
T00640306,0,NONE,,,test
T00640307,0,NONE,,,test
T00640308,0,NONE,,,test
T00640309,0,NONE,,,test
T00640310,0,NONE,,,test
T00640311,0,NONE,,,test
T00640312,0,NONE,,,test
T00640313,0,NONE,,,test
T00640314,0,NONE,,,test
T00640315,0,NONE,,,test
T00640316,0,NONE,,,test
T00640317,0,NONE,,,test
T00640318,0,NONE,,,test
T00640319,0,NONE,,,test
T00640320,0,NONE,,,test
T00640321,0,NONE,,,test
T00640322,0,NONE,,,test
T00640323,0,NONE,,,test
T00640324,0,NONE,,,test
T00640325,0,NONE,,,test
T00640326,0,NONE,,,test
T00640327,0,NONE,,,test
T00640328,0,NONE,,,test
T00640329,0,NONE,,,test
T00640330,0,NONE,,,test
T00640331,0,NONE,,,test
T00640332,0,NONE,,,test
T00640333,0,NONE,,,test
T00640334,0,NONE,,,test
T00640335,0,NONE,,,test
T00640336,0,NONE,,,test
T00640337,0,NONE,,,test
T00640338,0,NONE,,,test
T00640339,0,NONE,,,test
T00640340,0,NONE,,,test
T00640341,0,NONE,,,test
T00640342,0,NONE,,,test
T00640343,0,NONE,,,test
T00640344,0,NONE,,,test
T00640345,0,NONE,,,test
T00640346,0,NONE,,,test
T00640347,0,NONE,,,test
T00640348,0,NONE,,,test
T00640349,0,NONE,,,test
T00640350,0,NONE,,,test
T00640351,0,NONE,,,test
T00640352,0,NONE,,,test
T00640353,0,NONE,,,test
T00640354,0,NONE,,,test
T00640355,0,NONE,,,test
T00640356,0,NONE,,,test
T00640357,0,NONE,,,test
T00640358,0,NONE,,,test
T00640359,0,NONE,,,test
T00640360,0,NONE,,,test
T00640361,0,NONE,,,test
T00640362,0,NONE,,,test
T00640363,0,NONE,,,test
T00640364,0,NONE,,,test
T00640365,0,NONE,,,test
T00640366,0,NONE,,,test
T00640367,0,NONE,,,test
T00640368,0,NONE,,,test
T00640369,0,NONE,,,test
T00640370,0,NONE,,,test
T00640371,0,NONE,,,test
T00640372,0,NONE,,,test
T00640373,0,NONE,,,test
T00640374,0,NONE,,,test
T00640375,0,NONE,,,test
T00640376,0,NONE,,,test
T00640377,0,NONE,,,test
T00640378,0,NONE,,,test
T00640379,0,NONE,,,test
T00640380,0,NONE,,,test
T00640381,0,NONE,,,test
T00640382,0,NONE,,,test
T00640383,0,NONE,,,test
T00640384,0,NONE,,,test
T00640385,0,NONE,,,test
T00640386,0,NONE,,,test
T00640387,0,NONE,,,test
T00640388,0,NONE,,,test
T00640389,0,NONE,,,test
T00640390,0,NONE,,,test
T00640391,0,NONE,,,test
T00640392,0,NONE,,,test
T00640393,0,NONE,,,test
T00640394,0,NONE,,,test
T00640395,0,NONE,,,test
T00640396,0,NONE,,,test
T00640397,0,NONE,,,test
T00640398,0,NONE,,,test
T00640399,0,NONE,,,test
T00640400,0,NONE,,,test
T00640401,0,NONE,,,test
T00640402,0,NONE,,,test
T00640403,0,NONE,,,test
T00640404,0,NONE,,,test
T00640405,0,NONE,,,test
T00640406,0,NONE,,,test
T00640407,0,NONE,,,test
T00640408,0,NONE,,,test
T00640409,0,NONE,,,test
T00640410,0,NONE,,,test
T00640411,0,NONE,,,test
T00640412,0,NONE,,,test
T00640413,0,NONE,,,test
T00640414,0,NONE,,,test
T00640415,0,NONE,,,test
T00640416,0,NONE,,,test
T00640417,0,NONE,,,test
T00640418,0,NONE,,,test
T00640419,0,NONE,,,test
T00640420,0,NONE,,,test
T00640421,0,NONE,,,test
T00640422,0,NONE,,,test
T00640423,0,NONE,,,test
T00640424,0,NONE,,,test
T00640425,0,NONE,,,test
T00640426,0,NONE,,,test
T00640427,0,NONE,,,test
T00640428,0,NONE,,,test
T00640429,0,NONE,,,test
T00640430,0,NONE,,,test
T00640431,0,NONE,,,test
T00640432,0,NONE,,,test
T00640433,0,NONE,,,test
T00640434,0,NONE,,,test
T00640435,0,NONE,,,test
T00640436,0,NONE,,,test
T00640437,0,NONE,,,test
T00640438,0,NONE,,,test
T00640439,0,NONE,,,test
T00640440,0,NONE,,,test
T00640441,0,NONE,,,test
T00640442,0,NONE,,,test
T00640443,0,NONE,,,test
T00640444,0,NONE,,,test
T00640445,0,NONE,,,test
T00640446,0,NONE,,,test
T00640447,0,NONE,,,test
T00640448,0,NONE,,,test
T00640449,0,NONE,,,test
T00640450,0,NONE,,,test
T00640451,0,NONE,,,test
T00640452,0,NONE,,,test
T00640453,0,NONE,,,test
T00640454,0,NONE,,,test
T00640455,0,NONE,,,test
T00640456,0,NONE,,,test
T00640457,0,NONE,,,test
T00640458,0,NONE,,,test
T00640459,0,NONE,,,test
T00640460,0,NONE,,,test
T00640461,0,NONE,,,test
T00640462,0,NONE,,,test
T00640463,0,NONE,,,test
T00640464,0,NONE,,,test
T00640465,0,NONE,,,test
T00640466,0,NONE,,,test
T00640467,0,NONE,,,test
T00640468,0,NONE,,,test
T00640469,0,NONE,,,test
T00640470,0,NONE,,,test
T00640471,0,NONE,,,test
T00640472,0,NONE,,,test
T00640473,0,NONE,,,test
T00640474,0,NONE,,,test
T00640475,0,NONE,,,test
T00640476,0,NONE,,,test
T00640477,0,NONE,,,test
T00640478,0,NONE,,,test
T00640479,0,NONE,,,test
T00640480,0,NONE,,,test
T00640481,0,NONE,,,test
T00640482,0,NONE,,,test
T00640483,0,NONE,,,test
T00640484,0,NONE,,,test
T00640485,0,NONE,,,test
T00640486,0,NONE,,,test
T00640487,0,NONE,,,test
T00640488,0,NONE,,,test
T00640489,0,NONE,,,test
T00640490,0,NONE,,,test
T00640491,0,NONE,,,test
T00640492,0,NONE,,,test
T00640493,0,NONE,,,test
T00640494,0,NONE,,,test
T00640495,0,NONE,,,test
T00640496,0,NONE,,,test
T00640497,0,NONE,,,test
T00640498,0,NONE,,,test
T00640499,0,NONE,,,test
T00640500,0,NONE,,,test
T00640501,0,NONE,,,test
T00640502,0,NONE,,,test
T00640503,0,NONE,,,test
T00640504,0,NONE,,,test
T00640505,0,NONE,,,test
T00640506,0,NONE,,,test
T00640507,0,NONE,,,test
T00640508,0,NONE,,,test
T00640509,0,NONE,,,test
T00640510,0,NONE,,,test
T00640511,0,NONE,,,test
T00640512,0,NONE,,,test
T00640513,0,NONE,,,test
T00640514,0,NONE,,,test
T00640515,0,NONE,,,test
T00640516,0,NONE,,,test
T00640517,0,NONE,,,test
T00640518,0,NONE,,,test
T00640519,0,NONE,,,test
T00640520,0,NONE,,,test
T00640521,0,NONE,,,test
T00640522,0,NONE,,,test
T00640523,0,NONE,,,test
T00640524,0,NONE,,,test
T00640525,0,NONE,,,test
T00640526,0,NONE,,,test
T00640527,0,NONE,,,test
T00640528,0,NONE,,,test
T00640529,0,NONE,,,test
T00640530,0,NONE,,,test
T00640531,0,NONE,,,test
T00640532,0,NONE,,,test
T00640533,0,NONE,,,test
T00640534,0,NONE,,,test
T00640535,0,NONE,,,test
T00640536,0,NONE,,,test
T00640537,0,NONE,,,test
T00640538,0,NONE,,,test
T00640539,0,NONE,,,test
T00640540,0,NONE,,,test
T00640541,0,NONE,,,test
T00640542,0,NONE,,,test
T00640543,0,NONE,,,test
T00640544,0,NONE,,,test
T00640545,0,NONE,,,test
T00640546,0,NONE,,,test
T00640547,0,NONE,,,test
T00640548,0,NONE,,,test
T00640549,0,NONE,,,test
T00640550,0,NONE,,,test
T00640551,0,NONE,,,test
T00640552,0,NONE,,,test
T00640553,0,NONE,,,test
T00640554,0,NONE,,,test
T00640555,0,NONE,,,test
T00640556,0,NONE,,,test
T00640557,0,NONE,,,test
T00640558,0,NONE,,,test
T00640559,0,NONE,,,test
T00640560,0,NONE,,,test
T00640561,0,NONE,,,test
T00640562,0,NONE,,,test
T00640563,0,NONE,,,test
T00640564,0,NONE,,,test
T00640565,0,NONE,,,test
T00640566,0,NONE,,,test
T00640567,0,NONE,,,test
T00640568,0,NONE,,,test
T00640569,0,NONE,,,test
T00640570,0,NONE,,,test
T00640571,0,NONE,,,test
T00640572,0,NONE,,,test
T00640573,0,NONE,,,test
T00640574,0,NONE,,,test
T00640575,0,NONE,,,test
T00640576,0,NONE,,,test
T00640577,0,NONE,,,test
T00640578,0,NONE,,,test
T00640579,0,NONE,,,test
T00640580,0,NONE,,,test
T00640581,0,NONE,,,test
T00640582,0,NONE,,,test
T00640583,0,NONE,,,test
T00640584,0,NONE,,,test
T00640585,0,NONE,,,test
T00640586,0,NONE,,,test
T00640587,0,NONE,,,test
T00640588,0,NONE,,,test
T00640589,0,NONE,,,test
T00640590,0,NONE,,,test
T00640591,0,NONE,,,test
T00640592,0,NONE,,,test
T00640593,0,NONE,,,test
T00640594,0,NONE,,,test
T00640595,0,NONE,,,test
T00640596,0,NONE,,,test
T00640597,0,NONE,,,test
T00640598,0,NONE,,,test
T00640599,0,NONE,,,test
T00640600,0,NONE,,,test
T00640601,0,NONE,,,test
T00640602,0,NONE,,,test
T00640603,0,NONE,,,test
T00640604,0,NONE,,,test
T00640605,0,NONE,,,test
T00640606,0,NONE,,,test
T00640607,0,NONE,,,test
T00640608,0,NONE,,,test
T00640609,0,NONE,,,test
T00640610,0,NONE,,,test
T00640611,0,NONE,,,test
T00640612,0,NONE,,,test
T00640613,0,NONE,,,test
T00640614,0,NONE,,,test
T00640615,0,NONE,,,test
T00640616,0,NONE,,,test
T00640617,0,NONE,,,test
T00640618,0,NONE,,,test
T00640619,0,NONE,,,test
T00640620,0,NONE,,,test
T00640621,0,NONE,,,test
T00640622,0,NONE,,,test
T00640623,0,NONE,,,test
T00640624,0,NONE,,,test
T00640625,0,NONE,,,test
T00640626,0,NONE,,,test
T00640627,0,NONE,,,test
T00640628,0,NONE,,,test
T00640629,0,NONE,,,test
T00640630,0,NONE,,,test
T00640631,0,NONE,,,test
T00640632,0,NONE,,,test
T00640633,0,NONE,,,test
T00640634,0,NONE,,,test
T00640635,0,NONE,,,test
T00640636,0,NONE,,,test
T00640637,0,NONE,,,test
T00640638,0,NONE,,,test
T00640639,0,NONE,,,test
T00640640,0,NONE,,,test
T00640641,0,NONE,,,test
T00640642,0,NONE,,,test
T00640643,0,NONE,,,test
T00640644,0,NONE,,,test
T00640645,0,NONE,,,test
T00640646,0,NONE,,,test
T00640647,0,NONE,,,test
T00640648,0,NONE,,,test
T00640649,0,NONE,,,test
T00640650,0,NONE,,,test
T00640651,0,NONE,,,test
T00640652,0,NONE,,,test
T00640653,0,NONE,,,test
T00640654,0,NONE,,,test
T00640655,0,NONE,,,test
T00640656,0,NONE,,,test
T00640657,0,NONE,,,test
T00640658,0,NONE,,,test
T00640659,0,NONE,,,test
T00640660,0,NONE,,,test
T00640661,0,NONE,,,test
T00640662,0,NONE,,,test
T00640663,0,NONE,,,test
T00640664,0,NONE,,,test
T00640665,0,NONE,,,test
T00640666,0,NONE,,,test
T00640667,0,NONE,,,test
T00640668,0,NONE,,,test
T00640669,0,NONE,,,test
T00640670,0,NONE,,,test
T00640671,0,NONE,,,test
T00640672,0,NONE,,,test
T00640673,0,NONE,,,test
T00640674,0,NONE,,,test
T00640675,0,NONE,,,test
T00640676,0,NONE,,,test
T00640677,0,NONE,,,test
T00640678,0,NONE,,,test
T00640679,0,NONE,,,test
T00640680,0,NONE,,,test
T00640681,0,NONE,,,test
T00640682,0,NONE,,,test
T00640683,0,NONE,,,test
T00640684,0,NONE,,,test
T00640685,0,NONE,,,test
T00640686,0,NONE,,,test
T00640687,0,NONE,,,test
T00640688,0,NONE,,,test
T00640689,0,NONE,,,test
T00640690,0,NONE,,,test
T00640691,0,NONE,,,test
T00640692,0,NONE,,,test
T00640693,1,S6,S6-0053,mule_cashout,test
T00640694,0,NONE,,,test
T00640695,0,NONE,,,test
T00640696,0,NONE,,,test
T00640697,0,NONE,,,test
T00640698,0,NONE,,,test
T00640699,0,NONE,,,test
T00640700,0,NONE,,,test
T00640701,0,NONE,,,test
T00640702,0,NONE,,,test
T00640703,0,NONE,,,test
T00640704,0,NONE,,,test
T00640705,0,NONE,,,test
T00640706,0,NONE,,,test
T00640707,0,NONE,,,test
T00640708,0,NONE,,,test
T00640709,0,NONE,,,test
T00640710,0,NONE,,,test
T00640711,0,NONE,,,test
T00640712,0,NONE,,,test
T00640713,0,NONE,,,test
T00640714,0,NONE,,,test
T00640715,0,NONE,,,test
T00640716,0,NONE,,,test
T00640717,0,NONE,,,test
T00640718,0,NONE,,,test
T00640719,0,NONE,,,test
T00640720,0,NONE,,,test
T00640721,0,NONE,,,test
T00640722,0,NONE,,,test
T00640723,0,NONE,,,test
T00640724,0,NONE,,,test
T00640725,0,NONE,,,test
T00640726,0,NONE,,,test
T00640727,0,NONE,,,test
T00640728,0,NONE,,,test
T00640729,0,NONE,,,test
T00640730,0,NONE,,,test
T00640731,0,NONE,,,test
T00640732,0,NONE,,,test
T00640733,0,NONE,,,test
T00640734,0,NONE,,,test
T00640735,0,NONE,,,test
T00640736,0,NONE,,,test
T00640737,0,NONE,,,test
T00640738,0,NONE,,,test
T00640739,0,NONE,,,test
T00640740,0,NONE,,,test
T00640741,0,NONE,,,test
T00640742,0,NONE,,,test
T00640743,0,NONE,,,test
T00640744,0,NONE,,,test
T00640745,0,NONE,,,test
T00640746,0,NONE,,,test
T00640747,0,NONE,,,test
T00640748,0,NONE,,,test
T00640749,0,NONE,,,test
T00640750,0,NONE,,,test
T00640751,0,NONE,,,test
T00640752,0,NONE,,,test
T00640753,0,NONE,,,test
T00640754,0,NONE,,,test
T00640755,0,NONE,,,test
T00640756,0,NONE,,,test
T00640757,0,NONE,,,test
T00640758,0,NONE,,,test
T00640759,0,NONE,,,test
T00640760,0,NONE,,,test
T00640761,0,NONE,,,test
T00640762,0,NONE,,,test
T00640763,0,NONE,,,test
T00640764,0,NONE,,,test
T00640765,0,NONE,,,test
T00640766,0,NONE,,,test
T00640767,0,NONE,,,test
T00640768,0,NONE,,,test
T00640769,0,NONE,,,test
T00640770,0,NONE,,,test
T00640771,0,NONE,,,test
T00640772,0,NONE,,,test
T00640773,0,NONE,,,test
T00640774,0,NONE,,,test
T00640775,0,NONE,,,test
T00640776,0,NONE,,,test
T00640777,0,NONE,,,test
T00640778,0,NONE,,,test
T00640779,0,NONE,,,test
T00640780,0,NONE,,,test
T00640781,0,NONE,,,test
T00640782,0,NONE,,,test
T00640783,0,NONE,,,test
T00640784,0,NONE,,,test
T00640785,0,NONE,,,test
T00640786,0,NONE,,,test
T00640787,0,NONE,,,test
T00640788,0,NONE,,,test
T00640789,0,NONE,,,test
T00640790,0,NONE,,,test
T00640791,0,NONE,,,test
T00640792,0,NONE,,,test
T00640793,0,NONE,,,test
T00640794,0,NONE,,,test
T00640795,0,NONE,,,test
T00640796,0,NONE,,,test
T00640797,0,NONE,,,test
T00640798,0,NONE,,,test
T00640799,0,NONE,,,test
T00640800,0,NONE,,,test
T00640801,0,NONE,,,test
T00640802,0,NONE,,,test
T00640803,0,NONE,,,test
T00640804,0,NONE,,,test
T00640805,0,NONE,,,test
T00640806,0,NONE,,,test
T00640807,0,NONE,,,test
T00640808,0,NONE,,,test
T00640809,0,NONE,,,test
T00640810,0,NONE,,,test
T00640811,0,NONE,,,test
T00640812,0,NONE,,,test
T00640813,1,S2,SC-03,victim_payment,test
T00640814,0,NONE,,,test
T00640815,0,NONE,,,test
T00640816,0,NONE,,,test
T00640817,0,NONE,,,test
T00640818,0,NONE,,,test
T00640819,0,NONE,,,test
T00640820,0,NONE,,,test
T00640821,1,S1,S1-0179,mule_cashout,test
T00640822,0,NONE,,,test
T00640823,0,NONE,,,test
T00640824,0,NONE,,,test
T00640825,0,NONE,,,test
T00640826,0,NONE,,,test
T00640827,0,NONE,,,test
T00640828,0,NONE,,,test
T00640829,0,NONE,,,test
T00640830,0,NONE,,,test
T00640831,0,NONE,,,test
T00640832,0,NONE,,,test
T00640833,0,NONE,,,test
T00640834,0,NONE,,,test
T00640835,0,NONE,,,test
T00640836,0,NONE,,,test
T00640837,0,NONE,,,test
T00640838,0,NONE,,,test
T00640839,0,NONE,,,test
T00640840,0,NONE,,,test
T00640841,0,NONE,,,test
T00640842,0,NONE,,,test
T00640843,0,NONE,,,test
T00640844,0,NONE,,,test
T00640845,0,NONE,,,test
T00640846,0,NONE,,,test
T00640847,0,NONE,,,test
T00640848,0,NONE,,,test
T00640849,0,NONE,,,test
T00640850,0,NONE,,,test
T00640851,0,NONE,,,test
T00640852,0,NONE,,,test
T00640853,0,NONE,,,test
T00640854,0,NONE,,,test
T00640855,0,NONE,,,test
T00640856,0,NONE,,,test
T00640857,0,NONE,,,test
T00640858,0,NONE,,,test
T00640859,0,NONE,,,test
T00640860,0,NONE,,,test
T00640861,0,NONE,,,test
T00640862,0,NONE,,,test
T00640863,1,S2,SC-03,victim_payment,test
T00640864,0,NONE,,,test
T00640865,0,NONE,,,test
T00640866,0,NONE,,,test
T00640867,0,NONE,,,test
T00640868,0,NONE,,,test
T00640869,0,NONE,,,test
T00640870,0,NONE,,,test
T00640871,0,NONE,,,test
T00640872,0,NONE,,,test
T00640873,0,NONE,,,test
T00640874,0,NONE,,,test
T00640875,0,NONE,,,test
T00640876,0,NONE,,,test
T00640877,0,NONE,,,test
T00640878,0,NONE,,,test
T00640879,0,NONE,,,test
T00640880,0,NONE,,,test
T00640881,0,NONE,,,test
T00640882,0,NONE,,,test
T00640883,0,NONE,,,test
T00640884,0,NONE,,,test
T00640885,0,NONE,,,test
T00640886,0,NONE,,,test
T00640887,0,NONE,,,test
T00640888,0,NONE,,,test
T00640889,0,NONE,,,test
T00640890,0,NONE,,,test
T00640891,0,NONE,,,test
T00640892,0,NONE,,,test
T00640893,0,NONE,,,test
T00640894,0,NONE,,,test
T00640895,0,NONE,,,test
T00640896,0,NONE,,,test
T00640897,0,NONE,,,test
T00640898,0,NONE,,,test
T00640899,0,NONE,,,test
T00640900,0,NONE,,,test
T00640901,0,NONE,,,test
T00640902,0,NONE,,,test
T00640903,0,NONE,,,test
T00640904,0,NONE,,,test
T00640905,0,NONE,,,test
T00640906,0,NONE,,,test
T00640907,0,NONE,,,test
T00640908,0,NONE,,,test
T00640909,0,NONE,,,test
T00640910,0,NONE,,,test
T00640911,0,NONE,,,test
T00640912,1,S3,S3-0057,mule_cashout,test
T00640913,0,NONE,,,test
T00640914,0,NONE,,,test
T00640915,0,NONE,,,test
T00640916,0,NONE,,,test
T00640917,0,NONE,,,test
T00640918,0,NONE,,,test
T00640919,0,NONE,,,test
T00640920,0,NONE,,,test
T00640921,0,NONE,,,test
T00640922,0,NONE,,,test
T00640923,0,NONE,,,test
T00640924,0,NONE,,,test
T00640925,0,NONE,,,test
T00640926,0,NONE,,,test
T00640927,0,NONE,,,test
T00640928,0,NONE,,,test
T00640929,0,NONE,,,test
T00640930,0,NONE,,,test
T00640931,0,NONE,,,test
T00640932,0,NONE,,,test
T00640933,0,NONE,,,test
T00640934,0,NONE,,,test
T00640935,0,NONE,,,test
T00640936,0,NONE,,,test
T00640937,0,NONE,,,test
T00640938,0,NONE,,,test
T00640939,0,NONE,,,test
T00640940,1,S2,S2-0038,victim_payment,test
T00640941,0,NONE,,,test
T00640942,0,NONE,,,test
T00640943,0,NONE,,,test
T00640944,0,NONE,,,test
T00640945,0,NONE,,,test
T00640946,0,NONE,,,test
T00640947,0,NONE,,,test
T00640948,0,NONE,,,test
T00640949,0,NONE,,,test
T00640950,0,NONE,,,test
T00640951,0,NONE,,,test
T00640952,0,NONE,,,test
T00640953,0,NONE,,,test
T00640954,0,NONE,,,test
T00640955,0,NONE,,,test
T00640956,0,NONE,,,test
T00640957,1,S7,S7-0156,recipient_cashout,test
T00640958,0,NONE,,,test
T00640959,0,NONE,,,test
T00640960,0,NONE,,,test
T00640961,0,NONE,,,test
T00640962,0,NONE,,,test
T00640963,0,NONE,,,test
T00640964,0,NONE,,,test
T00640965,0,NONE,,,test
T00640966,0,NONE,,,test
T00640967,0,NONE,,,test
T00640968,0,NONE,,,test
T00640969,0,NONE,,,test
T00640970,0,NONE,,,test
T00640971,0,NONE,,,test
T00640972,1,S6,S6-0053,mule_cashout,test
T00640973,0,NONE,,,test
T00640974,0,NONE,,,test
T00640975,1,S7,S7-0157,coerced_send,test
T00640976,0,NONE,,,test
T00640977,0,NONE,,,test
T00640978,1,S2,SC-03,victim_payment,test
T00640979,0,NONE,,,test
T00640980,0,NONE,,,test
T00640981,0,NONE,,,test
T00640982,0,NONE,,,test
T00640983,0,NONE,,,test
T00640984,0,NONE,,,test
T00640985,1,S2,S2-0038,victim_payment,test
T00640986,0,NONE,,,test
T00640987,0,NONE,,,test
T00640988,0,NONE,,,test
T00640989,0,NONE,,,test
T00640990,0,NONE,,,test
T00640991,0,NONE,,,test
T00640992,0,NONE,,,test
T00640993,0,NONE,,,test
T00640994,0,NONE,,,test
T00640995,0,NONE,,,test
T00640996,0,NONE,,,test
T00640997,0,NONE,,,test
T00640998,0,NONE,,,test
T00640999,0,NONE,,,test
T00641000,0,NONE,,,test
T00641001,0,NONE,,,test
T00641002,0,NONE,,,test
T00641003,0,NONE,,,test
T00641004,0,NONE,,,test
T00641005,0,NONE,,,test
T00641006,0,NONE,,,test
T00641007,0,NONE,,,test
T00641008,0,NONE,,,test
T00641009,0,NONE,,,test
T00641010,0,NONE,,,test
T00641011,0,NONE,,,test
T00641012,0,NONE,,,test
T00641013,0,NONE,,,test
T00641014,1,S1,S1-0170,mule_cashout,test
T00641015,0,NONE,,,test
T00641016,0,NONE,,,test
T00641017,0,NONE,,,test
T00641018,0,NONE,,,test
T00641019,0,NONE,,,test
T00641020,0,NONE,,,test
T00641021,0,NONE,,,test
T00641022,0,NONE,,,test
T00641023,1,S2,S2-0038,victim_payment,test
T00641024,0,NONE,,,test
T00641025,0,NONE,,,test
T00641026,0,NONE,,,test
T00641027,0,NONE,,,test
T00641028,0,NONE,,,test
T00641029,0,NONE,,,test
T00641030,0,NONE,,,test
T00641031,0,NONE,,,test
T00641032,0,NONE,,,test
T00641033,0,NONE,,,test
T00641034,0,NONE,,,test
T00641035,0,NONE,,,test
T00641036,0,NONE,,,test
T00641037,0,NONE,,,test
T00641038,0,NONE,,,test
T00641039,0,NONE,,,test
T00641040,0,NONE,,,test
T00641041,0,NONE,,,test
T00641042,0,NONE,,,test
T00641043,0,NONE,,,test
T00641044,0,NONE,,,test
T00641045,0,NONE,,,test
T00641046,0,NONE,,,test
T00641047,0,NONE,,,test
T00641048,0,NONE,,,test
T00641049,0,NONE,,,test
T00641050,0,NONE,,,test
T00641051,0,NONE,,,test
T00641052,0,NONE,,,test
T00641053,0,NONE,,,test
T00641054,0,NONE,,,test
T00641055,0,NONE,,,test
T00641056,0,NONE,,,test
T00641057,1,S1,S1-0170,mule_hop,test
T00641058,0,NONE,,,test
T00641059,1,S2,S2-0038,victim_payment,test
T00641060,0,NONE,,,test
T00641061,0,NONE,,,test
T00641062,0,NONE,,,test
T00641063,0,NONE,,,test
T00641064,0,NONE,,,test
T00641065,0,NONE,,,test
T00641066,0,NONE,,,test
T00641067,0,NONE,,,test
T00641068,0,NONE,,,test
T00641069,1,S1,S1-0178,mule_cashout,test
T00641070,0,NONE,,,test
T00641071,0,NONE,,,test
T00641072,0,NONE,,,test
T00641073,0,NONE,,,test
T00641074,0,NONE,,,test
T00641075,0,NONE,,,test
T00641076,0,NONE,,,test
T00641077,0,NONE,,,test
T00641078,0,NONE,,,test
T00641079,0,NONE,,,test
T00641080,0,NONE,,,test
T00641081,0,NONE,,,test
T00641082,0,NONE,,,test
T00641083,0,NONE,,,test
T00641084,0,NONE,,,test
T00641085,0,NONE,,,test
T00641086,0,NONE,,,test
T00641087,0,NONE,,,test
T00641088,0,NONE,,,test
T00641089,0,NONE,,,test
T00641090,0,NONE,,,test
T00641091,0,NONE,,,test
T00641092,0,NONE,,,test
T00641093,0,NONE,,,test
T00641094,0,NONE,,,test
T00641095,0,NONE,,,test
T00641096,0,NONE,,,test
T00641097,0,NONE,,,test
T00641098,0,NONE,,,test
T00641099,0,NONE,,,test
T00641100,0,NONE,,,test
T00641101,0,NONE,,,test
T00641102,0,NONE,,,test
T00641103,0,NONE,,,test
T00641104,0,NONE,,,test
T00641105,0,NONE,,,test
T00641106,0,NONE,,,test
T00641107,0,NONE,,,test
T00641108,0,NONE,,,test
T00641109,0,NONE,,,test
T00641110,0,NONE,,,test
T00641111,0,NONE,,,test
T00641112,0,NONE,,,test
T00641113,0,NONE,,,test
T00641114,0,NONE,,,test
T00641115,0,NONE,,,test
T00641116,0,NONE,,,test
T00641117,0,NONE,,,test
T00641118,0,NONE,,,test
T00641119,0,NONE,,,test
T00641120,1,S7,S7-0146,recipient_cashout,test
T00641121,0,NONE,,,test
T00641122,1,S2,S2-0038,victim_payment,test
T00641123,0,NONE,,,test
T00641124,0,NONE,,,test
T00641125,0,NONE,,,test
T00641126,0,NONE,,,test
T00641127,0,NONE,,,test
T00641128,0,NONE,,,test
T00641129,0,NONE,,,test
T00641130,0,NONE,,,test
T00641131,0,NONE,,,test
T00641132,0,NONE,,,test
T00641133,0,NONE,,,test
T00641134,0,NONE,,,test
T00641135,0,NONE,,,test
T00641136,0,NONE,,,test
T00641137,0,NONE,,,test
T00641138,0,NONE,,,test
T00641139,0,NONE,,,test
T00641140,0,NONE,,,test
T00641141,0,NONE,,,test
T00641142,0,NONE,,,test
T00641143,1,S2,S2-0038,victim_payment,test
T00641144,0,NONE,,,test
T00641145,0,NONE,,,test
T00641146,0,NONE,,,test
T00641147,0,NONE,,,test
T00641148,0,NONE,,,test
T00641149,0,NONE,,,test
T00641150,1,S7,S7-0155,mule_cashout,test
T00641151,0,NONE,,,test
T00641152,0,NONE,,,test
T00641153,0,NONE,,,test
T00641154,0,NONE,,,test
T00641155,0,NONE,,,test
T00641156,0,NONE,,,test
T00641157,0,NONE,,,test
T00641158,0,NONE,,,test
T00641159,0,NONE,,,test
T00641160,0,NONE,,,test
T00641161,0,NONE,,,test
T00641162,0,NONE,,,test
T00641163,0,NONE,,,test
T00641164,0,NONE,,,test
T00641165,0,NONE,,,test
T00641166,0,NONE,,,test
T00641167,0,NONE,,,test
T00641168,0,NONE,,,test
T00641169,0,NONE,,,test
T00641170,1,S2,SC-03,victim_payment,test
T00641171,0,NONE,,,test
T00641172,0,NONE,,,test
T00641173,0,NONE,,,test
T00641174,0,NONE,,,test
T00641175,0,NONE,,,test
T00641176,0,NONE,,,test
T00641177,0,NONE,,,test
T00641178,0,NONE,,,test
T00641179,0,NONE,,,test
T00641180,0,NONE,,,test
T00641181,0,NONE,,,test
T00641182,0,NONE,,,test
T00641183,0,NONE,,,test
T00641184,0,NONE,,,test
T00641185,1,S2,SC-03,victim_payment,test
T00641186,0,NONE,,,test
T00641187,0,NONE,,,test
T00641188,0,NONE,,,test
T00641189,0,NONE,,,test
T00641190,0,NONE,,,test
T00641191,0,NONE,,,test
T00641192,0,NONE,,,test
T00641193,1,S2,S2-0038,victim_payment,test
T00641194,0,NONE,,,test
T00641195,0,NONE,,,test
T00641196,0,NONE,,,test
T00641197,0,NONE,,,test
T00641198,0,NONE,,,test
T00641199,0,NONE,,,test
T00641200,0,NONE,,,test
T00641201,0,NONE,,,test
T00641202,0,NONE,,,test
T00641203,0,NONE,,,test
T00641204,1,S7,S7-0157,recipient_cashout,test
T00641205,0,NONE,,,test
T00641206,0,NONE,,,test
T00641207,0,NONE,,,test
T00641208,0,NONE,,,test
T00641209,0,NONE,,,test
T00641210,0,NONE,,,test
T00641211,0,NONE,,,test
T00641212,0,NONE,,,test
T00641213,0,NONE,,,test
T00641214,0,NONE,,,test
T00641215,0,NONE,,,test
T00641216,0,NONE,,,test
T00641217,0,NONE,,,test
T00641218,0,NONE,,,test
T00641219,0,NONE,,,test
T00641220,0,NONE,,,test
T00641221,0,NONE,,,test
T00641222,0,NONE,,,test
T00641223,0,NONE,,,test
T00641224,0,NONE,,,test
T00641225,0,NONE,,,test
T00641226,0,NONE,,,test
T00641227,0,NONE,,,test
T00641228,0,NONE,,,test
T00641229,0,NONE,,,test
T00641230,0,NONE,,,test
T00641231,0,NONE,,,test
T00641232,0,NONE,,,test
T00641233,0,NONE,,,test
T00641234,0,NONE,,,test
T00641235,0,NONE,,,test
T00641236,0,NONE,,,test
T00641237,0,NONE,,,test
T00641238,0,NONE,,,test
T00641239,0,NONE,,,test
T00641240,0,NONE,,,test
T00641241,0,NONE,,,test
T00641242,0,NONE,,,test
T00641243,0,NONE,,,test
T00641244,0,NONE,,,test
T00641245,0,NONE,,,test
T00641246,0,NONE,,,test
T00641247,0,NONE,,,test
T00641248,1,S2,S2-0038,victim_payment,test
T00641249,0,NONE,,,test
T00641250,0,NONE,,,test
T00641251,0,NONE,,,test
T00641252,0,NONE,,,test
T00641253,0,NONE,,,test
T00641254,0,NONE,,,test
T00641255,0,NONE,,,test
T00641256,0,NONE,,,test
T00641257,1,S2,SC-03,victim_payment,test
T00641258,0,NONE,,,test
T00641259,0,NONE,,,test
T00641260,0,NONE,,,test
T00641261,0,NONE,,,test
T00641262,0,NONE,,,test
T00641263,0,NONE,,,test
T00641264,0,NONE,,,test
T00641265,0,NONE,,,test
T00641266,0,NONE,,,test
T00641267,1,S2,SC-03,victim_payment,test
T00641268,0,NONE,,,test
T00641269,0,NONE,,,test
T00641270,0,NONE,,,test
T00641271,0,NONE,,,test
T00641272,0,NONE,,,test
T00641273,0,NONE,,,test
T00641274,0,NONE,,,test
T00641275,0,NONE,,,test
T00641276,0,NONE,,,test
T00641277,0,NONE,,,test
T00641278,0,NONE,,,test
T00641279,0,NONE,,,test
T00641280,0,NONE,,,test
T00641281,0,NONE,,,test
T00641282,0,NONE,,,test
T00641283,0,NONE,,,test
T00641284,0,NONE,,,test
T00641285,0,NONE,,,test
T00641286,1,S7,S7-0148,mule_cashout,test
T00641287,0,NONE,,,test
T00641288,0,NONE,,,test
T00641289,0,NONE,,,test
T00641290,0,NONE,,,test
T00641291,0,NONE,,,test
T00641292,0,NONE,,,test
T00641293,0,NONE,,,test
T00641294,0,NONE,,,test
T00641295,0,NONE,,,test
T00641296,0,NONE,,,test
T00641297,0,NONE,,,test
T00641298,0,NONE,,,test
T00641299,0,NONE,,,test
T00641300,0,NONE,,,test
T00641301,0,NONE,,,test
T00641302,0,NONE,,,test
T00641303,0,NONE,,,test
T00641304,0,NONE,,,test
T00641305,0,NONE,,,test
T00641306,0,NONE,,,test
T00641307,0,NONE,,,test
T00641308,0,NONE,,,test
T00641309,0,NONE,,,test
T00641310,0,NONE,,,test
T00641311,0,NONE,,,test
T00641312,0,NONE,,,test
T00641313,0,NONE,,,test
T00641314,0,NONE,,,test
T00641315,0,NONE,,,test
T00641316,0,NONE,,,test
T00641317,0,NONE,,,test
T00641318,0,NONE,,,test
T00641319,0,NONE,,,test
T00641320,0,NONE,,,test
T00641321,0,NONE,,,test
T00641322,0,NONE,,,test
T00641323,0,NONE,,,test
T00641324,0,NONE,,,test
T00641325,0,NONE,,,test
T00641326,0,NONE,,,test
T00641327,0,NONE,,,test
T00641328,0,NONE,,,test
T00641329,0,NONE,,,test
T00641330,0,NONE,,,test
T00641331,0,NONE,,,test
T00641332,0,NONE,,,test
T00641333,0,NONE,,,test
T00641334,0,NONE,,,test
T00641335,0,NONE,,,test
T00641336,0,NONE,,,test
T00641337,0,NONE,,,test
T00641338,0,NONE,,,test
T00641339,0,NONE,,,test
T00641340,0,NONE,,,test
T00641341,0,NONE,,,test
T00641342,0,NONE,,,test
T00641343,0,NONE,,,test
T00641344,0,NONE,,,test
T00641345,0,NONE,,,test
T00641346,1,S2,S2-0038,victim_payment,test
T00641347,0,NONE,,,test
T00641348,0,NONE,,,test
T00641349,0,NONE,,,test
T00641350,0,NONE,,,test
T00641351,0,NONE,,,test
T00641352,0,NONE,,,test
T00641353,0,NONE,,,test
T00641354,0,NONE,,,test
T00641355,1,S2,S2-0038,victim_payment,test
T00641356,0,NONE,,,test
T00641357,0,NONE,,,test
T00641358,0,NONE,,,test
T00641359,0,NONE,,,test
T00641360,0,NONE,,,test
T00641361,0,NONE,,,test
T00641362,0,NONE,,,test
T00641363,0,NONE,,,test
T00641364,0,NONE,,,test
T00641365,0,NONE,,,test
T00641366,0,NONE,,,test
T00641367,0,NONE,,,test
T00641368,0,NONE,,,test
T00641369,0,NONE,,,test
T00641370,0,NONE,,,test
T00641371,0,NONE,,,test
T00641372,0,NONE,,,test
T00641373,0,NONE,,,test
T00641374,0,NONE,,,test
T00641375,0,NONE,,,test
T00641376,0,NONE,,,test
T00641377,0,NONE,,,test
T00641378,0,NONE,,,test
T00641379,0,NONE,,,test
T00641380,0,NONE,,,test
T00641381,0,NONE,,,test
T00641382,0,NONE,,,test
T00641383,0,NONE,,,test
T00641384,0,NONE,,,test
T00641385,0,NONE,,,test
T00641386,0,NONE,,,test
T00641387,0,NONE,,,test
T00641388,0,NONE,,,test
T00641389,0,NONE,,,test
T00641390,0,NONE,,,test
T00641391,0,NONE,,,test
T00641392,0,NONE,,,test
T00641393,1,S2,SC-03,victim_payment,test
T00641394,0,NONE,,,test
T00641395,0,NONE,,,test
T00641396,0,NONE,,,test
T00641397,1,S2,S2-0038,victim_payment,test
T00641398,0,NONE,,,test
T00641399,0,NONE,,,test
T00641400,0,NONE,,,test
T00641401,0,NONE,,,test
T00641402,0,NONE,,,test
T00641403,0,NONE,,,test
T00641404,0,NONE,,,test
T00641405,0,NONE,,,test
T00641406,0,NONE,,,test
T00641407,0,NONE,,,test
T00641408,0,NONE,,,test
T00641409,0,NONE,,,test
T00641410,0,NONE,,,test
T00641411,0,NONE,,,test
T00641412,0,NONE,,,test
T00641413,0,NONE,,,test
T00641414,0,NONE,,,test
T00641415,1,S2,S2-0038,victim_payment,test
T00641416,0,NONE,,,test
T00641417,0,NONE,,,test
T00641418,0,NONE,,,test
T00641419,0,NONE,,,test
T00641420,0,NONE,,,test
T00641421,0,NONE,,,test
T00641422,0,NONE,,,test
T00641423,0,NONE,,,test
T00641424,0,NONE,,,test
T00641425,0,NONE,,,test
T00641426,0,NONE,,,test
T00641427,0,NONE,,,test
T00641428,0,NONE,,,test
T00641429,0,NONE,,,test
T00641430,0,NONE,,,test
T00641431,1,S2,SC-03,victim_payment,test
T00641432,1,S2,SC-03,victim_payment,test
T00641433,0,NONE,,,test
T00641434,0,NONE,,,test
T00641435,0,NONE,,,test
T00641436,0,NONE,,,test
T00641437,0,NONE,,,test
T00641438,0,NONE,,,test
T00641439,0,NONE,,,test
T00641440,0,NONE,,,test
T00641441,0,NONE,,,test
T00641442,0,NONE,,,test
T00641443,0,NONE,,,test
T00641444,0,NONE,,,test
T00641445,0,NONE,,,test
T00641446,0,NONE,,,test
T00641447,0,NONE,,,test
T00641448,0,NONE,,,test
T00641449,0,NONE,,,test
T00641450,0,NONE,,,test
T00641451,0,NONE,,,test
T00641452,0,NONE,,,test
T00641453,0,NONE,,,test
T00641454,0,NONE,,,test
T00641455,0,NONE,,,test
T00641456,0,NONE,,,test
T00641457,0,NONE,,,test
T00641458,0,NONE,,,test
T00641459,0,NONE,,,test
T00641460,0,NONE,,,test
T00641461,0,NONE,,,test
T00641462,0,NONE,,,test
T00641463,0,NONE,,,test
T00641464,0,NONE,,,test
T00641465,0,NONE,,,test
T00641466,0,NONE,,,test
T00641467,0,NONE,,,test
T00641468,0,NONE,,,test
T00641469,0,NONE,,,test
T00641470,0,NONE,,,test
T00641471,0,NONE,,,test
T00641472,0,NONE,,,test
T00641473,0,NONE,,,test
T00641474,0,NONE,,,test
T00641475,0,NONE,,,test
T00641476,0,NONE,,,test
T00641477,0,NONE,,,test
T00641478,0,NONE,,,test
T00641479,0,NONE,,,test
T00641480,0,NONE,,,test
T00641481,0,NONE,,,test
T00641482,0,NONE,,,test
T00641483,0,NONE,,,test
T00641484,0,NONE,,,test
T00641485,0,NONE,,,test
T00641486,0,NONE,,,test
T00641487,0,NONE,,,test
T00641488,0,NONE,,,test
T00641489,0,NONE,,,test
T00641490,0,NONE,,,test
T00641491,0,NONE,,,test
T00641492,0,NONE,,,test
T00641493,0,NONE,,,test
T00641494,0,NONE,,,test
T00641495,0,NONE,,,test
T00641496,0,NONE,,,test
T00641497,1,S3,S3-0056,mule_cashout,test
T00641498,0,NONE,,,test
T00641499,0,NONE,,,test
T00641500,0,NONE,,,test
T00641501,0,NONE,,,test
T00641502,0,NONE,,,test
T00641503,0,NONE,,,test
T00641504,0,NONE,,,test
T00641505,0,NONE,,,test
T00641506,0,NONE,,,test
T00641507,0,NONE,,,test
T00641508,0,NONE,,,test
T00641509,0,NONE,,,test
T00641510,0,NONE,,,test
T00641511,0,NONE,,,test
T00641512,0,NONE,,,test
T00641513,0,NONE,,,test
T00641514,0,NONE,,,test
T00641515,0,NONE,,,test
T00641516,0,NONE,,,test
T00641517,0,NONE,,,test
T00641518,0,NONE,,,test
T00641519,0,NONE,,,test
T00641520,0,NONE,,,test
T00641521,0,NONE,,,test
T00641522,0,NONE,,,test
T00641523,0,NONE,,,test
T00641524,0,NONE,,,test
T00641525,0,NONE,,,test
T00641526,0,NONE,,,test
T00641527,0,NONE,,,test
T00641528,0,NONE,,,test
T00641529,0,NONE,,,test
T00641530,0,NONE,,,test
T00641531,0,NONE,,,test
T00641532,0,NONE,,,test
T00641533,0,NONE,,,test
T00641534,0,NONE,,,test
T00641535,0,NONE,,,test
T00641536,0,NONE,,,test
T00641537,0,NONE,,,test
T00641538,0,NONE,,,test
T00641539,0,NONE,,,test
T00641540,0,NONE,,,test
T00641541,0,NONE,,,test
T00641542,0,NONE,,,test
T00641543,0,NONE,,,test
T00641544,0,NONE,,,test
T00641545,0,NONE,,,test
T00641546,0,NONE,,,test
T00641547,1,S2,S2-0038,collector_cashout,test
T00641548,0,NONE,,,test
T00641549,0,NONE,,,test
T00641550,0,NONE,,,test
T00641551,0,NONE,,,test
T00641552,0,NONE,,,test
T00641553,0,NONE,,,test
T00641554,0,NONE,,,test
T00641555,0,NONE,,,test
T00641556,0,NONE,,,test
T00641557,0,NONE,,,test
T00641558,0,NONE,,,test
T00641559,0,NONE,,,test
T00641560,0,NONE,,,test
T00641561,0,NONE,,,test
T00641562,0,NONE,,,test
T00641563,0,NONE,,,test
T00641564,0,NONE,,,test
T00641565,0,NONE,,,test
T00641566,0,NONE,,,test
T00641567,0,NONE,,,test
T00641568,0,NONE,,,test
T00641569,0,NONE,,,test
T00641570,0,NONE,,,test
T00641571,0,NONE,,,test
T00641572,0,NONE,,,test
T00641573,0,NONE,,,test
T00641574,0,NONE,,,test
T00641575,0,NONE,,,test
T00641576,0,NONE,,,test
T00641577,0,NONE,,,test
T00641578,0,NONE,,,test
T00641579,0,NONE,,,test
T00641580,0,NONE,,,test
T00641581,0,NONE,,,test
T00641582,0,NONE,,,test
T00641583,1,S2,S2-0038,victim_payment,test
T00641584,0,NONE,,,test
T00641585,0,NONE,,,test
T00641586,0,NONE,,,test
T00641587,0,NONE,,,test
T00641588,0,NONE,,,test
T00641589,0,NONE,,,test
T00641590,0,NONE,,,test
T00641591,0,NONE,,,test
T00641592,0,NONE,,,test
T00641593,0,NONE,,,test
T00641594,0,NONE,,,test
T00641595,0,NONE,,,test
T00641596,0,NONE,,,test
T00641597,0,NONE,,,test
T00641598,0,NONE,,,test
T00641599,0,NONE,,,test
T00641600,0,NONE,,,test
T00641601,0,NONE,,,test
T00641602,0,NONE,,,test
T00641603,0,NONE,,,test
T00641604,0,NONE,,,test
T00641605,0,NONE,,,test
T00641606,0,NONE,,,test
T00641607,0,NONE,,,test
T00641608,0,NONE,,,test
T00641609,1,S2,SC-03,victim_payment,test
T00641610,1,S2,SC-03,victim_payment,test
T00641611,0,NONE,,,test
T00641612,0,NONE,,,test
T00641613,0,NONE,,,test
T00641614,0,NONE,,,test
T00641615,0,NONE,,,test
T00641616,0,NONE,,,test
T00641617,0,NONE,,,test
T00641618,0,NONE,,,test
T00641619,0,NONE,,,test
T00641620,0,NONE,,,test
T00641621,0,NONE,,,test
T00641622,0,NONE,,,test
T00641623,0,NONE,,,test
T00641624,0,NONE,,,test
T00641625,0,NONE,,,test
T00641626,0,NONE,,,test
T00641627,0,NONE,,,test
T00641628,0,NONE,,,test
T00641629,0,NONE,,,test
T00641630,0,NONE,,,test
T00641631,0,NONE,,,test
T00641632,0,NONE,,,test
T00641633,0,NONE,,,test
T00641634,0,NONE,,,test
T00641635,0,NONE,,,test
T00641636,0,NONE,,,test
T00641637,0,NONE,,,test
T00641638,0,NONE,,,test
T00641639,0,NONE,,,test
T00641640,0,NONE,,,test
T00641641,0,NONE,,,test
T00641642,0,NONE,,,test
T00641643,0,NONE,,,test
T00641644,0,NONE,,,test
T00641645,0,NONE,,,test
T00641646,0,NONE,,,test
T00641647,0,NONE,,,test
T00641648,0,NONE,,,test
T00641649,0,NONE,,,test
T00641650,0,NONE,,,test
T00641651,0,NONE,,,test
T00641652,0,NONE,,,test
T00641653,0,NONE,,,test
T00641654,0,NONE,,,test
T00641655,1,S2,S2-0038,victim_payment,test
T00641656,0,NONE,,,test
T00641657,0,NONE,,,test
T00641658,0,NONE,,,test
T00641659,0,NONE,,,test
T00641660,0,NONE,,,test
T00641661,0,NONE,,,test
T00641662,0,NONE,,,test
T00641663,0,NONE,,,test
T00641664,0,NONE,,,test
T00641665,0,NONE,,,test
T00641666,0,NONE,,,test
T00641667,0,NONE,,,test
T00641668,0,NONE,,,test
T00641669,0,NONE,,,test
T00641670,0,NONE,,,test
T00641671,0,NONE,,,test
T00641672,0,NONE,,,test
T00641673,0,NONE,,,test
T00641674,0,NONE,,,test
T00641675,0,NONE,,,test
T00641676,0,NONE,,,test
T00641677,0,NONE,,,test
T00641678,0,NONE,,,test
T00641679,0,NONE,,,test
T00641680,0,NONE,,,test
T00641681,0,NONE,,,test
T00641682,0,NONE,,,test
T00641683,0,NONE,,,test
T00641684,0,NONE,,,test
T00641685,0,NONE,,,test
T00641686,0,NONE,,,test
T00641687,0,NONE,,,test
T00641688,0,NONE,,,test
T00641689,0,NONE,,,test
T00641690,0,NONE,,,test
T00641691,0,NONE,,,test
T00641692,0,NONE,,,test
T00641693,0,NONE,,,test
T00641694,0,NONE,,,test
T00641695,0,NONE,,,test
T00641696,0,NONE,,,test
T00641697,0,NONE,,,test
T00641698,0,NONE,,,test
T00641699,0,NONE,,,test
T00641700,0,NONE,,,test
T00641701,0,NONE,,,test
T00641702,0,NONE,,,test
T00641703,0,NONE,,,test
T00641704,0,NONE,,,test
T00641705,0,NONE,,,test
T00641706,0,NONE,,,test
T00641707,0,NONE,,,test
T00641708,1,S1,S1-0180,mule_cashout,test
T00641709,0,NONE,,,test
T00641710,0,NONE,,,test
T00641711,0,NONE,,,test
T00641712,1,S1,S1-0182,takeover_drain,test
T00641713,0,NONE,,,test
T00641714,0,NONE,,,test
T00641715,0,NONE,,,test
T00641716,0,NONE,,,test
T00641717,0,NONE,,,test
T00641718,0,NONE,,,test
T00641719,0,NONE,,,test
T00641720,0,NONE,,,test
T00641721,0,NONE,,,test
T00641722,0,NONE,,,test
T00641723,1,S2,SC-03,victim_payment,test
T00641724,0,NONE,,,test
T00641725,0,NONE,,,test
T00641726,0,NONE,,,test
T00641727,0,NONE,,,test
T00641728,0,NONE,,,test
T00641729,0,NONE,,,test
T00641730,0,NONE,,,test
T00641731,0,NONE,,,test
T00641732,1,S1,S1-0183,takeover_drain,test
T00641733,0,NONE,,,test
T00641734,0,NONE,,,test
T00641735,0,NONE,,,test
T00641736,0,NONE,,,test
T00641737,1,S3,S3-0058,mule_hop,test
T00641738,0,NONE,,,test
T00641739,0,NONE,,,test
T00641740,0,NONE,,,test
T00641741,0,NONE,,,test
T00641742,0,NONE,,,test
T00641743,0,NONE,,,test
T00641744,0,NONE,,,test
T00641745,1,S1,S1-0183,takeover_drain,test
T00641746,0,NONE,,,test
T00641747,0,NONE,,,test
T00641748,0,NONE,,,test
T00641749,0,NONE,,,test
T00641750,0,NONE,,,test
T00641751,0,NONE,,,test
T00641752,0,NONE,,,test
T00641753,0,NONE,,,test
T00641754,0,NONE,,,test
T00641755,0,NONE,,,test
T00641756,0,NONE,,,test
T00641757,0,NONE,,,test
T00641758,0,NONE,,,test
T00641759,0,NONE,,,test
T00641760,0,NONE,,,test
T00641761,0,NONE,,,test
T00641762,0,NONE,,,test
T00641763,0,NONE,,,test
T00641764,1,S1,S1-0182,takeover_drain,test
T00641765,0,NONE,,,test
T00641766,0,NONE,,,test
T00641767,0,NONE,,,test
T00641768,0,NONE,,,test
T00641769,0,NONE,,,test
T00641770,0,NONE,,,test
T00641771,0,NONE,,,test
T00641772,0,NONE,,,test
T00641773,0,NONE,,,test
T00641774,0,NONE,,,test
T00641775,0,NONE,,,test
T00641776,0,NONE,,,test
T00641777,0,NONE,,,test
T00641778,0,NONE,,,test
T00641779,0,NONE,,,test
T00641780,0,NONE,,,test
T00641781,0,NONE,,,test
T00641782,0,NONE,,,test
T00641783,0,NONE,,,test
T00641784,0,NONE,,,test
T00641785,1,S1,S1-0182,takeover_drain,test
T00641786,0,NONE,,,test
T00641787,0,NONE,,,test
T00641788,0,NONE,,,test
T00641789,0,NONE,,,test
T00641790,0,NONE,,,test
T00641791,0,NONE,,,test
T00641792,0,NONE,,,test
T00641793,0,NONE,,,test
T00641794,0,NONE,,,test
T00641795,0,NONE,,,test
T00641796,0,NONE,,,test
T00641797,0,NONE,,,test
T00641798,0,NONE,,,test
T00641799,0,NONE,,,test
T00641800,0,NONE,,,test
T00641801,0,NONE,,,test
T00641802,0,NONE,,,test
T00641803,0,NONE,,,test
T00641804,0,NONE,,,test
T00641805,0,NONE,,,test
T00641806,0,NONE,,,test
T00641807,0,NONE,,,test
T00641808,0,NONE,,,test
T00641809,0,NONE,,,test
T00641810,0,NONE,,,test
T00641811,0,NONE,,,test
T00641812,0,NONE,,,test
T00641813,0,NONE,,,test
T00641814,0,NONE,,,test
T00641815,0,NONE,,,test
T00641816,0,NONE,,,test
T00641817,0,NONE,,,test
T00641818,0,NONE,,,test
T00641819,0,NONE,,,test
T00641820,0,NONE,,,test
T00641821,0,NONE,,,test
T00641822,0,NONE,,,test
T00641823,1,S3,S3-0058,mule_hop,test
T00641824,0,NONE,,,test
T00641825,0,NONE,,,test
T00641826,0,NONE,,,test
T00641827,0,NONE,,,test
T00641828,0,NONE,,,test
T00641829,0,NONE,,,test
T00641830,0,NONE,,,test
T00641831,0,NONE,,,test
T00641832,0,NONE,,,test
T00641833,0,NONE,,,test
T00641834,0,NONE,,,test
T00641835,0,NONE,,,test
T00641836,0,NONE,,,test
T00641837,0,NONE,,,test
T00641838,0,NONE,,,test
T00641839,0,NONE,,,test
T00641840,0,NONE,,,test
T00641841,1,S2,SC-03,victim_payment,test
T00641842,0,NONE,,,test
T00641843,0,NONE,,,test
T00641844,0,NONE,,,test
T00641845,0,NONE,,,test
T00641846,0,NONE,,,test
T00641847,0,NONE,,,test
T00641848,0,NONE,,,test
T00641849,0,NONE,,,test
T00641850,0,NONE,,,test
T00641851,0,NONE,,,test
T00641852,0,NONE,,,test
T00641853,0,NONE,,,test
T00641854,0,NONE,,,test
T00641855,0,NONE,,,test
T00641856,0,NONE,,,test
T00641857,0,NONE,,,test
T00641858,0,NONE,,,test
T00641859,0,NONE,,,test
T00641860,0,NONE,,,test
T00641861,0,NONE,,,test
T00641862,0,NONE,,,test
T00641863,0,NONE,,,test
T00641864,0,NONE,,,test
T00641865,0,NONE,,,test
T00641866,0,NONE,,,test
T00641867,0,NONE,,,test
T00641868,0,NONE,,,test
T00641869,0,NONE,,,test
T00641870,0,NONE,,,test
T00641871,0,NONE,,,test
T00641872,0,NONE,,,test
T00641873,0,NONE,,,test
T00641874,0,NONE,,,test
T00641875,0,NONE,,,test
T00641876,1,S3,S3-0058,mule_hop,test
T00641877,0,NONE,,,test
T00641878,0,NONE,,,test
T00641879,0,NONE,,,test
T00641880,0,NONE,,,test
T00641881,0,NONE,,,test
T00641882,0,NONE,,,test
T00641883,1,S3,S3-0058,mule_hop,test
T00641884,0,NONE,,,test
T00641885,0,NONE,,,test
T00641886,0,NONE,,,test
T00641887,0,NONE,,,test
T00641888,0,NONE,,,test
T00641889,0,NONE,,,test
T00641890,0,NONE,,,test
T00641891,0,NONE,,,test
T00641892,0,NONE,,,test
T00641893,0,NONE,,,test
T00641894,0,NONE,,,test
T00641895,0,NONE,,,test
T00641896,0,NONE,,,test
T00641897,0,NONE,,,test
T00641898,0,NONE,,,test
T00641899,0,NONE,,,test
T00641900,0,NONE,,,test
T00641901,0,NONE,,,test
T00641902,0,NONE,,,test
T00641903,0,NONE,,,test
T00641904,0,NONE,,,test
T00641905,0,NONE,,,test
T00641906,0,NONE,,,test
T00641907,0,NONE,,,test
T00641908,0,NONE,,,test
T00641909,0,NONE,,,test
T00641910,0,NONE,,,test
T00641911,0,NONE,,,test
T00641912,0,NONE,,,test
T00641913,0,NONE,,,test
T00641914,0,NONE,,,test
T00641915,0,NONE,,,test
T00641916,0,NONE,,,test
T00641917,0,NONE,,,test
T00641918,0,NONE,,,test
T00641919,0,NONE,,,test
T00641920,0,NONE,,,test
T00641921,0,NONE,,,test
T00641922,0,NONE,,,test
T00641923,0,NONE,,,test
T00641924,0,NONE,,,test
T00641925,0,NONE,,,test
T00641926,1,S2,SC-03,victim_payment,test
T00641927,0,NONE,,,test
T00641928,0,NONE,,,test
T00641929,0,NONE,,,test
T00641930,0,NONE,,,test
T00641931,0,NONE,,,test
T00641932,0,NONE,,,test
T00641933,0,NONE,,,test
T00641934,0,NONE,,,test
T00641935,0,NONE,,,test
T00641936,0,NONE,,,test
T00641937,0,NONE,,,test
T00641938,0,NONE,,,test
T00641939,0,NONE,,,test
T00641940,0,NONE,,,test
T00641941,0,NONE,,,test
T00641942,0,NONE,,,test
T00641943,0,NONE,,,test
T00641944,0,NONE,,,test
T00641945,0,NONE,,,test
T00641946,0,NONE,,,test
T00641947,0,NONE,,,test
T00641948,0,NONE,,,test
T00641949,0,NONE,,,test
T00641950,0,NONE,,,test
T00641951,0,NONE,,,test
T00641952,0,NONE,,,test
T00641953,0,NONE,,,test
T00641954,0,NONE,,,test
T00641955,0,NONE,,,test
T00641956,0,NONE,,,test
T00641957,0,NONE,,,test
T00641958,0,NONE,,,test
T00641959,0,NONE,,,test
T00641960,0,NONE,,,test
T00641961,0,NONE,,,test
T00641962,0,NONE,,,test
T00641963,0,NONE,,,test
T00641964,0,NONE,,,test
T00641965,0,NONE,,,test
T00641966,0,NONE,,,test
T00641967,0,NONE,,,test
T00641968,0,NONE,,,test
T00641969,0,NONE,,,test
T00641970,0,NONE,,,test
T00641971,0,NONE,,,test
T00641972,0,NONE,,,test
T00641973,0,NONE,,,test
T00641974,0,NONE,,,test
T00641975,0,NONE,,,test
T00641976,0,NONE,,,test
T00641977,0,NONE,,,test
T00641978,0,NONE,,,test
T00641979,0,NONE,,,test
T00641980,0,NONE,,,test
T00641981,0,NONE,,,test
T00641982,0,NONE,,,test
T00641983,0,NONE,,,test
T00641984,0,NONE,,,test
T00641985,0,NONE,,,test
T00641986,0,NONE,,,test
T00641987,0,NONE,,,test
T00641988,0,NONE,,,test
T00641989,0,NONE,,,test
T00641990,0,NONE,,,test
T00641991,0,NONE,,,test
T00641992,0,NONE,,,test
T00641993,0,NONE,,,test
T00641994,0,NONE,,,test
T00641995,0,NONE,,,test
T00641996,0,NONE,,,test
T00641997,0,NONE,,,test
T00641998,0,NONE,,,test
T00641999,0,NONE,,,test
T00642000,0,NONE,,,test
T00642001,0,NONE,,,test
T00642002,0,NONE,,,test
T00642003,0,NONE,,,test
T00642004,0,NONE,,,test
T00642005,0,NONE,,,test
T00642006,0,NONE,,,test
T00642007,0,NONE,,,test
T00642008,0,NONE,,,test
T00642009,0,NONE,,,test
T00642010,0,NONE,,,test
T00642011,0,NONE,,,test
T00642012,0,NONE,,,test
T00642013,0,NONE,,,test
T00642014,0,NONE,,,test
T00642015,0,NONE,,,test
T00642016,0,NONE,,,test
T00642017,0,NONE,,,test
T00642018,0,NONE,,,test
T00642019,0,NONE,,,test
T00642020,0,NONE,,,test
T00642021,0,NONE,,,test
T00642022,0,NONE,,,test
T00642023,0,NONE,,,test
T00642024,0,NONE,,,test
T00642025,0,NONE,,,test
T00642026,0,NONE,,,test
T00642027,0,NONE,,,test
T00642028,0,NONE,,,test
T00642029,0,NONE,,,test
T00642030,0,NONE,,,test
T00642031,0,NONE,,,test
T00642032,0,NONE,,,test
T00642033,0,NONE,,,test
T00642034,0,NONE,,,test
T00642035,0,NONE,,,test
T00642036,0,NONE,,,test
T00642037,0,NONE,,,test
T00642038,0,NONE,,,test
T00642039,0,NONE,,,test
T00642040,0,NONE,,,test
T00642041,0,NONE,,,test
T00642042,0,NONE,,,test
T00642043,0,NONE,,,test
T00642044,0,NONE,,,test
T00642045,0,NONE,,,test
T00642046,0,NONE,,,test
T00642047,0,NONE,,,test
T00642048,0,NONE,,,test
T00642049,0,NONE,,,test
T00642050,0,NONE,,,test
T00642051,0,NONE,,,test
T00642052,0,NONE,,,test
T00642053,0,NONE,,,test
T00642054,0,NONE,,,test
T00642055,0,NONE,,,test
T00642056,0,NONE,,,test
T00642057,0,NONE,,,test
T00642058,0,NONE,,,test
T00642059,0,NONE,,,test
T00642060,0,NONE,,,test
T00642061,0,NONE,,,test
T00642062,0,NONE,,,test
T00642063,0,NONE,,,test
T00642064,0,NONE,,,test
T00642065,0,NONE,,,test
T00642066,0,NONE,,,test
T00642067,0,NONE,,,test
T00642068,0,NONE,,,test
T00642069,0,NONE,,,test
T00642070,0,NONE,,,test
T00642071,0,NONE,,,test
T00642072,0,NONE,,,test
T00642073,0,NONE,,,test
T00642074,0,NONE,,,test
T00642075,0,NONE,,,test
T00642076,0,NONE,,,test
T00642077,0,NONE,,,test
T00642078,0,NONE,,,test
T00642079,0,NONE,,,test
T00642080,0,NONE,,,test
T00642081,0,NONE,,,test
T00642082,0,NONE,,,test
T00642083,0,NONE,,,test
T00642084,0,NONE,,,test
T00642085,0,NONE,,,test
T00642086,0,NONE,,,test
T00642087,0,NONE,,,test
T00642088,0,NONE,,,test
T00642089,0,NONE,,,test
T00642090,0,NONE,,,test
T00642091,0,NONE,,,test
T00642092,0,NONE,,,test
T00642093,0,NONE,,,test
T00642094,0,NONE,,,test
T00642095,0,NONE,,,test
T00642096,0,NONE,,,test
T00642097,0,NONE,,,test
T00642098,0,NONE,,,test
T00642099,0,NONE,,,test
T00642100,0,NONE,,,test
T00642101,0,NONE,,,test
T00642102,0,NONE,,,test
T00642103,0,NONE,,,test
T00642104,0,NONE,,,test
T00642105,0,NONE,,,test
T00642106,0,NONE,,,test
T00642107,0,NONE,,,test
T00642108,0,NONE,,,test
T00642109,0,NONE,,,test
T00642110,0,NONE,,,test
T00642111,0,NONE,,,test
T00642112,0,NONE,,,test
T00642113,0,NONE,,,test
T00642114,0,NONE,,,test
T00642115,0,NONE,,,test
T00642116,0,NONE,,,test
T00642117,0,NONE,,,test
T00642118,0,NONE,,,test
T00642119,0,NONE,,,test
T00642120,0,NONE,,,test
T00642121,1,S2,S2-0038,victim_payment,test
T00642122,0,NONE,,,test
T00642123,0,NONE,,,test
T00642124,0,NONE,,,test
T00642125,0,NONE,,,test
T00642126,0,NONE,,,test
T00642127,0,NONE,,,test
T00642128,0,NONE,,,test
T00642129,0,NONE,,,test
T00642130,0,NONE,,,test
T00642131,0,NONE,,,test
T00642132,0,NONE,,,test
T00642133,0,NONE,,,test
T00642134,0,NONE,,,test
T00642135,0,NONE,,,test
T00642136,0,NONE,,,test
T00642137,0,NONE,,,test
T00642138,0,NONE,,,test
T00642139,0,NONE,,,test
T00642140,0,NONE,,,test
T00642141,0,NONE,,,test
T00642142,0,NONE,,,test
T00642143,0,NONE,,,test
T00642144,0,NONE,,,test
T00642145,0,NONE,,,test
T00642146,0,NONE,,,test
T00642147,0,NONE,,,test
T00642148,0,NONE,,,test
T00642149,0,NONE,,,test
T00642150,0,NONE,,,test
T00642151,0,NONE,,,test
T00642152,0,NONE,,,test
T00642153,0,NONE,,,test
T00642154,0,NONE,,,test
T00642155,0,NONE,,,test
T00642156,0,NONE,,,test
T00642157,0,NONE,,,test
T00642158,0,NONE,,,test
T00642159,0,NONE,,,test
T00642160,0,NONE,,,test
T00642161,0,NONE,,,test
T00642162,0,NONE,,,test
T00642163,0,NONE,,,test
T00642164,0,NONE,,,test
T00642165,0,NONE,,,test
T00642166,0,NONE,,,test
T00642167,0,NONE,,,test
T00642168,0,NONE,,,test
T00642169,0,NONE,,,test
T00642170,0,NONE,,,test
T00642171,0,NONE,,,test
T00642172,0,NONE,,,test
T00642173,0,NONE,,,test
T00642174,0,NONE,,,test
T00642175,0,NONE,,,test
T00642176,0,NONE,,,test
T00642177,0,NONE,,,test
T00642178,0,NONE,,,test
T00642179,0,NONE,,,test
T00642180,0,NONE,,,test
T00642181,0,NONE,,,test
T00642182,0,NONE,,,test
T00642183,0,NONE,,,test
T00642184,0,NONE,,,test
T00642185,0,NONE,,,test
T00642186,0,NONE,,,test
T00642187,0,NONE,,,test
T00642188,0,NONE,,,test
T00642189,0,NONE,,,test
T00642190,0,NONE,,,test
T00642191,0,NONE,,,test
T00642192,0,NONE,,,test
T00642193,0,NONE,,,test
T00642194,0,NONE,,,test
T00642195,0,NONE,,,test
T00642196,0,NONE,,,test
T00642197,0,NONE,,,test
T00642198,0,NONE,,,test
T00642199,1,S2,S2-0038,victim_payment,test
T00642200,0,NONE,,,test
T00642201,0,NONE,,,test
T00642202,0,NONE,,,test
T00642203,0,NONE,,,test
T00642204,0,NONE,,,test
T00642205,0,NONE,,,test
T00642206,0,NONE,,,test
T00642207,0,NONE,,,test
T00642208,0,NONE,,,test
T00642209,0,NONE,,,test
T00642210,0,NONE,,,test
T00642211,0,NONE,,,test
T00642212,0,NONE,,,test
T00642213,0,NONE,,,test
T00642214,0,NONE,,,test
T00642215,0,NONE,,,test
T00642216,0,NONE,,,test
T00642217,0,NONE,,,test
T00642218,0,NONE,,,test
T00642219,0,NONE,,,test
T00642220,0,NONE,,,test
T00642221,0,NONE,,,test
T00642222,0,NONE,,,test
T00642223,0,NONE,,,test
T00642224,1,S1,S1-0184,takeover_drain,test
T00642225,1,S1,S1-0184,takeover_drain,test
T00642226,1,S1,S1-0184,takeover_drain,test
T00642227,1,S1,S1-0184,takeover_drain,test
T00642228,0,NONE,,,test
T00642229,0,NONE,,,test
T00642230,0,NONE,,,test
T00642231,0,NONE,,,test
T00642232,0,NONE,,,test
T00642233,0,NONE,,,test
T00642234,0,NONE,,,test
T00642235,0,NONE,,,test
T00642236,0,NONE,,,test
T00642237,0,NONE,,,test
T00642238,0,NONE,,,test
T00642239,0,NONE,,,test
T00642240,0,NONE,,,test
T00642241,0,NONE,,,test
T00642242,0,NONE,,,test
T00642243,0,NONE,,,test
T00642244,0,NONE,,,test
T00642245,0,NONE,,,test
T00642246,0,NONE,,,test
T00642247,0,NONE,,,test
T00642248,0,NONE,,,test
T00642249,0,NONE,,,test
T00642250,0,NONE,,,test
T00642251,0,NONE,,,test
T00642252,0,NONE,,,test
T00642253,0,NONE,,,test
T00642254,0,NONE,,,test
T00642255,0,NONE,,,test
T00642256,0,NONE,,,test
T00642257,0,NONE,,,test
T00642258,0,NONE,,,test
T00642259,0,NONE,,,test
T00642260,0,NONE,,,test
T00642261,0,NONE,,,test
T00642262,0,NONE,,,test
T00642263,0,NONE,,,test
T00642264,0,NONE,,,test
T00642265,0,NONE,,,test
T00642266,0,NONE,,,test
T00642267,0,NONE,,,test
T00642268,0,NONE,,,test
T00642269,0,NONE,,,test
T00642270,0,NONE,,,test
T00642271,0,NONE,,,test
T00642272,0,NONE,,,test
T00642273,0,NONE,,,test
T00642274,0,NONE,,,test
T00642275,0,NONE,,,test
T00642276,0,NONE,,,test
T00642277,0,NONE,,,test
T00642278,0,NONE,,,test
T00642279,1,S2,SC-03,collector_cashout,test
T00642280,0,NONE,,,test
T00642281,0,NONE,,,test
T00642282,0,NONE,,,test
T00642283,0,NONE,,,test
T00642284,0,NONE,,,test
T00642285,0,NONE,,,test
T00642286,0,NONE,,,test
T00642287,0,NONE,,,test
T00642288,0,NONE,,,test
T00642289,0,NONE,,,test
T00642290,0,NONE,,,test
T00642291,0,NONE,,,test
T00642292,0,NONE,,,test
T00642293,0,NONE,,,test
T00642294,0,NONE,,,test
T00642295,0,NONE,,,test
T00642296,0,NONE,,,test
T00642297,0,NONE,,,test
T00642298,0,NONE,,,test
T00642299,0,NONE,,,test
T00642300,0,NONE,,,test
T00642301,0,NONE,,,test
T00642302,0,NONE,,,test
T00642303,0,NONE,,,test
T00642304,0,NONE,,,test
T00642305,0,NONE,,,test
T00642306,0,NONE,,,test
T00642307,0,NONE,,,test
T00642308,0,NONE,,,test
T00642309,0,NONE,,,test
T00642310,0,NONE,,,test
T00642311,0,NONE,,,test
T00642312,0,NONE,,,test
T00642313,0,NONE,,,test
T00642314,0,NONE,,,test
T00642315,0,NONE,,,test
T00642316,0,NONE,,,test
T00642317,0,NONE,,,test
T00642318,0,NONE,,,test
T00642319,0,NONE,,,test
T00642320,0,NONE,,,test
T00642321,0,NONE,,,test
T00642322,0,NONE,,,test
T00642323,1,S1,S1-0184,mule_cashout,test
T00642324,0,NONE,,,test
T00642325,0,NONE,,,test
T00642326,0,NONE,,,test
T00642327,0,NONE,,,test
T00642328,0,NONE,,,test
T00642329,0,NONE,,,test
T00642330,0,NONE,,,test
T00642331,0,NONE,,,test
T00642332,0,NONE,,,test
T00642333,0,NONE,,,test
T00642334,0,NONE,,,test
T00642335,0,NONE,,,test
T00642336,0,NONE,,,test
T00642337,0,NONE,,,test
T00642338,0,NONE,,,test
T00642339,1,S1,S1-0183,mule_cashout,test
T00642340,0,NONE,,,test
T00642341,0,NONE,,,test
T00642342,0,NONE,,,test
T00642343,0,NONE,,,test
T00642344,0,NONE,,,test
T00642345,0,NONE,,,test
T00642346,0,NONE,,,test
T00642347,0,NONE,,,test
T00642348,0,NONE,,,test
T00642349,0,NONE,,,test
T00642350,0,NONE,,,test
T00642351,0,NONE,,,test
T00642352,0,NONE,,,test
T00642353,0,NONE,,,test
T00642354,0,NONE,,,test
T00642355,0,NONE,,,test
T00642356,0,NONE,,,test
T00642357,0,NONE,,,test
T00642358,0,NONE,,,test
T00642359,0,NONE,,,test
T00642360,0,NONE,,,test
T00642361,0,NONE,,,test
T00642362,0,NONE,,,test
T00642363,0,NONE,,,test
T00642364,0,NONE,,,test
T00642365,0,NONE,,,test
T00642366,0,NONE,,,test
T00642367,0,NONE,,,test
T00642368,0,NONE,,,test
T00642369,1,S1,S1-0183,mule_cashout,test
T00642370,0,NONE,,,test
T00642371,0,NONE,,,test
T00642372,0,NONE,,,test
T00642373,0,NONE,,,test
T00642374,0,NONE,,,test
T00642375,0,NONE,,,test
T00642376,0,NONE,,,test
T00642377,0,NONE,,,test
T00642378,0,NONE,,,test
T00642379,0,NONE,,,test
T00642380,0,NONE,,,test
T00642381,0,NONE,,,test
T00642382,0,NONE,,,test
T00642383,0,NONE,,,test
T00642384,0,NONE,,,test
T00642385,0,NONE,,,test
T00642386,0,NONE,,,test
T00642387,0,NONE,,,test
T00642388,0,NONE,,,test
T00642389,0,NONE,,,test
T00642390,0,NONE,,,test
T00642391,0,NONE,,,test
T00642392,0,NONE,,,test
T00642393,0,NONE,,,test
T00642394,0,NONE,,,test
T00642395,0,NONE,,,test
T00642396,0,NONE,,,test
T00642397,0,NONE,,,test
T00642398,0,NONE,,,test
T00642399,0,NONE,,,test
T00642400,0,NONE,,,test
T00642401,0,NONE,,,test
T00642402,0,NONE,,,test
T00642403,0,NONE,,,test
T00642404,0,NONE,,,test
T00642405,0,NONE,,,test
T00642406,0,NONE,,,test
T00642407,0,NONE,,,test
T00642408,0,NONE,,,test
T00642409,0,NONE,,,test
T00642410,0,NONE,,,test
T00642411,0,NONE,,,test
T00642412,0,NONE,,,test
T00642413,0,NONE,,,test
T00642414,0,NONE,,,test
T00642415,0,NONE,,,test
T00642416,0,NONE,,,test
T00642417,0,NONE,,,test
T00642418,0,NONE,,,test
T00642419,0,NONE,,,test
T00642420,0,NONE,,,test
T00642421,0,NONE,,,test
T00642422,0,NONE,,,test
T00642423,0,NONE,,,test
T00642424,0,NONE,,,test
T00642425,0,NONE,,,test
T00642426,0,NONE,,,test
T00642427,0,NONE,,,test
T00642428,0,NONE,,,test
T00642429,1,S7,S7-0154,mule_cashout,test
T00642430,0,NONE,,,test
T00642431,0,NONE,,,test
T00642432,0,NONE,,,test
T00642433,0,NONE,,,test
T00642434,0,NONE,,,test
T00642435,0,NONE,,,test
T00642436,0,NONE,,,test
T00642437,0,NONE,,,test
T00642438,0,NONE,,,test
T00642439,0,NONE,,,test
T00642440,0,NONE,,,test
T00642441,0,NONE,,,test
T00642442,0,NONE,,,test
T00642443,0,NONE,,,test
T00642444,0,NONE,,,test
T00642445,0,NONE,,,test
T00642446,0,NONE,,,test
T00642447,0,NONE,,,test
T00642448,0,NONE,,,test
T00642449,0,NONE,,,test
T00642450,0,NONE,,,test
T00642451,0,NONE,,,test
T00642452,0,NONE,,,test
T00642453,0,NONE,,,test
T00642454,0,NONE,,,test
T00642455,0,NONE,,,test
T00642456,0,NONE,,,test
T00642457,0,NONE,,,test
T00642458,0,NONE,,,test
T00642459,0,NONE,,,test
T00642460,0,NONE,,,test
T00642461,0,NONE,,,test
T00642462,0,NONE,,,test
T00642463,0,NONE,,,test
T00642464,0,NONE,,,test
T00642465,0,NONE,,,test
T00642466,0,NONE,,,test
T00642467,0,NONE,,,test
T00642468,0,NONE,,,test
T00642469,0,NONE,,,test
T00642470,0,NONE,,,test
T00642471,0,NONE,,,test
T00642472,0,NONE,,,test
T00642473,0,NONE,,,test
T00642474,0,NONE,,,test
T00642475,0,NONE,,,test
T00642476,0,NONE,,,test
T00642477,0,NONE,,,test
T00642478,0,NONE,,,test
T00642479,0,NONE,,,test
T00642480,1,S1,S1-0185,takeover_drain,test
T00642481,0,NONE,,,test
T00642482,0,NONE,,,test
T00642483,0,NONE,,,test
T00642484,0,NONE,,,test
T00642485,0,NONE,,,test
T00642486,0,NONE,,,test
T00642487,0,NONE,,,test
T00642488,0,NONE,,,test
T00642489,0,NONE,,,test
T00642490,0,NONE,,,test
T00642491,0,NONE,,,test
T00642492,0,NONE,,,test
T00642493,0,NONE,,,test
T00642494,0,NONE,,,test
T00642495,0,NONE,,,test
T00642496,0,NONE,,,test
T00642497,0,NONE,,,test
T00642498,0,NONE,,,test
T00642499,0,NONE,,,test
T00642500,0,NONE,,,test
T00642501,0,NONE,,,test
T00642502,0,NONE,,,test
T00642503,0,NONE,,,test
T00642504,0,NONE,,,test
T00642505,0,NONE,,,test
T00642506,0,NONE,,,test
T00642507,0,NONE,,,test
T00642508,0,NONE,,,test
T00642509,0,NONE,,,test
T00642510,0,NONE,,,test
T00642511,0,NONE,,,test
T00642512,0,NONE,,,test
T00642513,0,NONE,,,test
T00642514,0,NONE,,,test
T00642515,0,NONE,,,test
T00642516,0,NONE,,,test
T00642517,0,NONE,,,test
T00642518,0,NONE,,,test
T00642519,0,NONE,,,test
T00642520,0,NONE,,,test
T00642521,0,NONE,,,test
T00642522,0,NONE,,,test
T00642523,0,NONE,,,test
T00642524,0,NONE,,,test
T00642525,0,NONE,,,test
T00642526,0,NONE,,,test
T00642527,0,NONE,,,test
T00642528,1,S1,S1-0185,takeover_drain,test
T00642529,0,NONE,,,test
T00642530,0,NONE,,,test
T00642531,0,NONE,,,test
T00642532,0,NONE,,,test
T00642533,0,NONE,,,test
T00642534,0,NONE,,,test
T00642535,0,NONE,,,test
T00642536,0,NONE,,,test
T00642537,0,NONE,,,test
T00642538,0,NONE,,,test
T00642539,0,NONE,,,test
T00642540,0,NONE,,,test
T00642541,0,NONE,,,test
T00642542,0,NONE,,,test
T00642543,0,NONE,,,test
T00642544,0,NONE,,,test
T00642545,0,NONE,,,test
T00642546,0,NONE,,,test
T00642547,0,NONE,,,test
T00642548,0,NONE,,,test
T00642549,0,NONE,,,test
T00642550,0,NONE,,,test
T00642551,0,NONE,,,test
T00642552,1,S2,S2-0038,victim_payment,test
T00642553,0,NONE,,,test
T00642554,0,NONE,,,test
T00642555,0,NONE,,,test
T00642556,0,NONE,,,test
T00642557,0,NONE,,,test
T00642558,0,NONE,,,test
T00642559,0,NONE,,,test
T00642560,0,NONE,,,test
T00642561,0,NONE,,,test
T00642562,0,NONE,,,test
T00642563,0,NONE,,,test
T00642564,0,NONE,,,test
T00642565,0,NONE,,,test
T00642566,0,NONE,,,test
T00642567,0,NONE,,,test
T00642568,0,NONE,,,test
T00642569,0,NONE,,,test
T00642570,0,NONE,,,test
T00642571,0,NONE,,,test
T00642572,0,NONE,,,test
T00642573,0,NONE,,,test
T00642574,0,NONE,,,test
T00642575,0,NONE,,,test
T00642576,0,NONE,,,test
T00642577,0,NONE,,,test
T00642578,0,NONE,,,test
T00642579,0,NONE,,,test
T00642580,0,NONE,,,test
T00642581,0,NONE,,,test
T00642582,0,NONE,,,test
T00642583,0,NONE,,,test
T00642584,0,NONE,,,test
T00642585,0,NONE,,,test
T00642586,0,NONE,,,test
T00642587,0,NONE,,,test
T00642588,0,NONE,,,test
T00642589,0,NONE,,,test
T00642590,0,NONE,,,test
T00642591,0,NONE,,,test
T00642592,0,NONE,,,test
T00642593,0,NONE,,,test
T00642594,0,NONE,,,test
T00642595,0,NONE,,,test
T00642596,0,NONE,,,test
T00642597,0,NONE,,,test
T00642598,0,NONE,,,test
T00642599,0,NONE,,,test
T00642600,0,NONE,,,test
T00642601,0,NONE,,,test
T00642602,0,NONE,,,test
T00642603,0,NONE,,,test
T00642604,0,NONE,,,test
T00642605,0,NONE,,,test
T00642606,0,NONE,,,test
T00642607,0,NONE,,,test
T00642608,0,NONE,,,test
T00642609,0,NONE,,,test
T00642610,0,NONE,,,test
T00642611,0,NONE,,,test
T00642612,0,NONE,,,test
T00642613,0,NONE,,,test
T00642614,0,NONE,,,test
T00642615,0,NONE,,,test
T00642616,0,NONE,,,test
T00642617,0,NONE,,,test
T00642618,0,NONE,,,test
T00642619,0,NONE,,,test
T00642620,0,NONE,,,test
T00642621,0,NONE,,,test
T00642622,0,NONE,,,test
T00642623,0,NONE,,,test
T00642624,0,NONE,,,test
T00642625,0,NONE,,,test
T00642626,0,NONE,,,test
T00642627,0,NONE,,,test
T00642628,0,NONE,,,test
T00642629,0,NONE,,,test
T00642630,0,NONE,,,test
T00642631,0,NONE,,,test
T00642632,0,NONE,,,test
T00642633,0,NONE,,,test
T00642634,0,NONE,,,test
T00642635,0,NONE,,,test
T00642636,0,NONE,,,test
T00642637,0,NONE,,,test
T00642638,0,NONE,,,test
T00642639,0,NONE,,,test
T00642640,0,NONE,,,test
T00642641,0,NONE,,,test
T00642642,0,NONE,,,test
T00642643,1,S3,S3-0059,mule_hop,test
T00642644,0,NONE,,,test
T00642645,0,NONE,,,test
T00642646,0,NONE,,,test
T00642647,0,NONE,,,test
T00642648,0,NONE,,,test
T00642649,0,NONE,,,test
T00642650,0,NONE,,,test
T00642651,0,NONE,,,test
T00642652,0,NONE,,,test
T00642653,0,NONE,,,test
T00642654,0,NONE,,,test
T00642655,0,NONE,,,test
T00642656,0,NONE,,,test
T00642657,0,NONE,,,test
T00642658,0,NONE,,,test
T00642659,0,NONE,,,test
T00642660,0,NONE,,,test
T00642661,0,NONE,,,test
T00642662,0,NONE,,,test
T00642663,0,NONE,,,test
T00642664,0,NONE,,,test
T00642665,0,NONE,,,test
T00642666,0,NONE,,,test
T00642667,0,NONE,,,test
T00642668,0,NONE,,,test
T00642669,0,NONE,,,test
T00642670,0,NONE,,,test
T00642671,0,NONE,,,test
T00642672,0,NONE,,,test
T00642673,0,NONE,,,test
T00642674,0,NONE,,,test
T00642675,0,NONE,,,test
T00642676,0,NONE,,,test
T00642677,0,NONE,,,test
T00642678,0,NONE,,,test
T00642679,0,NONE,,,test
T00642680,0,NONE,,,test
T00642681,0,NONE,,,test
T00642682,0,NONE,,,test
T00642683,0,NONE,,,test
T00642684,1,S1,S1-0184,mule_cashout,test
T00642685,0,NONE,,,test
T00642686,0,NONE,,,test
T00642687,0,NONE,,,test
T00642688,0,NONE,,,test
T00642689,0,NONE,,,test
T00642690,0,NONE,,,test
T00642691,0,NONE,,,test
T00642692,0,NONE,,,test
T00642693,0,NONE,,,test
T00642694,0,NONE,,,test
T00642695,0,NONE,,,test
T00642696,0,NONE,,,test
T00642697,0,NONE,,,test
T00642698,0,NONE,,,test
T00642699,0,NONE,,,test
T00642700,0,NONE,,,test
T00642701,0,NONE,,,test
T00642702,0,NONE,,,test
T00642703,0,NONE,,,test
T00642704,0,NONE,,,test
T00642705,0,NONE,,,test
T00642706,0,NONE,,,test
T00642707,0,NONE,,,test
T00642708,0,NONE,,,test
T00642709,0,NONE,,,test
T00642710,0,NONE,,,test
T00642711,0,NONE,,,test
T00642712,0,NONE,,,test
T00642713,0,NONE,,,test
T00642714,0,NONE,,,test
T00642715,0,NONE,,,test
T00642716,0,NONE,,,test
T00642717,0,NONE,,,test
T00642718,0,NONE,,,test
T00642719,0,NONE,,,test
T00642720,0,NONE,,,test
T00642721,0,NONE,,,test
T00642722,0,NONE,,,test
T00642723,0,NONE,,,test
T00642724,0,NONE,,,test
T00642725,0,NONE,,,test
T00642726,0,NONE,,,test
T00642727,0,NONE,,,test
T00642728,0,NONE,,,test
T00642729,0,NONE,,,test
T00642730,0,NONE,,,test
T00642731,0,NONE,,,test
T00642732,0,NONE,,,test
T00642733,0,NONE,,,test
T00642734,0,NONE,,,test
T00642735,1,S2,S2-0038,victim_payment,test
T00642736,0,NONE,,,test
T00642737,0,NONE,,,test
T00642738,0,NONE,,,test
T00642739,0,NONE,,,test
T00642740,0,NONE,,,test
T00642741,0,NONE,,,test
T00642742,0,NONE,,,test
T00642743,0,NONE,,,test
T00642744,0,NONE,,,test
T00642745,0,NONE,,,test
T00642746,0,NONE,,,test
T00642747,0,NONE,,,test
T00642748,0,NONE,,,test
T00642749,0,NONE,,,test
T00642750,0,NONE,,,test
T00642751,0,NONE,,,test
T00642752,0,NONE,,,test
T00642753,0,NONE,,,test
T00642754,1,S3,S3-0059,mule_hop,test
T00642755,0,NONE,,,test
T00642756,0,NONE,,,test
T00642757,0,NONE,,,test
T00642758,0,NONE,,,test
T00642759,0,NONE,,,test
T00642760,0,NONE,,,test
T00642761,0,NONE,,,test
T00642762,0,NONE,,,test
T00642763,0,NONE,,,test
T00642764,0,NONE,,,test
T00642765,0,NONE,,,test
T00642766,0,NONE,,,test
T00642767,0,NONE,,,test
T00642768,0,NONE,,,test
T00642769,0,NONE,,,test
T00642770,0,NONE,,,test
T00642771,0,NONE,,,test
T00642772,0,NONE,,,test
T00642773,0,NONE,,,test
T00642774,0,NONE,,,test
T00642775,0,NONE,,,test
T00642776,0,NONE,,,test
T00642777,0,NONE,,,test
T00642778,0,NONE,,,test
T00642779,0,NONE,,,test
T00642780,0,NONE,,,test
T00642781,0,NONE,,,test
T00642782,0,NONE,,,test
T00642783,0,NONE,,,test
T00642784,0,NONE,,,test
T00642785,0,NONE,,,test
T00642786,0,NONE,,,test
T00642787,0,NONE,,,test
T00642788,1,S2,S2-0038,victim_payment,test
T00642789,0,NONE,,,test
T00642790,0,NONE,,,test
T00642791,0,NONE,,,test
T00642792,0,NONE,,,test
T00642793,0,NONE,,,test
T00642794,0,NONE,,,test
T00642795,0,NONE,,,test
T00642796,0,NONE,,,test
T00642797,0,NONE,,,test
T00642798,0,NONE,,,test
T00642799,0,NONE,,,test
T00642800,0,NONE,,,test
T00642801,0,NONE,,,test
T00642802,0,NONE,,,test
T00642803,0,NONE,,,test
T00642804,0,NONE,,,test
T00642805,0,NONE,,,test
T00642806,0,NONE,,,test
T00642807,0,NONE,,,test
T00642808,0,NONE,,,test
T00642809,0,NONE,,,test
T00642810,0,NONE,,,test
T00642811,0,NONE,,,test
T00642812,0,NONE,,,test
T00642813,0,NONE,,,test
T00642814,0,NONE,,,test
T00642815,0,NONE,,,test
T00642816,0,NONE,,,test
T00642817,0,NONE,,,test
T00642818,0,NONE,,,test
T00642819,0,NONE,,,test
T00642820,0,NONE,,,test
T00642821,0,NONE,,,test
T00642822,0,NONE,,,test
T00642823,0,NONE,,,test
T00642824,0,NONE,,,test
T00642825,0,NONE,,,test
T00642826,0,NONE,,,test
T00642827,0,NONE,,,test
T00642828,0,NONE,,,test
T00642829,0,NONE,,,test
T00642830,0,NONE,,,test
T00642831,1,S3,S3-0059,mule_hop,test
T00642832,0,NONE,,,test
T00642833,0,NONE,,,test
T00642834,0,NONE,,,test
T00642835,0,NONE,,,test
T00642836,1,S3,S3-0059,mule_hop,test
T00642837,0,NONE,,,test
T00642838,0,NONE,,,test
T00642839,0,NONE,,,test
T00642840,0,NONE,,,test
T00642841,0,NONE,,,test
T00642842,0,NONE,,,test
T00642843,0,NONE,,,test
T00642844,0,NONE,,,test
T00642845,0,NONE,,,test
T00642846,0,NONE,,,test
T00642847,0,NONE,,,test
T00642848,0,NONE,,,test
T00642849,0,NONE,,,test
T00642850,0,NONE,,,test
T00642851,0,NONE,,,test
T00642852,0,NONE,,,test
T00642853,0,NONE,,,test
T00642854,0,NONE,,,test
T00642855,0,NONE,,,test
T00642856,0,NONE,,,test
T00642857,0,NONE,,,test
T00642858,0,NONE,,,test
T00642859,0,NONE,,,test
T00642860,0,NONE,,,test
T00642861,0,NONE,,,test
T00642862,0,NONE,,,test
T00642863,0,NONE,,,test
T00642864,0,NONE,,,test
T00642865,0,NONE,,,test
T00642866,0,NONE,,,test
T00642867,0,NONE,,,test
T00642868,0,NONE,,,test
T00642869,0,NONE,,,test
T00642870,0,NONE,,,test
T00642871,0,NONE,,,test
T00642872,0,NONE,,,test
T00642873,0,NONE,,,test
T00642874,0,NONE,,,test
T00642875,0,NONE,,,test
T00642876,0,NONE,,,test
T00642877,0,NONE,,,test
T00642878,0,NONE,,,test
T00642879,0,NONE,,,test
T00642880,0,NONE,,,test
T00642881,0,NONE,,,test
T00642882,0,NONE,,,test
T00642883,0,NONE,,,test
T00642884,0,NONE,,,test
T00642885,0,NONE,,,test
T00642886,0,NONE,,,test
T00642887,0,NONE,,,test
T00642888,0,NONE,,,test
T00642889,0,NONE,,,test
T00642890,0,NONE,,,test
T00642891,0,NONE,,,test
T00642892,0,NONE,,,test
T00642893,0,NONE,,,test
T00642894,0,NONE,,,test
T00642895,0,NONE,,,test
T00642896,0,NONE,,,test
T00642897,0,NONE,,,test
T00642898,0,NONE,,,test
T00642899,0,NONE,,,test
T00642900,0,NONE,,,test
T00642901,0,NONE,,,test
T00642902,0,NONE,,,test
T00642903,0,NONE,,,test
T00642904,0,NONE,,,test
T00642905,0,NONE,,,test
T00642906,0,NONE,,,test
T00642907,0,NONE,,,test
T00642908,0,NONE,,,test
T00642909,0,NONE,,,test
T00642910,0,NONE,,,test
T00642911,0,NONE,,,test
T00642912,0,NONE,,,test
T00642913,0,NONE,,,test
T00642914,0,NONE,,,test
T00642915,0,NONE,,,test
T00642916,0,NONE,,,test
T00642917,0,NONE,,,test
T00642918,0,NONE,,,test
T00642919,0,NONE,,,test
T00642920,0,NONE,,,test
T00642921,0,NONE,,,test
T00642922,0,NONE,,,test
T00642923,0,NONE,,,test
T00642924,0,NONE,,,test
T00642925,0,NONE,,,test
T00642926,0,NONE,,,test
T00642927,0,NONE,,,test
T00642928,0,NONE,,,test
T00642929,0,NONE,,,test
T00642930,0,NONE,,,test
T00642931,0,NONE,,,test
T00642932,0,NONE,,,test
T00642933,0,NONE,,,test
T00642934,0,NONE,,,test
T00642935,0,NONE,,,test
T00642936,0,NONE,,,test
T00642937,0,NONE,,,test
T00642938,0,NONE,,,test
T00642939,0,NONE,,,test
T00642940,0,NONE,,,test
T00642941,0,NONE,,,test
T00642942,0,NONE,,,test
T00642943,0,NONE,,,test
T00642944,0,NONE,,,test
T00642945,0,NONE,,,test
T00642946,0,NONE,,,test
T00642947,0,NONE,,,test
T00642948,0,NONE,,,test
T00642949,0,NONE,,,test
T00642950,0,NONE,,,test
T00642951,0,NONE,,,test
T00642952,0,NONE,,,test
T00642953,0,NONE,,,test
T00642954,0,NONE,,,test
T00642955,0,NONE,,,test
T00642956,0,NONE,,,test
T00642957,0,NONE,,,test
T00642958,0,NONE,,,test
T00642959,0,NONE,,,test
T00642960,0,NONE,,,test
T00642961,0,NONE,,,test
T00642962,0,NONE,,,test
T00642963,0,NONE,,,test
T00642964,0,NONE,,,test
T00642965,0,NONE,,,test
T00642966,0,NONE,,,test
T00642967,0,NONE,,,test
T00642968,0,NONE,,,test
T00642969,0,NONE,,,test
T00642970,0,NONE,,,test
T00642971,0,NONE,,,test
T00642972,0,NONE,,,test
T00642973,0,NONE,,,test
T00642974,0,NONE,,,test
T00642975,0,NONE,,,test
T00642976,0,NONE,,,test
T00642977,0,NONE,,,test
T00642978,0,NONE,,,test
T00642979,0,NONE,,,test
T00642980,0,NONE,,,test
T00642981,0,NONE,,,test
T00642982,0,NONE,,,test
T00642983,0,NONE,,,test
T00642984,0,NONE,,,test
T00642985,0,NONE,,,test
T00642986,0,NONE,,,test
T00642987,0,NONE,,,test
T00642988,0,NONE,,,test
T00642989,0,NONE,,,test
T00642990,0,NONE,,,test
T00642991,0,NONE,,,test
T00642992,0,NONE,,,test
T00642993,0,NONE,,,test
T00642994,0,NONE,,,test
T00642995,0,NONE,,,test
T00642996,0,NONE,,,test
T00642997,0,NONE,,,test
T00642998,0,NONE,,,test
T00642999,0,NONE,,,test
T00643000,0,NONE,,,test
T00643001,0,NONE,,,test
T00643002,0,NONE,,,test
T00643003,0,NONE,,,test
T00643004,0,NONE,,,test
T00643005,0,NONE,,,test
T00643006,0,NONE,,,test
T00643007,0,NONE,,,test
T00643008,0,NONE,,,test
T00643009,0,NONE,,,test
T00643010,1,S3,S3-0059,mule_cashout,test
T00643011,0,NONE,,,test
T00643012,0,NONE,,,test
T00643013,0,NONE,,,test
T00643014,0,NONE,,,test
T00643015,0,NONE,,,test
T00643016,0,NONE,,,test
T00643017,0,NONE,,,test
T00643018,0,NONE,,,test
T00643019,0,NONE,,,test
T00643020,0,NONE,,,test
T00643021,0,NONE,,,test
T00643022,0,NONE,,,test
T00643023,0,NONE,,,test
T00643024,0,NONE,,,test
T00643025,0,NONE,,,test
T00643026,0,NONE,,,test
T00643027,0,NONE,,,test
T00643028,0,NONE,,,test
T00643029,0,NONE,,,test
T00643030,0,NONE,,,test
T00643031,0,NONE,,,test
T00643032,0,NONE,,,test
T00643033,0,NONE,,,test
T00643034,0,NONE,,,test
T00643035,0,NONE,,,test
T00643036,0,NONE,,,test
T00643037,0,NONE,,,test
T00643038,0,NONE,,,test
T00643039,0,NONE,,,test
T00643040,0,NONE,,,test
T00643041,0,NONE,,,test
T00643042,0,NONE,,,test
T00643043,0,NONE,,,test
T00643044,0,NONE,,,test
T00643045,0,NONE,,,test
T00643046,0,NONE,,,test
T00643047,0,NONE,,,test
T00643048,0,NONE,,,test
T00643049,1,S2,S2-0039,victim_payment,test
T00643050,0,NONE,,,test
T00643051,0,NONE,,,test
T00643052,0,NONE,,,test
T00643053,0,NONE,,,test
T00643054,0,NONE,,,test
T00643055,0,NONE,,,test
T00643056,0,NONE,,,test
T00643057,0,NONE,,,test
T00643058,0,NONE,,,test
T00643059,0,NONE,,,test
T00643060,0,NONE,,,test
T00643061,0,NONE,,,test
T00643062,0,NONE,,,test
T00643063,0,NONE,,,test
T00643064,0,NONE,,,test
T00643065,0,NONE,,,test
T00643066,0,NONE,,,test
T00643067,0,NONE,,,test
T00643068,0,NONE,,,test
T00643069,0,NONE,,,test
T00643070,0,NONE,,,test
T00643071,0,NONE,,,test
T00643072,0,NONE,,,test
T00643073,0,NONE,,,test
T00643074,0,NONE,,,test
T00643075,0,NONE,,,test
T00643076,0,NONE,,,test
T00643077,0,NONE,,,test
T00643078,0,NONE,,,test
T00643079,0,NONE,,,test
T00643080,0,NONE,,,test
T00643081,0,NONE,,,test
T00643082,0,NONE,,,test
T00643083,0,NONE,,,test
T00643084,0,NONE,,,test
T00643085,0,NONE,,,test
T00643086,0,NONE,,,test
T00643087,0,NONE,,,test
T00643088,0,NONE,,,test
T00643089,0,NONE,,,test
T00643090,0,NONE,,,test
T00643091,0,NONE,,,test
T00643092,0,NONE,,,test
T00643093,0,NONE,,,test
T00643094,0,NONE,,,test
T00643095,0,NONE,,,test
T00643096,0,NONE,,,test
T00643097,0,NONE,,,test
T00643098,0,NONE,,,test
T00643099,0,NONE,,,test
T00643100,0,NONE,,,test
T00643101,0,NONE,,,test
T00643102,0,NONE,,,test
T00643103,0,NONE,,,test
T00643104,0,NONE,,,test
T00643105,0,NONE,,,test
T00643106,0,NONE,,,test
T00643107,0,NONE,,,test
T00643108,0,NONE,,,test
T00643109,0,NONE,,,test
T00643110,0,NONE,,,test
T00643111,0,NONE,,,test
T00643112,0,NONE,,,test
T00643113,0,NONE,,,test
T00643114,0,NONE,,,test
T00643115,0,NONE,,,test
T00643116,0,NONE,,,test
T00643117,0,NONE,,,test
T00643118,0,NONE,,,test
T00643119,0,NONE,,,test
T00643120,0,NONE,,,test
T00643121,0,NONE,,,test
T00643122,0,NONE,,,test
T00643123,0,NONE,,,test
T00643124,0,NONE,,,test
T00643125,0,NONE,,,test
T00643126,0,NONE,,,test
T00643127,0,NONE,,,test
T00643128,0,NONE,,,test
T00643129,0,NONE,,,test
T00643130,0,NONE,,,test
T00643131,0,NONE,,,test
T00643132,0,NONE,,,test
T00643133,0,NONE,,,test
T00643134,0,NONE,,,test
T00643135,0,NONE,,,test
T00643136,0,NONE,,,test
T00643137,0,NONE,,,test
T00643138,0,NONE,,,test
T00643139,0,NONE,,,test
T00643140,0,NONE,,,test
T00643141,0,NONE,,,test
T00643142,0,NONE,,,test
T00643143,0,NONE,,,test
T00643144,0,NONE,,,test
T00643145,0,NONE,,,test
T00643146,0,NONE,,,test
T00643147,0,NONE,,,test
T00643148,0,NONE,,,test
T00643149,0,NONE,,,test
T00643150,0,NONE,,,test
T00643151,0,NONE,,,test
T00643152,0,NONE,,,test
T00643153,0,NONE,,,test
T00643154,0,NONE,,,test
T00643155,0,NONE,,,test
T00643156,0,NONE,,,test
T00643157,0,NONE,,,test
T00643158,0,NONE,,,test
T00643159,0,NONE,,,test
T00643160,0,NONE,,,test
T00643161,0,NONE,,,test
T00643162,0,NONE,,,test
T00643163,0,NONE,,,test
T00643164,0,NONE,,,test
T00643165,0,NONE,,,test
T00643166,0,NONE,,,test
T00643167,0,NONE,,,test
T00643168,0,NONE,,,test
T00643169,0,NONE,,,test
T00643170,0,NONE,,,test
T00643171,0,NONE,,,test
T00643172,0,NONE,,,test
T00643173,0,NONE,,,test
T00643174,0,NONE,,,test
T00643175,0,NONE,,,test
T00643176,0,NONE,,,test
T00643177,0,NONE,,,test
T00643178,0,NONE,,,test
T00643179,0,NONE,,,test
T00643180,0,NONE,,,test
T00643181,0,NONE,,,test
T00643182,0,NONE,,,test
T00643183,0,NONE,,,test
T00643184,0,NONE,,,test
T00643185,0,NONE,,,test
T00643186,0,NONE,,,test
T00643187,0,NONE,,,test
T00643188,0,NONE,,,test
T00643189,0,NONE,,,test
T00643190,0,NONE,,,test
T00643191,0,NONE,,,test
T00643192,0,NONE,,,test
T00643193,0,NONE,,,test
T00643194,0,NONE,,,test
T00643195,0,NONE,,,test
T00643196,0,NONE,,,test
T00643197,0,NONE,,,test
T00643198,0,NONE,,,test
T00643199,0,NONE,,,test
T00643200,0,NONE,,,test
T00643201,0,NONE,,,test
T00643202,0,NONE,,,test
T00643203,0,NONE,,,test
T00643204,0,NONE,,,test
T00643205,0,NONE,,,test
T00643206,0,NONE,,,test
T00643207,0,NONE,,,test
T00643208,0,NONE,,,test
T00643209,0,NONE,,,test
T00643210,0,NONE,,,test
T00643211,0,NONE,,,test
T00643212,0,NONE,,,test
T00643213,0,NONE,,,test
T00643214,0,NONE,,,test
T00643215,0,NONE,,,test
T00643216,0,NONE,,,test
T00643217,0,NONE,,,test
T00643218,0,NONE,,,test
T00643219,0,NONE,,,test
T00643220,0,NONE,,,test
T00643221,0,NONE,,,test
T00643222,0,NONE,,,test
T00643223,0,NONE,,,test
T00643224,0,NONE,,,test
T00643225,0,NONE,,,test
T00643226,0,NONE,,,test
T00643227,0,NONE,,,test
T00643228,0,NONE,,,test
T00643229,0,NONE,,,test
T00643230,0,NONE,,,test
T00643231,0,NONE,,,test
T00643232,0,NONE,,,test
T00643233,0,NONE,,,test
T00643234,0,NONE,,,test
T00643235,0,NONE,,,test
T00643236,0,NONE,,,test
T00643237,0,NONE,,,test
T00643238,0,NONE,,,test
T00643239,0,NONE,,,test
T00643240,0,NONE,,,test
T00643241,0,NONE,,,test
T00643242,0,NONE,,,test
T00643243,0,NONE,,,test
T00643244,0,NONE,,,test
T00643245,0,NONE,,,test
T00643246,0,NONE,,,test
T00643247,0,NONE,,,test
T00643248,0,NONE,,,test
T00643249,0,NONE,,,test
T00643250,0,NONE,,,test
T00643251,0,NONE,,,test
T00643252,0,NONE,,,test
T00643253,0,NONE,,,test
T00643254,0,NONE,,,test
T00643255,0,NONE,,,test
T00643256,0,NONE,,,test
T00643257,0,NONE,,,test
T00643258,0,NONE,,,test
T00643259,0,NONE,,,test
T00643260,0,NONE,,,test
T00643261,0,NONE,,,test
T00643262,0,NONE,,,test
T00643263,0,NONE,,,test
T00643264,0,NONE,,,test
T00643265,0,NONE,,,test
T00643266,0,NONE,,,test
T00643267,0,NONE,,,test
T00643268,0,NONE,,,test
T00643269,0,NONE,,,test
T00643270,1,S1,S1-0185,mule_cashout,test
T00643271,0,NONE,,,test
T00643272,0,NONE,,,test
T00643273,0,NONE,,,test
T00643274,0,NONE,,,test
T00643275,0,NONE,,,test
T00643276,0,NONE,,,test
T00643277,0,NONE,,,test
T00643278,0,NONE,,,test
T00643279,0,NONE,,,test
T00643280,0,NONE,,,test
T00643281,0,NONE,,,test
T00643282,0,NONE,,,test
T00643283,0,NONE,,,test
T00643284,0,NONE,,,test
T00643285,0,NONE,,,test
T00643286,0,NONE,,,test
T00643287,0,NONE,,,test
T00643288,0,NONE,,,test
T00643289,0,NONE,,,test
T00643290,0,NONE,,,test
T00643291,0,NONE,,,test
T00643292,0,NONE,,,test
T00643293,0,NONE,,,test
T00643294,0,NONE,,,test
T00643295,0,NONE,,,test
T00643296,0,NONE,,,test
T00643297,0,NONE,,,test
T00643298,0,NONE,,,test
T00643299,0,NONE,,,test
T00643300,0,NONE,,,test
T00643301,0,NONE,,,test
T00643302,0,NONE,,,test
T00643303,0,NONE,,,test
T00643304,0,NONE,,,test
T00643305,0,NONE,,,test
T00643306,0,NONE,,,test
T00643307,0,NONE,,,test
T00643308,0,NONE,,,test
T00643309,0,NONE,,,test
T00643310,0,NONE,,,test
T00643311,0,NONE,,,test
T00643312,0,NONE,,,test
T00643313,0,NONE,,,test
T00643314,0,NONE,,,test
T00643315,0,NONE,,,test
T00643316,0,NONE,,,test
T00643317,0,NONE,,,test
T00643318,0,NONE,,,test
T00643319,0,NONE,,,test
T00643320,0,NONE,,,test
T00643321,0,NONE,,,test
T00643322,0,NONE,,,test
T00643323,0,NONE,,,test
T00643324,0,NONE,,,test
T00643325,0,NONE,,,test
T00643326,0,NONE,,,test
T00643327,0,NONE,,,test
T00643328,0,NONE,,,test
T00643329,0,NONE,,,test
T00643330,0,NONE,,,test
T00643331,0,NONE,,,test
T00643332,0,NONE,,,test
T00643333,0,NONE,,,test
T00643334,0,NONE,,,test
T00643335,0,NONE,,,test
T00643336,0,NONE,,,test
T00643337,0,NONE,,,test
T00643338,0,NONE,,,test
T00643339,0,NONE,,,test
T00643340,0,NONE,,,test
T00643341,0,NONE,,,test
T00643342,0,NONE,,,test
T00643343,0,NONE,,,test
T00643344,0,NONE,,,test
T00643345,0,NONE,,,test
T00643346,0,NONE,,,test
T00643347,0,NONE,,,test
T00643348,0,NONE,,,test
T00643349,0,NONE,,,test
T00643350,0,NONE,,,test
T00643351,0,NONE,,,test
T00643352,0,NONE,,,test
T00643353,0,NONE,,,test
T00643354,0,NONE,,,test
T00643355,0,NONE,,,test
T00643356,0,NONE,,,test
T00643357,0,NONE,,,test
T00643358,0,NONE,,,test
T00643359,0,NONE,,,test
T00643360,0,NONE,,,test
T00643361,0,NONE,,,test
T00643362,0,NONE,,,test
T00643363,0,NONE,,,test
T00643364,0,NONE,,,test
T00643365,0,NONE,,,test
T00643366,0,NONE,,,test
T00643367,0,NONE,,,test
T00643368,0,NONE,,,test
T00643369,0,NONE,,,test
T00643370,0,NONE,,,test
T00643371,0,NONE,,,test
T00643372,0,NONE,,,test
T00643373,0,NONE,,,test
T00643374,0,NONE,,,test
T00643375,0,NONE,,,test
T00643376,0,NONE,,,test
T00643377,0,NONE,,,test
T00643378,0,NONE,,,test
T00643379,0,NONE,,,test
T00643380,0,NONE,,,test
T00643381,0,NONE,,,test
T00643382,0,NONE,,,test
T00643383,0,NONE,,,test
T00643384,0,NONE,,,test
T00643385,0,NONE,,,test
T00643386,0,NONE,,,test
T00643387,0,NONE,,,test
T00643388,0,NONE,,,test
T00643389,0,NONE,,,test
T00643390,0,NONE,,,test
T00643391,0,NONE,,,test
T00643392,0,NONE,,,test
T00643393,0,NONE,,,test
T00643394,0,NONE,,,test
T00643395,0,NONE,,,test
T00643396,0,NONE,,,test
T00643397,0,NONE,,,test
T00643398,0,NONE,,,test
T00643399,0,NONE,,,test
T00643400,0,NONE,,,test
T00643401,0,NONE,,,test
T00643402,0,NONE,,,test
T00643403,0,NONE,,,test
T00643404,0,NONE,,,test
T00643405,0,NONE,,,test
T00643406,0,NONE,,,test
T00643407,0,NONE,,,test
T00643408,0,NONE,,,test
T00643409,0,NONE,,,test
T00643410,0,NONE,,,test
T00643411,0,NONE,,,test
T00643412,0,NONE,,,test
T00643413,0,NONE,,,test
T00643414,0,NONE,,,test
T00643415,0,NONE,,,test
T00643416,0,NONE,,,test
T00643417,0,NONE,,,test
T00643418,0,NONE,,,test
T00643419,0,NONE,,,test
T00643420,0,NONE,,,test
T00643421,0,NONE,,,test
T00643422,0,NONE,,,test
T00643423,0,NONE,,,test
T00643424,0,NONE,,,test
T00643425,0,NONE,,,test
T00643426,0,NONE,,,test
T00643427,0,NONE,,,test
T00643428,0,NONE,,,test
T00643429,0,NONE,,,test
T00643430,0,NONE,,,test
T00643431,1,S2,S2-0038,victim_payment,test
T00643432,0,NONE,,,test
T00643433,0,NONE,,,test
T00643434,0,NONE,,,test
T00643435,0,NONE,,,test
T00643436,0,NONE,,,test
T00643437,0,NONE,,,test
T00643438,0,NONE,,,test
T00643439,0,NONE,,,test
T00643440,0,NONE,,,test
T00643441,0,NONE,,,test
T00643442,0,NONE,,,test
T00643443,0,NONE,,,test
T00643444,0,NONE,,,test
T00643445,0,NONE,,,test
T00643446,0,NONE,,,test
T00643447,0,NONE,,,test
T00643448,0,NONE,,,test
T00643449,0,NONE,,,test
T00643450,0,NONE,,,test
T00643451,0,NONE,,,test
T00643452,0,NONE,,,test
T00643453,0,NONE,,,test
T00643454,0,NONE,,,test
T00643455,0,NONE,,,test
T00643456,0,NONE,,,test
T00643457,0,NONE,,,test
T00643458,0,NONE,,,test
T00643459,0,NONE,,,test
T00643460,0,NONE,,,test
T00643461,0,NONE,,,test
T00643462,0,NONE,,,test
T00643463,0,NONE,,,test
T00643464,0,NONE,,,test
T00643465,0,NONE,,,test
T00643466,0,NONE,,,test
T00643467,0,NONE,,,test
T00643468,0,NONE,,,test
T00643469,0,NONE,,,test
T00643470,0,NONE,,,test
T00643471,0,NONE,,,test
T00643472,0,NONE,,,test
T00643473,0,NONE,,,test
T00643474,0,NONE,,,test
T00643475,0,NONE,,,test
T00643476,0,NONE,,,test
T00643477,0,NONE,,,test
T00643478,0,NONE,,,test
T00643479,0,NONE,,,test
T00643480,1,S2,S2-0039,victim_payment,test
T00643481,0,NONE,,,test
T00643482,0,NONE,,,test
T00643483,0,NONE,,,test
T00643484,0,NONE,,,test
T00643485,0,NONE,,,test
T00643486,0,NONE,,,test
T00643487,0,NONE,,,test
T00643488,0,NONE,,,test
T00643489,0,NONE,,,test
T00643490,0,NONE,,,test
T00643491,0,NONE,,,test
T00643492,0,NONE,,,test
T00643493,0,NONE,,,test
T00643494,0,NONE,,,test
T00643495,0,NONE,,,test
T00643496,0,NONE,,,test
T00643497,0,NONE,,,test
T00643498,0,NONE,,,test
T00643499,0,NONE,,,test
T00643500,0,NONE,,,test
T00643501,0,NONE,,,test
T00643502,0,NONE,,,test
T00643503,0,NONE,,,test
T00643504,0,NONE,,,test
T00643505,0,NONE,,,test
T00643506,0,NONE,,,test
T00643507,0,NONE,,,test
T00643508,0,NONE,,,test
T00643509,0,NONE,,,test
T00643510,0,NONE,,,test
T00643511,0,NONE,,,test
T00643512,0,NONE,,,test
T00643513,0,NONE,,,test
T00643514,0,NONE,,,test
T00643515,0,NONE,,,test
T00643516,0,NONE,,,test
T00643517,0,NONE,,,test
T00643518,0,NONE,,,test
T00643519,0,NONE,,,test
T00643520,0,NONE,,,test
T00643521,0,NONE,,,test
T00643522,0,NONE,,,test
T00643523,0,NONE,,,test
T00643524,0,NONE,,,test
T00643525,0,NONE,,,test
T00643526,0,NONE,,,test
T00643527,0,NONE,,,test
T00643528,0,NONE,,,test
T00643529,0,NONE,,,test
T00643530,0,NONE,,,test
T00643531,0,NONE,,,test
T00643532,0,NONE,,,test
T00643533,0,NONE,,,test
T00643534,0,NONE,,,test
T00643535,0,NONE,,,test
T00643536,0,NONE,,,test
T00643537,0,NONE,,,test
T00643538,0,NONE,,,test
T00643539,0,NONE,,,test
T00643540,0,NONE,,,test
T00643541,0,NONE,,,test
T00643542,0,NONE,,,test
T00643543,0,NONE,,,test
T00643544,0,NONE,,,test
T00643545,0,NONE,,,test
T00643546,0,NONE,,,test
T00643547,0,NONE,,,test
T00643548,0,NONE,,,test
T00643549,0,NONE,,,test
T00643550,0,NONE,,,test
T00643551,0,NONE,,,test
T00643552,0,NONE,,,test
T00643553,1,S2,S2-0039,victim_payment,test
T00643554,0,NONE,,,test
T00643555,0,NONE,,,test
T00643556,0,NONE,,,test
T00643557,0,NONE,,,test
T00643558,0,NONE,,,test
T00643559,0,NONE,,,test
T00643560,0,NONE,,,test
T00643561,0,NONE,,,test
T00643562,0,NONE,,,test
T00643563,0,NONE,,,test
T00643564,0,NONE,,,test
T00643565,0,NONE,,,test
T00643566,0,NONE,,,test
T00643567,0,NONE,,,test
T00643568,0,NONE,,,test
T00643569,0,NONE,,,test
T00643570,0,NONE,,,test
T00643571,0,NONE,,,test
T00643572,0,NONE,,,test
T00643573,0,NONE,,,test
T00643574,0,NONE,,,test
T00643575,0,NONE,,,test
T00643576,0,NONE,,,test
T00643577,0,NONE,,,test
T00643578,0,NONE,,,test
T00643579,0,NONE,,,test
T00643580,0,NONE,,,test
T00643581,0,NONE,,,test
T00643582,0,NONE,,,test
T00643583,0,NONE,,,test
T00643584,0,NONE,,,test
T00643585,0,NONE,,,test
T00643586,0,NONE,,,test
T00643587,0,NONE,,,test
T00643588,0,NONE,,,test
T00643589,0,NONE,,,test
T00643590,0,NONE,,,test
T00643591,0,NONE,,,test
T00643592,0,NONE,,,test
T00643593,0,NONE,,,test
T00643594,0,NONE,,,test
T00643595,0,NONE,,,test
T00643596,0,NONE,,,test
T00643597,0,NONE,,,test
T00643598,0,NONE,,,test
T00643599,0,NONE,,,test
T00643600,0,NONE,,,test
T00643601,0,NONE,,,test
T00643602,0,NONE,,,test
T00643603,0,NONE,,,test
T00643604,0,NONE,,,test
T00643605,0,NONE,,,test
T00643606,0,NONE,,,test
T00643607,0,NONE,,,test
T00643608,0,NONE,,,test
T00643609,0,NONE,,,test
T00643610,0,NONE,,,test
T00643611,0,NONE,,,test
T00643612,0,NONE,,,test
T00643613,0,NONE,,,test
T00643614,0,NONE,,,test
T00643615,0,NONE,,,test
T00643616,0,NONE,,,test
T00643617,0,NONE,,,test
T00643618,0,NONE,,,test
T00643619,0,NONE,,,test
T00643620,0,NONE,,,test
T00643621,0,NONE,,,test
T00643622,0,NONE,,,test
T00643623,0,NONE,,,test
T00643624,0,NONE,,,test
T00643625,0,NONE,,,test
T00643626,0,NONE,,,test
T00643627,0,NONE,,,test
T00643628,0,NONE,,,test
T00643629,0,NONE,,,test
T00643630,0,NONE,,,test
T00643631,0,NONE,,,test
T00643632,0,NONE,,,test
T00643633,0,NONE,,,test
T00643634,0,NONE,,,test
T00643635,0,NONE,,,test
T00643636,0,NONE,,,test
T00643637,0,NONE,,,test
T00643638,0,NONE,,,test
T00643639,0,NONE,,,test
T00643640,0,NONE,,,test
T00643641,0,NONE,,,test
T00643642,0,NONE,,,test
T00643643,0,NONE,,,test
T00643644,0,NONE,,,test
T00643645,0,NONE,,,test
T00643646,0,NONE,,,test
T00643647,0,NONE,,,test
T00643648,0,NONE,,,test
T00643649,0,NONE,,,test
T00643650,0,NONE,,,test
T00643651,1,S5,S5-0035,buyer_payment,test
T00643652,0,NONE,,,test
T00643653,0,NONE,,,test
T00643654,0,NONE,,,test
T00643655,0,NONE,,,test
T00643656,0,NONE,,,test
T00643657,0,NONE,,,test
T00643658,0,NONE,,,test
T00643659,0,NONE,,,test
T00643660,0,NONE,,,test
T00643661,0,NONE,,,test
T00643662,0,NONE,,,test
T00643663,0,NONE,,,test
T00643664,0,NONE,,,test
T00643665,0,NONE,,,test
T00643666,0,NONE,,,test
T00643667,0,NONE,,,test
T00643668,0,NONE,,,test
T00643669,0,NONE,,,test
T00643670,0,NONE,,,test
T00643671,0,NONE,,,test
T00643672,0,NONE,,,test
T00643673,0,NONE,,,test
T00643674,0,NONE,,,test
T00643675,0,NONE,,,test
T00643676,0,NONE,,,test
T00643677,0,NONE,,,test
T00643678,0,NONE,,,test
T00643679,0,NONE,,,test
T00643680,0,NONE,,,test
T00643681,0,NONE,,,test
T00643682,0,NONE,,,test
T00643683,0,NONE,,,test
T00643684,0,NONE,,,test
T00643685,0,NONE,,,test
T00643686,0,NONE,,,test
T00643687,0,NONE,,,test
T00643688,0,NONE,,,test
T00643689,0,NONE,,,test
T00643690,0,NONE,,,test
T00643691,0,NONE,,,test
T00643692,0,NONE,,,test
T00643693,0,NONE,,,test
T00643694,0,NONE,,,test
T00643695,0,NONE,,,test
T00643696,0,NONE,,,test
T00643697,0,NONE,,,test
T00643698,0,NONE,,,test
T00643699,0,NONE,,,test
T00643700,0,NONE,,,test
T00643701,0,NONE,,,test
T00643702,0,NONE,,,test
T00643703,0,NONE,,,test
T00643704,0,NONE,,,test
T00643705,0,NONE,,,test
T00643706,0,NONE,,,test
T00643707,0,NONE,,,test
T00643708,0,NONE,,,test
T00643709,0,NONE,,,test
T00643710,0,NONE,,,test
T00643711,0,NONE,,,test
T00643712,0,NONE,,,test
T00643713,0,NONE,,,test
T00643714,0,NONE,,,test
T00643715,0,NONE,,,test
T00643716,0,NONE,,,test
T00643717,0,NONE,,,test
T00643718,0,NONE,,,test
T00643719,0,NONE,,,test
T00643720,0,NONE,,,test
T00643721,0,NONE,,,test
T00643722,0,NONE,,,test
T00643723,0,NONE,,,test
T00643724,0,NONE,,,test
T00643725,0,NONE,,,test
T00643726,0,NONE,,,test
T00643727,0,NONE,,,test
T00643728,0,NONE,,,test
T00643729,0,NONE,,,test
T00643730,0,NONE,,,test
T00643731,0,NONE,,,test
T00643732,0,NONE,,,test
T00643733,0,NONE,,,test
T00643734,0,NONE,,,test
T00643735,0,NONE,,,test
T00643736,0,NONE,,,test
T00643737,0,NONE,,,test
T00643738,0,NONE,,,test
T00643739,0,NONE,,,test
T00643740,0,NONE,,,test
T00643741,0,NONE,,,test
T00643742,0,NONE,,,test
T00643743,0,NONE,,,test
T00643744,0,NONE,,,test
T00643745,0,NONE,,,test
T00643746,0,NONE,,,test
T00643747,0,NONE,,,test
T00643748,0,NONE,,,test
T00643749,0,NONE,,,test
T00643750,0,NONE,,,test
T00643751,0,NONE,,,test
T00643752,0,NONE,,,test
T00643753,0,NONE,,,test
T00643754,0,NONE,,,test
T00643755,1,S7,S7-0158,coerced_send,test
T00643756,0,NONE,,,test
T00643757,0,NONE,,,test
T00643758,0,NONE,,,test
T00643759,0,NONE,,,test
T00643760,0,NONE,,,test
T00643761,0,NONE,,,test
T00643762,0,NONE,,,test
T00643763,0,NONE,,,test
T00643764,0,NONE,,,test
T00643765,0,NONE,,,test
T00643766,0,NONE,,,test
T00643767,0,NONE,,,test
T00643768,0,NONE,,,test
T00643769,0,NONE,,,test
T00643770,0,NONE,,,test
T00643771,0,NONE,,,test
T00643772,0,NONE,,,test
T00643773,0,NONE,,,test
T00643774,0,NONE,,,test
T00643775,0,NONE,,,test
T00643776,0,NONE,,,test
T00643777,0,NONE,,,test
T00643778,0,NONE,,,test
T00643779,0,NONE,,,test
T00643780,0,NONE,,,test
T00643781,0,NONE,,,test
T00643782,0,NONE,,,test
T00643783,0,NONE,,,test
T00643784,0,NONE,,,test
T00643785,0,NONE,,,test
T00643786,0,NONE,,,test
T00643787,0,NONE,,,test
T00643788,0,NONE,,,test
T00643789,0,NONE,,,test
T00643790,0,NONE,,,test
T00643791,0,NONE,,,test
T00643792,0,NONE,,,test
T00643793,0,NONE,,,test
T00643794,0,NONE,,,test
T00643795,0,NONE,,,test
T00643796,0,NONE,,,test
T00643797,0,NONE,,,test
T00643798,0,NONE,,,test
T00643799,0,NONE,,,test
T00643800,0,NONE,,,test
T00643801,0,NONE,,,test
T00643802,0,NONE,,,test
T00643803,0,NONE,,,test
T00643804,0,NONE,,,test
T00643805,0,NONE,,,test
T00643806,0,NONE,,,test
T00643807,0,NONE,,,test
T00643808,0,NONE,,,test
T00643809,0,NONE,,,test
T00643810,0,NONE,,,test
T00643811,0,NONE,,,test
T00643812,0,NONE,,,test
T00643813,0,NONE,,,test
T00643814,0,NONE,,,test
T00643815,0,NONE,,,test
T00643816,0,NONE,,,test
T00643817,0,NONE,,,test
T00643818,0,NONE,,,test
T00643819,0,NONE,,,test
T00643820,0,NONE,,,test
T00643821,0,NONE,,,test
T00643822,0,NONE,,,test
T00643823,0,NONE,,,test
T00643824,0,NONE,,,test
T00643825,0,NONE,,,test
T00643826,1,S7,S7-0158,recipient_cashout,test
T00643827,0,NONE,,,test
T00643828,0,NONE,,,test
T00643829,0,NONE,,,test
T00643830,0,NONE,,,test
T00643831,0,NONE,,,test
T00643832,0,NONE,,,test
T00643833,0,NONE,,,test
T00643834,0,NONE,,,test
T00643835,0,NONE,,,test
T00643836,0,NONE,,,test
T00643837,0,NONE,,,test
T00643838,1,S2,S2-0038,victim_payment,test
T00643839,0,NONE,,,test
T00643840,0,NONE,,,test
T00643841,0,NONE,,,test
T00643842,0,NONE,,,test
T00643843,0,NONE,,,test
T00643844,0,NONE,,,test
T00643845,0,NONE,,,test
T00643846,0,NONE,,,test
T00643847,0,NONE,,,test
T00643848,0,NONE,,,test
T00643849,0,NONE,,,test
T00643850,0,NONE,,,test
T00643851,0,NONE,,,test
T00643852,0,NONE,,,test
T00643853,0,NONE,,,test
T00643854,0,NONE,,,test
T00643855,0,NONE,,,test
T00643856,0,NONE,,,test
T00643857,0,NONE,,,test
T00643858,0,NONE,,,test
T00643859,0,NONE,,,test
T00643860,0,NONE,,,test
T00643861,0,NONE,,,test
T00643862,0,NONE,,,test
T00643863,0,NONE,,,test
T00643864,0,NONE,,,test
T00643865,0,NONE,,,test
T00643866,0,NONE,,,test
T00643867,0,NONE,,,test
T00643868,0,NONE,,,test
T00643869,0,NONE,,,test
T00643870,0,NONE,,,test
T00643871,0,NONE,,,test
T00643872,0,NONE,,,test
T00643873,0,NONE,,,test
T00643874,0,NONE,,,test
T00643875,0,NONE,,,test
T00643876,0,NONE,,,test
T00643877,0,NONE,,,test
T00643878,0,NONE,,,test
T00643879,0,NONE,,,test
T00643880,0,NONE,,,test
T00643881,0,NONE,,,test
T00643882,0,NONE,,,test
T00643883,0,NONE,,,test
T00643884,0,NONE,,,test
T00643885,0,NONE,,,test
T00643886,0,NONE,,,test
T00643887,0,NONE,,,test
T00643888,0,NONE,,,test
T00643889,0,NONE,,,test
T00643890,0,NONE,,,test
T00643891,0,NONE,,,test
T00643892,0,NONE,,,test
T00643893,0,NONE,,,test
T00643894,0,NONE,,,test
T00643895,0,NONE,,,test
T00643896,0,NONE,,,test
T00643897,0,NONE,,,test
T00643898,0,NONE,,,test
T00643899,1,S7,S7-0158,mule_hop,test
T00643900,0,NONE,,,test
T00643901,0,NONE,,,test
T00643902,0,NONE,,,test
T00643903,0,NONE,,,test
T00643904,0,NONE,,,test
T00643905,0,NONE,,,test
T00643906,0,NONE,,,test
T00643907,0,NONE,,,test
T00643908,0,NONE,,,test
T00643909,0,NONE,,,test
T00643910,0,NONE,,,test
T00643911,0,NONE,,,test
T00643912,0,NONE,,,test
T00643913,0,NONE,,,test
T00643914,0,NONE,,,test
T00643915,0,NONE,,,test
T00643916,0,NONE,,,test
T00643917,0,NONE,,,test
T00643918,0,NONE,,,test
T00643919,0,NONE,,,test
T00643920,0,NONE,,,test
T00643921,1,S7,S7-0159,coerced_send,test
T00643922,0,NONE,,,test
T00643923,0,NONE,,,test
T00643924,0,NONE,,,test
T00643925,0,NONE,,,test
T00643926,0,NONE,,,test
T00643927,0,NONE,,,test
T00643928,0,NONE,,,test
T00643929,0,NONE,,,test
T00643930,0,NONE,,,test
T00643931,0,NONE,,,test
T00643932,0,NONE,,,test
T00643933,0,NONE,,,test
T00643934,0,NONE,,,test
T00643935,0,NONE,,,test
T00643936,0,NONE,,,test
T00643937,0,NONE,,,test
T00643938,0,NONE,,,test
T00643939,0,NONE,,,test
T00643940,0,NONE,,,test
T00643941,0,NONE,,,test
T00643942,0,NONE,,,test
T00643943,0,NONE,,,test
T00643944,0,NONE,,,test
T00643945,0,NONE,,,test
T00643946,0,NONE,,,test
T00643947,0,NONE,,,test
T00643948,0,NONE,,,test
T00643949,0,NONE,,,test
T00643950,0,NONE,,,test
T00643951,0,NONE,,,test
T00643952,0,NONE,,,test
T00643953,0,NONE,,,test
T00643954,0,NONE,,,test
T00643955,0,NONE,,,test
T00643956,0,NONE,,,test
T00643957,0,NONE,,,test
T00643958,0,NONE,,,test
T00643959,0,NONE,,,test
T00643960,0,NONE,,,test
T00643961,0,NONE,,,test
T00643962,0,NONE,,,test
T00643963,0,NONE,,,test
T00643964,0,NONE,,,test
T00643965,0,NONE,,,test
T00643966,0,NONE,,,test
T00643967,0,NONE,,,test
T00643968,0,NONE,,,test
T00643969,0,NONE,,,test
T00643970,0,NONE,,,test
T00643971,0,NONE,,,test
T00643972,0,NONE,,,test
T00643973,0,NONE,,,test
T00643974,0,NONE,,,test
T00643975,0,NONE,,,test
T00643976,0,NONE,,,test
T00643977,0,NONE,,,test
T00643978,0,NONE,,,test
T00643979,0,NONE,,,test
T00643980,0,NONE,,,test
T00643981,0,NONE,,,test
T00643982,0,NONE,,,test
T00643983,0,NONE,,,test
T00643984,0,NONE,,,test
T00643985,0,NONE,,,test
T00643986,0,NONE,,,test
T00643987,0,NONE,,,test
T00643988,0,NONE,,,test
T00643989,0,NONE,,,test
T00643990,0,NONE,,,test
T00643991,0,NONE,,,test
T00643992,0,NONE,,,test
T00643993,0,NONE,,,test
T00643994,0,NONE,,,test
T00643995,0,NONE,,,test
T00643996,1,S2,S2-0038,victim_payment,test
T00643997,0,NONE,,,test
T00643998,0,NONE,,,test
T00643999,0,NONE,,,test
T00644000,0,NONE,,,test
T00644001,0,NONE,,,test
T00644002,0,NONE,,,test
T00644003,0,NONE,,,test
T00644004,0,NONE,,,test
T00644005,0,NONE,,,test
T00644006,0,NONE,,,test
T00644007,0,NONE,,,test
T00644008,0,NONE,,,test
T00644009,0,NONE,,,test
T00644010,0,NONE,,,test
T00644011,0,NONE,,,test
T00644012,0,NONE,,,test
T00644013,0,NONE,,,test
T00644014,0,NONE,,,test
T00644015,0,NONE,,,test
T00644016,0,NONE,,,test
T00644017,0,NONE,,,test
T00644018,0,NONE,,,test
T00644019,0,NONE,,,test
T00644020,0,NONE,,,test
T00644021,0,NONE,,,test
T00644022,0,NONE,,,test
T00644023,0,NONE,,,test
T00644024,0,NONE,,,test
T00644025,0,NONE,,,test
T00644026,0,NONE,,,test
T00644027,0,NONE,,,test
T00644028,0,NONE,,,test
T00644029,0,NONE,,,test
T00644030,0,NONE,,,test
T00644031,0,NONE,,,test
T00644032,0,NONE,,,test
T00644033,0,NONE,,,test
T00644034,0,NONE,,,test
T00644035,0,NONE,,,test
T00644036,0,NONE,,,test
T00644037,0,NONE,,,test
T00644038,0,NONE,,,test
T00644039,0,NONE,,,test
T00644040,0,NONE,,,test
T00644041,0,NONE,,,test
T00644042,0,NONE,,,test
T00644043,0,NONE,,,test
T00644044,0,NONE,,,test
T00644045,0,NONE,,,test
T00644046,0,NONE,,,test
T00644047,0,NONE,,,test
T00644048,0,NONE,,,test
T00644049,0,NONE,,,test
T00644050,0,NONE,,,test
T00644051,0,NONE,,,test
T00644052,0,NONE,,,test
T00644053,0,NONE,,,test
T00644054,0,NONE,,,test
T00644055,0,NONE,,,test
T00644056,0,NONE,,,test
T00644057,0,NONE,,,test
T00644058,0,NONE,,,test
T00644059,0,NONE,,,test
T00644060,0,NONE,,,test
T00644061,0,NONE,,,test
T00644062,0,NONE,,,test
T00644063,0,NONE,,,test
T00644064,0,NONE,,,test
T00644065,0,NONE,,,test
T00644066,0,NONE,,,test
T00644067,0,NONE,,,test
T00644068,0,NONE,,,test
T00644069,0,NONE,,,test
T00644070,0,NONE,,,test
T00644071,0,NONE,,,test
T00644072,0,NONE,,,test
T00644073,0,NONE,,,test
T00644074,0,NONE,,,test
T00644075,0,NONE,,,test
T00644076,0,NONE,,,test
T00644077,0,NONE,,,test
T00644078,0,NONE,,,test
T00644079,0,NONE,,,test
T00644080,0,NONE,,,test
T00644081,0,NONE,,,test
T00644082,0,NONE,,,test
T00644083,0,NONE,,,test
T00644084,0,NONE,,,test
T00644085,0,NONE,,,test
T00644086,0,NONE,,,test
T00644087,0,NONE,,,test
T00644088,0,NONE,,,test
T00644089,0,NONE,,,test
T00644090,0,NONE,,,test
T00644091,0,NONE,,,test
T00644092,0,NONE,,,test
T00644093,0,NONE,,,test
T00644094,0,NONE,,,test
T00644095,0,NONE,,,test
T00644096,0,NONE,,,test
T00644097,0,NONE,,,test
T00644098,0,NONE,,,test
T00644099,0,NONE,,,test
T00644100,0,NONE,,,test
T00644101,0,NONE,,,test
T00644102,0,NONE,,,test
T00644103,0,NONE,,,test
T00644104,0,NONE,,,test
T00644105,0,NONE,,,test
T00644106,0,NONE,,,test
T00644107,0,NONE,,,test
T00644108,0,NONE,,,test
T00644109,0,NONE,,,test
T00644110,0,NONE,,,test
T00644111,0,NONE,,,test
T00644112,0,NONE,,,test
T00644113,0,NONE,,,test
T00644114,0,NONE,,,test
T00644115,0,NONE,,,test
T00644116,0,NONE,,,test
T00644117,0,NONE,,,test
T00644118,0,NONE,,,test
T00644119,0,NONE,,,test
T00644120,0,NONE,,,test
T00644121,0,NONE,,,test
T00644122,0,NONE,,,test
T00644123,0,NONE,,,test
T00644124,0,NONE,,,test
T00644125,0,NONE,,,test
T00644126,0,NONE,,,test
T00644127,0,NONE,,,test
T00644128,0,NONE,,,test
T00644129,0,NONE,,,test
T00644130,0,NONE,,,test
T00644131,0,NONE,,,test
T00644132,0,NONE,,,test
T00644133,0,NONE,,,test
T00644134,0,NONE,,,test
T00644135,0,NONE,,,test
T00644136,0,NONE,,,test
T00644137,0,NONE,,,test
T00644138,0,NONE,,,test
T00644139,0,NONE,,,test
T00644140,0,NONE,,,test
T00644141,0,NONE,,,test
T00644142,0,NONE,,,test
T00644143,0,NONE,,,test
T00644144,0,NONE,,,test
T00644145,0,NONE,,,test
T00644146,0,NONE,,,test
T00644147,0,NONE,,,test
T00644148,0,NONE,,,test
T00644149,0,NONE,,,test
T00644150,0,NONE,,,test
T00644151,0,NONE,,,test
T00644152,0,NONE,,,test
T00644153,0,NONE,,,test
T00644154,0,NONE,,,test
T00644155,0,NONE,,,test
T00644156,1,S7,S7-0159,mule_hop,test
T00644157,0,NONE,,,test
T00644158,0,NONE,,,test
T00644159,0,NONE,,,test
T00644160,0,NONE,,,test
T00644161,1,S2,S2-0039,victim_payment,test
T00644162,0,NONE,,,test
T00644163,0,NONE,,,test
T00644164,0,NONE,,,test
T00644165,0,NONE,,,test
T00644166,0,NONE,,,test
T00644167,0,NONE,,,test
T00644168,0,NONE,,,test
T00644169,0,NONE,,,test
T00644170,0,NONE,,,test
T00644171,0,NONE,,,test
T00644172,0,NONE,,,test
T00644173,0,NONE,,,test
T00644174,0,NONE,,,test
T00644175,0,NONE,,,test
T00644176,0,NONE,,,test
T00644177,0,NONE,,,test
T00644178,0,NONE,,,test
T00644179,0,NONE,,,test
T00644180,0,NONE,,,test
T00644181,0,NONE,,,test
T00644182,0,NONE,,,test
T00644183,0,NONE,,,test
T00644184,0,NONE,,,test
T00644185,0,NONE,,,test
T00644186,0,NONE,,,test
T00644187,0,NONE,,,test
T00644188,0,NONE,,,test
T00644189,0,NONE,,,test
T00644190,0,NONE,,,test
T00644191,0,NONE,,,test
T00644192,0,NONE,,,test
T00644193,0,NONE,,,test
T00644194,0,NONE,,,test
T00644195,0,NONE,,,test
T00644196,0,NONE,,,test
T00644197,0,NONE,,,test
T00644198,0,NONE,,,test
T00644199,0,NONE,,,test
T00644200,0,NONE,,,test
T00644201,0,NONE,,,test
T00644202,0,NONE,,,test
T00644203,0,NONE,,,test
T00644204,0,NONE,,,test
T00644205,0,NONE,,,test
T00644206,0,NONE,,,test
T00644207,0,NONE,,,test
T00644208,0,NONE,,,test
T00644209,0,NONE,,,test
T00644210,0,NONE,,,test
T00644211,0,NONE,,,test
T00644212,0,NONE,,,test
T00644213,0,NONE,,,test
T00644214,0,NONE,,,test
T00644215,0,NONE,,,test
T00644216,0,NONE,,,test
T00644217,0,NONE,,,test
T00644218,0,NONE,,,test
T00644219,0,NONE,,,test
T00644220,0,NONE,,,test
T00644221,0,NONE,,,test
T00644222,0,NONE,,,test
T00644223,0,NONE,,,test
T00644224,0,NONE,,,test
T00644225,0,NONE,,,test
T00644226,0,NONE,,,test
T00644227,0,NONE,,,test
T00644228,0,NONE,,,test
T00644229,0,NONE,,,test
T00644230,0,NONE,,,test
T00644231,0,NONE,,,test
T00644232,0,NONE,,,test
T00644233,1,S2,S2-0039,victim_payment,test
T00644234,0,NONE,,,test
T00644235,0,NONE,,,test
T00644236,0,NONE,,,test
T00644237,0,NONE,,,test
T00644238,0,NONE,,,test
T00644239,0,NONE,,,test
T00644240,0,NONE,,,test
T00644241,0,NONE,,,test
T00644242,0,NONE,,,test
T00644243,0,NONE,,,test
T00644244,0,NONE,,,test
T00644245,0,NONE,,,test
T00644246,0,NONE,,,test
T00644247,0,NONE,,,test
T00644248,0,NONE,,,test
T00644249,0,NONE,,,test
T00644250,0,NONE,,,test
T00644251,0,NONE,,,test
T00644252,0,NONE,,,test
T00644253,0,NONE,,,test
T00644254,0,NONE,,,test
T00644255,0,NONE,,,test
T00644256,0,NONE,,,test
T00644257,0,NONE,,,test
T00644258,1,S7,S7-0158,mule_cashout,test
T00644259,0,NONE,,,test
T00644260,0,NONE,,,test
T00644261,0,NONE,,,test
T00644262,0,NONE,,,test
T00644263,0,NONE,,,test
T00644264,0,NONE,,,test
T00644265,0,NONE,,,test
T00644266,0,NONE,,,test
T00644267,0,NONE,,,test
T00644268,0,NONE,,,test
T00644269,0,NONE,,,test
T00644270,0,NONE,,,test
T00644271,0,NONE,,,test
T00644272,0,NONE,,,test
T00644273,0,NONE,,,test
T00644274,0,NONE,,,test
T00644275,0,NONE,,,test
T00644276,0,NONE,,,test
T00644277,0,NONE,,,test
T00644278,0,NONE,,,test
T00644279,0,NONE,,,test
T00644280,0,NONE,,,test
T00644281,0,NONE,,,test
T00644282,0,NONE,,,test
T00644283,0,NONE,,,test
T00644284,0,NONE,,,test
T00644285,0,NONE,,,test
T00644286,0,NONE,,,test
T00644287,0,NONE,,,test
T00644288,0,NONE,,,test
T00644289,0,NONE,,,test
T00644290,0,NONE,,,test
T00644291,0,NONE,,,test
T00644292,0,NONE,,,test
T00644293,0,NONE,,,test
T00644294,0,NONE,,,test
T00644295,0,NONE,,,test
T00644296,0,NONE,,,test
T00644297,0,NONE,,,test
T00644298,0,NONE,,,test
T00644299,0,NONE,,,test
T00644300,0,NONE,,,test
T00644301,0,NONE,,,test
T00644302,0,NONE,,,test
T00644303,0,NONE,,,test
T00644304,0,NONE,,,test
T00644305,0,NONE,,,test
T00644306,0,NONE,,,test
T00644307,0,NONE,,,test
T00644308,0,NONE,,,test
T00644309,1,S2,S2-0039,victim_payment,test
T00644310,0,NONE,,,test
T00644311,0,NONE,,,test
T00644312,0,NONE,,,test
T00644313,0,NONE,,,test
T00644314,0,NONE,,,test
T00644315,0,NONE,,,test
T00644316,0,NONE,,,test
T00644317,0,NONE,,,test
T00644318,0,NONE,,,test
T00644319,0,NONE,,,test
T00644320,0,NONE,,,test
T00644321,0,NONE,,,test
T00644322,0,NONE,,,test
T00644323,0,NONE,,,test
T00644324,0,NONE,,,test
T00644325,0,NONE,,,test
T00644326,0,NONE,,,test
T00644327,0,NONE,,,test
T00644328,0,NONE,,,test
T00644329,0,NONE,,,test
T00644330,0,NONE,,,test
T00644331,0,NONE,,,test
T00644332,0,NONE,,,test
T00644333,0,NONE,,,test
T00644334,0,NONE,,,test
T00644335,0,NONE,,,test
T00644336,0,NONE,,,test
T00644337,0,NONE,,,test
T00644338,0,NONE,,,test
T00644339,0,NONE,,,test
T00644340,0,NONE,,,test
T00644341,0,NONE,,,test
T00644342,0,NONE,,,test
T00644343,0,NONE,,,test
T00644344,0,NONE,,,test
T00644345,0,NONE,,,test
T00644346,0,NONE,,,test
T00644347,0,NONE,,,test
T00644348,0,NONE,,,test
T00644349,0,NONE,,,test
T00644350,0,NONE,,,test
T00644351,0,NONE,,,test
T00644352,0,NONE,,,test
T00644353,0,NONE,,,test
T00644354,0,NONE,,,test
T00644355,0,NONE,,,test
T00644356,0,NONE,,,test
T00644357,0,NONE,,,test
T00644358,0,NONE,,,test
T00644359,0,NONE,,,test
T00644360,0,NONE,,,test
T00644361,0,NONE,,,test
T00644362,0,NONE,,,test
T00644363,0,NONE,,,test
T00644364,0,NONE,,,test
T00644365,0,NONE,,,test
T00644366,0,NONE,,,test
T00644367,0,NONE,,,test
T00644368,0,NONE,,,test
T00644369,0,NONE,,,test
T00644370,0,NONE,,,test
T00644371,0,NONE,,,test
T00644372,0,NONE,,,test
T00644373,0,NONE,,,test
T00644374,0,NONE,,,test
T00644375,1,S2,S2-0039,victim_payment,test
T00644376,0,NONE,,,test
T00644377,0,NONE,,,test
T00644378,0,NONE,,,test
T00644379,0,NONE,,,test
T00644380,0,NONE,,,test
T00644381,0,NONE,,,test
T00644382,0,NONE,,,test
T00644383,0,NONE,,,test
T00644384,0,NONE,,,test
T00644385,0,NONE,,,test
T00644386,0,NONE,,,test
T00644387,0,NONE,,,test
T00644388,0,NONE,,,test
T00644389,0,NONE,,,test
T00644390,0,NONE,,,test
T00644391,0,NONE,,,test
T00644392,0,NONE,,,test
T00644393,0,NONE,,,test
T00644394,0,NONE,,,test
T00644395,0,NONE,,,test
T00644396,0,NONE,,,test
T00644397,0,NONE,,,test
T00644398,0,NONE,,,test
T00644399,0,NONE,,,test
T00644400,0,NONE,,,test
T00644401,0,NONE,,,test
T00644402,0,NONE,,,test
T00644403,0,NONE,,,test
T00644404,0,NONE,,,test
T00644405,0,NONE,,,test
T00644406,0,NONE,,,test
T00644407,0,NONE,,,test
T00644408,0,NONE,,,test
T00644409,0,NONE,,,test
T00644410,0,NONE,,,test
T00644411,0,NONE,,,test
T00644412,0,NONE,,,test
T00644413,0,NONE,,,test
T00644414,0,NONE,,,test
T00644415,0,NONE,,,test
T00644416,0,NONE,,,test
T00644417,0,NONE,,,test
T00644418,0,NONE,,,test
T00644419,0,NONE,,,test
T00644420,0,NONE,,,test
T00644421,0,NONE,,,test
T00644422,0,NONE,,,test
T00644423,0,NONE,,,test
T00644424,0,NONE,,,test
T00644425,0,NONE,,,test
T00644426,0,NONE,,,test
T00644427,0,NONE,,,test
T00644428,0,NONE,,,test
T00644429,0,NONE,,,test
T00644430,0,NONE,,,test
T00644431,0,NONE,,,test
T00644432,0,NONE,,,test
T00644433,0,NONE,,,test
T00644434,0,NONE,,,test
T00644435,0,NONE,,,test
T00644436,0,NONE,,,test
T00644437,0,NONE,,,test
T00644438,0,NONE,,,test
T00644439,0,NONE,,,test
T00644440,0,NONE,,,test
T00644441,0,NONE,,,test
T00644442,0,NONE,,,test
T00644443,0,NONE,,,test
T00644444,0,NONE,,,test
T00644445,0,NONE,,,test
T00644446,0,NONE,,,test
T00644447,0,NONE,,,test
T00644448,0,NONE,,,test
T00644449,0,NONE,,,test
T00644450,0,NONE,,,test
T00644451,0,NONE,,,test
T00644452,0,NONE,,,test
T00644453,0,NONE,,,test
T00644454,0,NONE,,,test
T00644455,0,NONE,,,test
T00644456,0,NONE,,,test
T00644457,0,NONE,,,test
T00644458,0,NONE,,,test
T00644459,0,NONE,,,test
T00644460,0,NONE,,,test
T00644461,0,NONE,,,test
T00644462,0,NONE,,,test
T00644463,0,NONE,,,test
T00644464,0,NONE,,,test
T00644465,0,NONE,,,test
T00644466,0,NONE,,,test
T00644467,0,NONE,,,test
T00644468,0,NONE,,,test
T00644469,0,NONE,,,test
T00644470,0,NONE,,,test
T00644471,0,NONE,,,test
T00644472,0,NONE,,,test
T00644473,0,NONE,,,test
T00644474,0,NONE,,,test
T00644475,0,NONE,,,test
T00644476,0,NONE,,,test
T00644477,0,NONE,,,test
T00644478,0,NONE,,,test
T00644479,0,NONE,,,test
T00644480,0,NONE,,,test
T00644481,0,NONE,,,test
T00644482,0,NONE,,,test
T00644483,0,NONE,,,test
T00644484,0,NONE,,,test
T00644485,0,NONE,,,test
T00644486,0,NONE,,,test
T00644487,0,NONE,,,test
T00644488,0,NONE,,,test
T00644489,0,NONE,,,test
T00644490,0,NONE,,,test
T00644491,0,NONE,,,test
T00644492,0,NONE,,,test
T00644493,0,NONE,,,test
T00644494,0,NONE,,,test
T00644495,0,NONE,,,test
T00644496,0,NONE,,,test
T00644497,0,NONE,,,test
T00644498,0,NONE,,,test
T00644499,0,NONE,,,test
T00644500,0,NONE,,,test
T00644501,0,NONE,,,test
T00644502,0,NONE,,,test
T00644503,0,NONE,,,test
T00644504,0,NONE,,,test
T00644505,0,NONE,,,test
T00644506,0,NONE,,,test
T00644507,0,NONE,,,test
T00644508,0,NONE,,,test
T00644509,0,NONE,,,test
T00644510,0,NONE,,,test
T00644511,0,NONE,,,test
T00644512,0,NONE,,,test
T00644513,0,NONE,,,test
T00644514,0,NONE,,,test
T00644515,0,NONE,,,test
T00644516,1,S2,S2-0038,collector_cashout,test
T00644517,0,NONE,,,test
T00644518,0,NONE,,,test
T00644519,0,NONE,,,test
T00644520,0,NONE,,,test
T00644521,0,NONE,,,test
T00644522,0,NONE,,,test
T00644523,0,NONE,,,test
T00644524,0,NONE,,,test
T00644525,0,NONE,,,test
T00644526,0,NONE,,,test
T00644527,0,NONE,,,test
T00644528,0,NONE,,,test
T00644529,0,NONE,,,test
T00644530,0,NONE,,,test
T00644531,0,NONE,,,test
T00644532,0,NONE,,,test
T00644533,0,NONE,,,test
T00644534,0,NONE,,,test
T00644535,0,NONE,,,test
T00644536,0,NONE,,,test
T00644537,0,NONE,,,test
T00644538,0,NONE,,,test
T00644539,0,NONE,,,test
T00644540,0,NONE,,,test
T00644541,0,NONE,,,test
T00644542,0,NONE,,,test
T00644543,0,NONE,,,test
T00644544,0,NONE,,,test
T00644545,0,NONE,,,test
T00644546,0,NONE,,,test
T00644547,0,NONE,,,test
T00644548,0,NONE,,,test
T00644549,0,NONE,,,test
T00644550,0,NONE,,,test
T00644551,0,NONE,,,test
T00644552,0,NONE,,,test
T00644553,0,NONE,,,test
T00644554,0,NONE,,,test
T00644555,0,NONE,,,test
T00644556,0,NONE,,,test
T00644557,0,NONE,,,test
T00644558,0,NONE,,,test
T00644559,0,NONE,,,test
T00644560,0,NONE,,,test
T00644561,0,NONE,,,test
T00644562,0,NONE,,,test
T00644563,0,NONE,,,test
T00644564,0,NONE,,,test
T00644565,0,NONE,,,test
T00644566,0,NONE,,,test
T00644567,0,NONE,,,test
T00644568,0,NONE,,,test
T00644569,0,NONE,,,test
T00644570,0,NONE,,,test
T00644571,0,NONE,,,test
T00644572,0,NONE,,,test
T00644573,0,NONE,,,test
T00644574,0,NONE,,,test
T00644575,0,NONE,,,test
T00644576,0,NONE,,,test
T00644577,0,NONE,,,test
T00644578,0,NONE,,,test
T00644579,0,NONE,,,test
T00644580,0,NONE,,,test
T00644581,0,NONE,,,test
T00644582,0,NONE,,,test
T00644583,0,NONE,,,test
T00644584,0,NONE,,,test
T00644585,0,NONE,,,test
T00644586,0,NONE,,,test
T00644587,0,NONE,,,test
T00644588,0,NONE,,,test
T00644589,0,NONE,,,test
T00644590,0,NONE,,,test
T00644591,0,NONE,,,test
T00644592,0,NONE,,,test
T00644593,0,NONE,,,test
T00644594,0,NONE,,,test
T00644595,0,NONE,,,test
T00644596,0,NONE,,,test
T00644597,0,NONE,,,test
T00644598,0,NONE,,,test
T00644599,0,NONE,,,test
T00644600,0,NONE,,,test
T00644601,0,NONE,,,test
T00644602,0,NONE,,,test
T00644603,0,NONE,,,test
T00644604,0,NONE,,,test
T00644605,0,NONE,,,test
T00644606,0,NONE,,,test
T00644607,0,NONE,,,test
T00644608,0,NONE,,,test
T00644609,1,S1,S1-0184,mule_cashout,test
T00644610,0,NONE,,,test
T00644611,0,NONE,,,test
T00644612,0,NONE,,,test
T00644613,0,NONE,,,test
T00644614,0,NONE,,,test
T00644615,0,NONE,,,test
T00644616,0,NONE,,,test
T00644617,0,NONE,,,test
T00644618,0,NONE,,,test
T00644619,0,NONE,,,test
T00644620,0,NONE,,,test
T00644621,0,NONE,,,test
T00644622,0,NONE,,,test
T00644623,0,NONE,,,test
T00644624,0,NONE,,,test
T00644625,0,NONE,,,test
T00644626,0,NONE,,,test
T00644627,0,NONE,,,test
T00644628,0,NONE,,,test
T00644629,0,NONE,,,test
T00644630,0,NONE,,,test
T00644631,0,NONE,,,test
T00644632,0,NONE,,,test
T00644633,0,NONE,,,test
T00644634,0,NONE,,,test
T00644635,0,NONE,,,test
T00644636,0,NONE,,,test
T00644637,0,NONE,,,test
T00644638,0,NONE,,,test
T00644639,0,NONE,,,test
T00644640,0,NONE,,,test
T00644641,0,NONE,,,test
T00644642,0,NONE,,,test
T00644643,0,NONE,,,test
T00644644,0,NONE,,,test
T00644645,0,NONE,,,test
T00644646,0,NONE,,,test
T00644647,0,NONE,,,test
T00644648,0,NONE,,,test
T00644649,0,NONE,,,test
T00644650,0,NONE,,,test
T00644651,0,NONE,,,test
T00644652,0,NONE,,,test
T00644653,0,NONE,,,test
T00644654,0,NONE,,,test
T00644655,0,NONE,,,test
T00644656,0,NONE,,,test
T00644657,0,NONE,,,test
T00644658,0,NONE,,,test
T00644659,0,NONE,,,test
T00644660,0,NONE,,,test
T00644661,0,NONE,,,test
T00644662,0,NONE,,,test
T00644663,0,NONE,,,test
T00644664,0,NONE,,,test
T00644665,0,NONE,,,test
T00644666,0,NONE,,,test
T00644667,0,NONE,,,test
T00644668,0,NONE,,,test
T00644669,0,NONE,,,test
T00644670,0,NONE,,,test
T00644671,0,NONE,,,test
T00644672,0,NONE,,,test
T00644673,0,NONE,,,test
T00644674,0,NONE,,,test
T00644675,0,NONE,,,test
T00644676,0,NONE,,,test
T00644677,0,NONE,,,test
T00644678,0,NONE,,,test
T00644679,0,NONE,,,test
T00644680,0,NONE,,,test
T00644681,0,NONE,,,test
T00644682,0,NONE,,,test
T00644683,0,NONE,,,test
T00644684,0,NONE,,,test
T00644685,0,NONE,,,test
T00644686,0,NONE,,,test
T00644687,0,NONE,,,test
T00644688,0,NONE,,,test
T00644689,0,NONE,,,test
T00644690,0,NONE,,,test
T00644691,0,NONE,,,test
T00644692,0,NONE,,,test
T00644693,0,NONE,,,test
T00644694,0,NONE,,,test
T00644695,0,NONE,,,test
T00644696,0,NONE,,,test
T00644697,0,NONE,,,test
T00644698,0,NONE,,,test
T00644699,0,NONE,,,test
T00644700,0,NONE,,,test
T00644701,0,NONE,,,test
T00644702,0,NONE,,,test
T00644703,0,NONE,,,test
T00644704,0,NONE,,,test
T00644705,0,NONE,,,test
T00644706,0,NONE,,,test
T00644707,0,NONE,,,test
T00644708,0,NONE,,,test
T00644709,0,NONE,,,test
T00644710,0,NONE,,,test
T00644711,0,NONE,,,test
T00644712,0,NONE,,,test
T00644713,0,NONE,,,test
T00644714,0,NONE,,,test
T00644715,0,NONE,,,test
T00644716,0,NONE,,,test
T00644717,0,NONE,,,test
T00644718,0,NONE,,,test
T00644719,0,NONE,,,test
T00644720,0,NONE,,,test
T00644721,0,NONE,,,test
T00644722,0,NONE,,,test
T00644723,0,NONE,,,test
T00644724,0,NONE,,,test
T00644725,0,NONE,,,test
T00644726,0,NONE,,,test
T00644727,0,NONE,,,test
T00644728,0,NONE,,,test
T00644729,0,NONE,,,test
T00644730,0,NONE,,,test
T00644731,0,NONE,,,test
T00644732,0,NONE,,,test
T00644733,0,NONE,,,test
T00644734,0,NONE,,,test
T00644735,0,NONE,,,test
T00644736,0,NONE,,,test
T00644737,0,NONE,,,test
T00644738,0,NONE,,,test
T00644739,0,NONE,,,test
T00644740,0,NONE,,,test
T00644741,0,NONE,,,test
T00644742,0,NONE,,,test
T00644743,0,NONE,,,test
T00644744,0,NONE,,,test
T00644745,0,NONE,,,test
T00644746,0,NONE,,,test
T00644747,0,NONE,,,test
T00644748,0,NONE,,,test
T00644749,0,NONE,,,test
T00644750,0,NONE,,,test
T00644751,0,NONE,,,test
T00644752,0,NONE,,,test
T00644753,0,NONE,,,test
T00644754,0,NONE,,,test
T00644755,0,NONE,,,test
T00644756,0,NONE,,,test
T00644757,0,NONE,,,test
T00644758,0,NONE,,,test
T00644759,0,NONE,,,test
T00644760,0,NONE,,,test
T00644761,0,NONE,,,test
T00644762,0,NONE,,,test
T00644763,0,NONE,,,test
T00644764,0,NONE,,,test
T00644765,0,NONE,,,test
T00644766,0,NONE,,,test
T00644767,0,NONE,,,test
T00644768,0,NONE,,,test
T00644769,0,NONE,,,test
T00644770,0,NONE,,,test
T00644771,0,NONE,,,test
T00644772,0,NONE,,,test
T00644773,0,NONE,,,test
T00644774,0,NONE,,,test
T00644775,0,NONE,,,test
T00644776,0,NONE,,,test
T00644777,0,NONE,,,test
T00644778,0,NONE,,,test
T00644779,0,NONE,,,test
T00644780,0,NONE,,,test
T00644781,0,NONE,,,test
T00644782,0,NONE,,,test
T00644783,0,NONE,,,test
T00644784,0,NONE,,,test
T00644785,0,NONE,,,test
T00644786,0,NONE,,,test
T00644787,0,NONE,,,test
T00644788,0,NONE,,,test
T00644789,0,NONE,,,test
T00644790,0,NONE,,,test
T00644791,0,NONE,,,test
T00644792,0,NONE,,,test
T00644793,0,NONE,,,test
T00644794,0,NONE,,,test
T00644795,0,NONE,,,test
T00644796,0,NONE,,,test
T00644797,0,NONE,,,test
T00644798,0,NONE,,,test
T00644799,0,NONE,,,test
T00644800,0,NONE,,,test
T00644801,0,NONE,,,test
T00644802,0,NONE,,,test
T00644803,0,NONE,,,test
T00644804,0,NONE,,,test
T00644805,0,NONE,,,test
T00644806,0,NONE,,,test
T00644807,0,NONE,,,test
T00644808,0,NONE,,,test
T00644809,0,NONE,,,test
T00644810,0,NONE,,,test
T00644811,0,NONE,,,test
T00644812,0,NONE,,,test
T00644813,0,NONE,,,test
T00644814,0,NONE,,,test
T00644815,0,NONE,,,test
T00644816,0,NONE,,,test
T00644817,0,NONE,,,test
T00644818,0,NONE,,,test
T00644819,0,NONE,,,test
T00644820,0,NONE,,,test
T00644821,0,NONE,,,test
T00644822,0,NONE,,,test
T00644823,0,NONE,,,test
T00644824,0,NONE,,,test
T00644825,0,NONE,,,test
T00644826,0,NONE,,,test
T00644827,0,NONE,,,test
T00644828,0,NONE,,,test
T00644829,0,NONE,,,test
T00644830,0,NONE,,,test
T00644831,0,NONE,,,test
T00644832,0,NONE,,,test
T00644833,0,NONE,,,test
T00644834,0,NONE,,,test
T00644835,0,NONE,,,test
T00644836,0,NONE,,,test
T00644837,0,NONE,,,test
T00644838,0,NONE,,,test
T00644839,0,NONE,,,test
T00644840,0,NONE,,,test
T00644841,0,NONE,,,test
T00644842,0,NONE,,,test
T00644843,0,NONE,,,test
T00644844,0,NONE,,,test
T00644845,0,NONE,,,test
T00644846,0,NONE,,,test
T00644847,0,NONE,,,test
T00644848,0,NONE,,,test
T00644849,0,NONE,,,test
T00644850,0,NONE,,,test
T00644851,0,NONE,,,test
T00644852,0,NONE,,,test
T00644853,0,NONE,,,test
T00644854,0,NONE,,,test
T00644855,0,NONE,,,test
T00644856,0,NONE,,,test
T00644857,0,NONE,,,test
T00644858,0,NONE,,,test
T00644859,0,NONE,,,test
T00644860,0,NONE,,,test
T00644861,0,NONE,,,test
T00644862,0,NONE,,,test
T00644863,0,NONE,,,test
T00644864,0,NONE,,,test
T00644865,0,NONE,,,test
T00644866,0,NONE,,,test
T00644867,0,NONE,,,test
T00644868,0,NONE,,,test
T00644869,0,NONE,,,test
T00644870,0,NONE,,,test
T00644871,0,NONE,,,test
T00644872,0,NONE,,,test
T00644873,0,NONE,,,test
T00644874,0,NONE,,,test
T00644875,0,NONE,,,test
T00644876,0,NONE,,,test
T00644877,0,NONE,,,test
T00644878,0,NONE,,,test
T00644879,0,NONE,,,test
T00644880,0,NONE,,,test
T00644881,0,NONE,,,test
T00644882,0,NONE,,,test
T00644883,0,NONE,,,test
T00644884,0,NONE,,,test
T00644885,0,NONE,,,test
T00644886,0,NONE,,,test
T00644887,0,NONE,,,test
T00644888,0,NONE,,,test
T00644889,0,NONE,,,test
T00644890,0,NONE,,,test
T00644891,0,NONE,,,test
T00644892,0,NONE,,,test
T00644893,0,NONE,,,test
T00644894,0,NONE,,,test
T00644895,0,NONE,,,test
T00644896,0,NONE,,,test
T00644897,0,NONE,,,test
T00644898,0,NONE,,,test
T00644899,0,NONE,,,test
T00644900,0,NONE,,,test
T00644901,0,NONE,,,test
T00644902,0,NONE,,,test
T00644903,0,NONE,,,test
T00644904,1,S3,S3-0058,mule_cashout,test
T00644905,0,NONE,,,test
T00644906,0,NONE,,,test
T00644907,0,NONE,,,test
T00644908,0,NONE,,,test
T00644909,0,NONE,,,test
T00644910,0,NONE,,,test
T00644911,0,NONE,,,test
T00644912,0,NONE,,,test
T00644913,0,NONE,,,test
T00644914,0,NONE,,,test
T00644915,0,NONE,,,test
T00644916,0,NONE,,,test
T00644917,0,NONE,,,test
T00644918,0,NONE,,,test
T00644919,0,NONE,,,test
T00644920,0,NONE,,,test
T00644921,0,NONE,,,test
T00644922,0,NONE,,,test
T00644923,0,NONE,,,test
T00644924,0,NONE,,,test
T00644925,0,NONE,,,test
T00644926,0,NONE,,,test
T00644927,0,NONE,,,test
T00644928,0,NONE,,,test
T00644929,0,NONE,,,test
T00644930,0,NONE,,,test
T00644931,0,NONE,,,test
T00644932,0,NONE,,,test
T00644933,0,NONE,,,test
T00644934,0,NONE,,,test
T00644935,0,NONE,,,test
T00644936,0,NONE,,,test
T00644937,0,NONE,,,test
T00644938,0,NONE,,,test
T00644939,0,NONE,,,test
T00644940,0,NONE,,,test
T00644941,0,NONE,,,test
T00644942,0,NONE,,,test
T00644943,0,NONE,,,test
T00644944,0,NONE,,,test
T00644945,0,NONE,,,test
T00644946,0,NONE,,,test
T00644947,0,NONE,,,test
T00644948,0,NONE,,,test
T00644949,0,NONE,,,test
T00644950,0,NONE,,,test
T00644951,0,NONE,,,test
T00644952,0,NONE,,,test
T00644953,0,NONE,,,test
T00644954,0,NONE,,,test
T00644955,0,NONE,,,test
T00644956,0,NONE,,,test
T00644957,0,NONE,,,test
T00644958,0,NONE,,,test
T00644959,0,NONE,,,test
T00644960,0,NONE,,,test
T00644961,0,NONE,,,test
T00644962,0,NONE,,,test
T00644963,0,NONE,,,test
T00644964,0,NONE,,,test
T00644965,0,NONE,,,test
T00644966,0,NONE,,,test
T00644967,0,NONE,,,test
T00644968,0,NONE,,,test
T00644969,0,NONE,,,test
T00644970,0,NONE,,,test
T00644971,0,NONE,,,test
T00644972,0,NONE,,,test
T00644973,0,NONE,,,test
T00644974,0,NONE,,,test
T00644975,0,NONE,,,test
T00644976,0,NONE,,,test
T00644977,0,NONE,,,test
T00644978,0,NONE,,,test
T00644979,0,NONE,,,test
T00644980,0,NONE,,,test
T00644981,0,NONE,,,test
T00644982,0,NONE,,,test
T00644983,0,NONE,,,test
T00644984,0,NONE,,,test
T00644985,0,NONE,,,test
T00644986,0,NONE,,,test
T00644987,0,NONE,,,test
T00644988,0,NONE,,,test
T00644989,0,NONE,,,test
T00644990,0,NONE,,,test
T00644991,0,NONE,,,test
T00644992,0,NONE,,,test
T00644993,0,NONE,,,test
T00644994,0,NONE,,,test
T00644995,0,NONE,,,test
T00644996,0,NONE,,,test
T00644997,0,NONE,,,test
T00644998,0,NONE,,,test
T00644999,0,NONE,,,test
T00645000,0,NONE,,,test
T00645001,0,NONE,,,test
T00645002,0,NONE,,,test
T00645003,0,NONE,,,test
T00645004,0,NONE,,,test
T00645005,0,NONE,,,test
T00645006,0,NONE,,,test
T00645007,0,NONE,,,test
T00645008,0,NONE,,,test
T00645009,0,NONE,,,test
T00645010,0,NONE,,,test
T00645011,0,NONE,,,test
T00645012,0,NONE,,,test
T00645013,0,NONE,,,test
T00645014,0,NONE,,,test
T00645015,0,NONE,,,test
T00645016,0,NONE,,,test
T00645017,0,NONE,,,test
T00645018,0,NONE,,,test
T00645019,0,NONE,,,test
T00645020,0,NONE,,,test
T00645021,0,NONE,,,test
T00645022,0,NONE,,,test
T00645023,0,NONE,,,test
T00645024,0,NONE,,,test
T00645025,0,NONE,,,test
T00645026,0,NONE,,,test
T00645027,0,NONE,,,test
T00645028,0,NONE,,,test
T00645029,0,NONE,,,test
T00645030,0,NONE,,,test
T00645031,0,NONE,,,test
T00645032,0,NONE,,,test
T00645033,0,NONE,,,test
T00645034,0,NONE,,,test
T00645035,0,NONE,,,test
T00645036,0,NONE,,,test
T00645037,0,NONE,,,test
T00645038,0,NONE,,,test
T00645039,0,NONE,,,test
T00645040,0,NONE,,,test
T00645041,0,NONE,,,test
T00645042,0,NONE,,,test
T00645043,0,NONE,,,test
T00645044,0,NONE,,,test
T00645045,0,NONE,,,test
T00645046,0,NONE,,,test
T00645047,0,NONE,,,test
T00645048,0,NONE,,,test
T00645049,0,NONE,,,test
T00645050,0,NONE,,,test
T00645051,0,NONE,,,test
T00645052,0,NONE,,,test
T00645053,0,NONE,,,test
T00645054,0,NONE,,,test
T00645055,0,NONE,,,test
T00645056,0,NONE,,,test
T00645057,0,NONE,,,test
T00645058,0,NONE,,,test
T00645059,0,NONE,,,test
T00645060,0,NONE,,,test
T00645061,0,NONE,,,test
T00645062,0,NONE,,,test
T00645063,0,NONE,,,test
T00645064,0,NONE,,,test
T00645065,0,NONE,,,test
T00645066,0,NONE,,,test
T00645067,0,NONE,,,test
T00645068,0,NONE,,,test
T00645069,0,NONE,,,test
T00645070,0,NONE,,,test
T00645071,0,NONE,,,test
T00645072,0,NONE,,,test
T00645073,0,NONE,,,test
T00645074,0,NONE,,,test
T00645075,0,NONE,,,test
T00645076,0,NONE,,,test
T00645077,0,NONE,,,test
T00645078,0,NONE,,,test
T00645079,0,NONE,,,test
T00645080,0,NONE,,,test
T00645081,0,NONE,,,test
T00645082,0,NONE,,,test
T00645083,0,NONE,,,test
T00645084,0,NONE,,,test
T00645085,0,NONE,,,test
T00645086,0,NONE,,,test
T00645087,0,NONE,,,test
T00645088,0,NONE,,,test
T00645089,0,NONE,,,test
T00645090,0,NONE,,,test
T00645091,0,NONE,,,test
T00645092,0,NONE,,,test
T00645093,0,NONE,,,test
T00645094,0,NONE,,,test
T00645095,0,NONE,,,test
T00645096,0,NONE,,,test
T00645097,0,NONE,,,test
T00645098,0,NONE,,,test
T00645099,0,NONE,,,test
T00645100,0,NONE,,,test
T00645101,0,NONE,,,test
T00645102,0,NONE,,,test
T00645103,0,NONE,,,test
T00645104,0,NONE,,,test
T00645105,0,NONE,,,test
T00645106,0,NONE,,,test
T00645107,0,NONE,,,test
T00645108,0,NONE,,,test
T00645109,0,NONE,,,test
T00645110,0,NONE,,,test
T00645111,0,NONE,,,test
T00645112,0,NONE,,,test
T00645113,0,NONE,,,test
T00645114,0,NONE,,,test
T00645115,0,NONE,,,test
T00645116,0,NONE,,,test
T00645117,0,NONE,,,test
T00645118,0,NONE,,,test
T00645119,0,NONE,,,test
T00645120,0,NONE,,,test
T00645121,0,NONE,,,test
T00645122,0,NONE,,,test
T00645123,0,NONE,,,test
T00645124,0,NONE,,,test
T00645125,0,NONE,,,test
T00645126,0,NONE,,,test
T00645127,0,NONE,,,test
T00645128,0,NONE,,,test
T00645129,0,NONE,,,test
T00645130,0,NONE,,,test
T00645131,0,NONE,,,test
T00645132,0,NONE,,,test
T00645133,0,NONE,,,test
T00645134,0,NONE,,,test
T00645135,0,NONE,,,test
T00645136,0,NONE,,,test
T00645137,0,NONE,,,test
T00645138,0,NONE,,,test
T00645139,1,S7,S7-0159,mule_cashout,test
T00645140,0,NONE,,,test
T00645141,0,NONE,,,test
T00645142,0,NONE,,,test
T00645143,0,NONE,,,test
T00645144,0,NONE,,,test
T00645145,0,NONE,,,test
T00645146,0,NONE,,,test
T00645147,0,NONE,,,test
T00645148,0,NONE,,,test
T00645149,0,NONE,,,test
T00645150,0,NONE,,,test
T00645151,0,NONE,,,test
T00645152,0,NONE,,,test
T00645153,0,NONE,,,test
T00645154,0,NONE,,,test
T00645155,0,NONE,,,test
T00645156,0,NONE,,,test
T00645157,0,NONE,,,test
T00645158,0,NONE,,,test
T00645159,0,NONE,,,test
T00645160,0,NONE,,,test
T00645161,0,NONE,,,test
T00645162,0,NONE,,,test
T00645163,0,NONE,,,test
T00645164,0,NONE,,,test
T00645165,0,NONE,,,test
T00645166,0,NONE,,,test
T00645167,0,NONE,,,test
T00645168,0,NONE,,,test
T00645169,0,NONE,,,test
T00645170,0,NONE,,,test
T00645171,0,NONE,,,test
T00645172,0,NONE,,,test
T00645173,0,NONE,,,test
T00645174,0,NONE,,,test
T00645175,0,NONE,,,test
T00645176,0,NONE,,,test
T00645177,0,NONE,,,test
T00645178,0,NONE,,,test
T00645179,0,NONE,,,test
T00645180,0,NONE,,,test
T00645181,0,NONE,,,test
T00645182,0,NONE,,,test
T00645183,0,NONE,,,test
T00645184,0,NONE,,,test
T00645185,0,NONE,,,test
T00645186,0,NONE,,,test
T00645187,0,NONE,,,test
T00645188,0,NONE,,,test
T00645189,0,NONE,,,test
T00645190,0,NONE,,,test
T00645191,0,NONE,,,test
T00645192,0,NONE,,,test
T00645193,0,NONE,,,test
T00645194,0,NONE,,,test
T00645195,0,NONE,,,test
T00645196,0,NONE,,,test
T00645197,0,NONE,,,test
T00645198,0,NONE,,,test
T00645199,0,NONE,,,test
T00645200,0,NONE,,,test
T00645201,0,NONE,,,test
T00645202,0,NONE,,,test
T00645203,0,NONE,,,test
T00645204,0,NONE,,,test
T00645205,0,NONE,,,test
T00645206,0,NONE,,,test
T00645207,0,NONE,,,test
T00645208,0,NONE,,,test
T00645209,0,NONE,,,test
T00645210,0,NONE,,,test
T00645211,0,NONE,,,test
T00645212,0,NONE,,,test
T00645213,0,NONE,,,test
T00645214,0,NONE,,,test
T00645215,0,NONE,,,test
T00645216,0,NONE,,,test
T00645217,0,NONE,,,test
T00645218,0,NONE,,,test
T00645219,0,NONE,,,test
T00645220,0,NONE,,,test
T00645221,0,NONE,,,test
T00645222,0,NONE,,,test
T00645223,0,NONE,,,test
T00645224,0,NONE,,,test
T00645225,0,NONE,,,test
T00645226,0,NONE,,,test
T00645227,0,NONE,,,test
T00645228,0,NONE,,,test
T00645229,0,NONE,,,test
T00645230,0,NONE,,,test
T00645231,0,NONE,,,test
T00645232,0,NONE,,,test
T00645233,0,NONE,,,test
T00645234,0,NONE,,,test
T00645235,0,NONE,,,test
T00645236,0,NONE,,,test
T00645237,0,NONE,,,test
T00645238,0,NONE,,,test
T00645239,0,NONE,,,test
T00645240,0,NONE,,,test
T00645241,0,NONE,,,test
T00645242,0,NONE,,,test
T00645243,0,NONE,,,test
T00645244,0,NONE,,,test
T00645245,0,NONE,,,test
T00645246,0,NONE,,,test
T00645247,0,NONE,,,test
T00645248,0,NONE,,,test
T00645249,0,NONE,,,test
T00645250,1,S1,S1-0182,mule_cashout,test
T00645251,0,NONE,,,test
T00645252,0,NONE,,,test
T00645253,0,NONE,,,test
T00645254,0,NONE,,,test
T00645255,0,NONE,,,test
T00645256,0,NONE,,,test
T00645257,0,NONE,,,test
T00645258,0,NONE,,,test
T00645259,0,NONE,,,test
T00645260,0,NONE,,,test
T00645261,0,NONE,,,test
T00645262,0,NONE,,,test
T00645263,0,NONE,,,test
T00645264,0,NONE,,,test
T00645265,0,NONE,,,test
T00645266,0,NONE,,,test
T00645267,0,NONE,,,test
T00645268,0,NONE,,,test
T00645269,0,NONE,,,test
T00645270,0,NONE,,,test
T00645271,0,NONE,,,test
T00645272,0,NONE,,,test
T00645273,0,NONE,,,test
T00645274,0,NONE,,,test
T00645275,0,NONE,,,test
T00645276,0,NONE,,,test
T00645277,0,NONE,,,test
T00645278,0,NONE,,,test
T00645279,0,NONE,,,test
T00645280,0,NONE,,,test
T00645281,0,NONE,,,test
T00645282,0,NONE,,,test
T00645283,0,NONE,,,test
T00645284,0,NONE,,,test
T00645285,0,NONE,,,test
T00645286,0,NONE,,,test
T00645287,0,NONE,,,test
T00645288,0,NONE,,,test
T00645289,0,NONE,,,test
T00645290,0,NONE,,,test
T00645291,0,NONE,,,test
T00645292,0,NONE,,,test
T00645293,0,NONE,,,test
T00645294,0,NONE,,,test
T00645295,0,NONE,,,test
T00645296,0,NONE,,,test
T00645297,0,NONE,,,test
T00645298,0,NONE,,,test
T00645299,0,NONE,,,test
T00645300,0,NONE,,,test
T00645301,0,NONE,,,test
T00645302,0,NONE,,,test
T00645303,0,NONE,,,test
T00645304,0,NONE,,,test
T00645305,1,S5,S5-0035,buyer_payment,test
T00645306,0,NONE,,,test
T00645307,0,NONE,,,test
T00645308,0,NONE,,,test
T00645309,0,NONE,,,test
T00645310,0,NONE,,,test
T00645311,0,NONE,,,test
T00645312,0,NONE,,,test
T00645313,0,NONE,,,test
T00645314,0,NONE,,,test
T00645315,0,NONE,,,test
T00645316,0,NONE,,,test
T00645317,0,NONE,,,test
T00645318,0,NONE,,,test
T00645319,0,NONE,,,test
T00645320,0,NONE,,,test
T00645321,0,NONE,,,test
T00645322,0,NONE,,,test
T00645323,0,NONE,,,test
T00645324,0,NONE,,,test
T00645325,0,NONE,,,test
T00645326,0,NONE,,,test
T00645327,0,NONE,,,test
T00645328,0,NONE,,,test
T00645329,0,NONE,,,test
T00645330,0,NONE,,,test
T00645331,0,NONE,,,test
T00645332,0,NONE,,,test
T00645333,0,NONE,,,test
T00645334,0,NONE,,,test
T00645335,0,NONE,,,test
T00645336,0,NONE,,,test
T00645337,0,NONE,,,test
T00645338,0,NONE,,,test
T00645339,0,NONE,,,test
T00645340,0,NONE,,,test
T00645341,0,NONE,,,test
T00645342,0,NONE,,,test
T00645343,0,NONE,,,test
T00645344,0,NONE,,,test
T00645345,0,NONE,,,test
T00645346,0,NONE,,,test
T00645347,0,NONE,,,test
T00645348,0,NONE,,,test
T00645349,0,NONE,,,test
T00645350,0,NONE,,,test
T00645351,0,NONE,,,test
T00645352,0,NONE,,,test
T00645353,0,NONE,,,test
T00645354,0,NONE,,,test
T00645355,0,NONE,,,test
T00645356,0,NONE,,,test
T00645357,0,NONE,,,test
T00645358,0,NONE,,,test
T00645359,0,NONE,,,test
T00645360,0,NONE,,,test
T00645361,0,NONE,,,test
T00645362,0,NONE,,,test
T00645363,0,NONE,,,test
T00645364,0,NONE,,,test
T00645365,0,NONE,,,test
T00645366,0,NONE,,,test
T00645367,0,NONE,,,test
T00645368,0,NONE,,,test
T00645369,0,NONE,,,test
T00645370,0,NONE,,,test
T00645371,0,NONE,,,test
T00645372,0,NONE,,,test
T00645373,0,NONE,,,test
T00645374,0,NONE,,,test
T00645375,0,NONE,,,test
T00645376,0,NONE,,,test
T00645377,0,NONE,,,test
T00645378,0,NONE,,,test
T00645379,0,NONE,,,test
T00645380,0,NONE,,,test
T00645381,0,NONE,,,test
T00645382,0,NONE,,,test
T00645383,0,NONE,,,test
T00645384,0,NONE,,,test
T00645385,0,NONE,,,test
T00645386,0,NONE,,,test
T00645387,0,NONE,,,test
T00645388,0,NONE,,,test
T00645389,0,NONE,,,test
T00645390,0,NONE,,,test
T00645391,0,NONE,,,test
T00645392,0,NONE,,,test
T00645393,0,NONE,,,test
T00645394,0,NONE,,,test
T00645395,0,NONE,,,test
T00645396,0,NONE,,,test
T00645397,0,NONE,,,test
T00645398,0,NONE,,,test
T00645399,0,NONE,,,test
T00645400,0,NONE,,,test
T00645401,0,NONE,,,test
T00645402,0,NONE,,,test
T00645403,0,NONE,,,test
T00645404,0,NONE,,,test
T00645405,0,NONE,,,test
T00645406,0,NONE,,,test
T00645407,0,NONE,,,test
T00645408,0,NONE,,,test
T00645409,0,NONE,,,test
T00645410,0,NONE,,,test
T00645411,0,NONE,,,test
T00645412,0,NONE,,,test
T00645413,0,NONE,,,test
T00645414,0,NONE,,,test
T00645415,0,NONE,,,test
T00645416,0,NONE,,,test
T00645417,0,NONE,,,test
T00645418,0,NONE,,,test
T00645419,0,NONE,,,test
T00645420,0,NONE,,,test
T00645421,0,NONE,,,test
T00645422,0,NONE,,,test
T00645423,0,NONE,,,test
T00645424,0,NONE,,,test
T00645425,0,NONE,,,test
T00645426,0,NONE,,,test
T00645427,0,NONE,,,test
T00645428,0,NONE,,,test
T00645429,0,NONE,,,test
T00645430,0,NONE,,,test
T00645431,0,NONE,,,test
T00645432,0,NONE,,,test
T00645433,0,NONE,,,test
T00645434,0,NONE,,,test
T00645435,0,NONE,,,test
T00645436,0,NONE,,,test
T00645437,0,NONE,,,test
T00645438,0,NONE,,,test
T00645439,0,NONE,,,test
T00645440,0,NONE,,,test
T00645441,0,NONE,,,test
T00645442,0,NONE,,,test
T00645443,0,NONE,,,test
T00645444,0,NONE,,,test
T00645445,0,NONE,,,test
T00645446,0,NONE,,,test
T00645447,0,NONE,,,test
T00645448,0,NONE,,,test
T00645449,0,NONE,,,test
T00645450,0,NONE,,,test
T00645451,0,NONE,,,test
T00645452,0,NONE,,,test
T00645453,0,NONE,,,test
T00645454,0,NONE,,,test
T00645455,0,NONE,,,test
T00645456,0,NONE,,,test
T00645457,0,NONE,,,test
T00645458,0,NONE,,,test
T00645459,0,NONE,,,test
T00645460,0,NONE,,,test
T00645461,0,NONE,,,test
T00645462,0,NONE,,,test
T00645463,0,NONE,,,test
T00645464,0,NONE,,,test
T00645465,0,NONE,,,test
T00645466,0,NONE,,,test
T00645467,0,NONE,,,test
T00645468,0,NONE,,,test
T00645469,0,NONE,,,test
T00645470,0,NONE,,,test
T00645471,0,NONE,,,test
T00645472,0,NONE,,,test
T00645473,0,NONE,,,test
T00645474,0,NONE,,,test
T00645475,0,NONE,,,test
T00645476,0,NONE,,,test
T00645477,0,NONE,,,test
T00645478,0,NONE,,,test
T00645479,0,NONE,,,test
T00645480,0,NONE,,,test
T00645481,0,NONE,,,test
T00645482,0,NONE,,,test
T00645483,0,NONE,,,test
T00645484,0,NONE,,,test
T00645485,0,NONE,,,test
T00645486,0,NONE,,,test
T00645487,0,NONE,,,test
T00645488,0,NONE,,,test
T00645489,0,NONE,,,test
T00645490,0,NONE,,,test
T00645491,0,NONE,,,test
T00645492,0,NONE,,,test
T00645493,0,NONE,,,test
T00645494,0,NONE,,,test
T00645495,0,NONE,,,test
T00645496,0,NONE,,,test
T00645497,0,NONE,,,test
T00645498,0,NONE,,,test
T00645499,0,NONE,,,test
T00645500,0,NONE,,,test
T00645501,0,NONE,,,test
T00645502,0,NONE,,,test
T00645503,0,NONE,,,test
T00645504,0,NONE,,,test
T00645505,0,NONE,,,test
T00645506,0,NONE,,,test
T00645507,0,NONE,,,test
T00645508,0,NONE,,,test
T00645509,0,NONE,,,test
T00645510,0,NONE,,,test
T00645511,0,NONE,,,test
T00645512,0,NONE,,,test
T00645513,0,NONE,,,test
T00645514,0,NONE,,,test
T00645515,0,NONE,,,test
T00645516,0,NONE,,,test
T00645517,0,NONE,,,test
T00645518,0,NONE,,,test
T00645519,0,NONE,,,test
T00645520,0,NONE,,,test
T00645521,0,NONE,,,test
T00645522,0,NONE,,,test
T00645523,0,NONE,,,test
T00645524,0,NONE,,,test
T00645525,0,NONE,,,test
T00645526,0,NONE,,,test
T00645527,0,NONE,,,test
T00645528,0,NONE,,,test
T00645529,0,NONE,,,test
T00645530,0,NONE,,,test
T00645531,0,NONE,,,test
T00645532,0,NONE,,,test
T00645533,0,NONE,,,test
T00645534,0,NONE,,,test
T00645535,0,NONE,,,test
T00645536,0,NONE,,,test
T00645537,0,NONE,,,test
T00645538,0,NONE,,,test
T00645539,0,NONE,,,test
T00645540,0,NONE,,,test
T00645541,0,NONE,,,test
T00645542,0,NONE,,,test
T00645543,0,NONE,,,test
T00645544,0,NONE,,,test
T00645545,0,NONE,,,test
T00645546,0,NONE,,,test
T00645547,0,NONE,,,test
T00645548,0,NONE,,,test
T00645549,0,NONE,,,test
T00645550,0,NONE,,,test
T00645551,0,NONE,,,test
T00645552,0,NONE,,,test
T00645553,0,NONE,,,test
T00645554,0,NONE,,,test
T00645555,0,NONE,,,test
T00645556,0,NONE,,,test
T00645557,0,NONE,,,test
T00645558,0,NONE,,,test
T00645559,0,NONE,,,test
T00645560,0,NONE,,,test
T00645561,0,NONE,,,test
T00645562,0,NONE,,,test
T00645563,0,NONE,,,test
T00645564,0,NONE,,,test
T00645565,0,NONE,,,test
T00645566,0,NONE,,,test
T00645567,0,NONE,,,test
T00645568,0,NONE,,,test
T00645569,0,NONE,,,test
T00645570,0,NONE,,,test
T00645571,0,NONE,,,test
T00645572,0,NONE,,,test
T00645573,0,NONE,,,test
T00645574,0,NONE,,,test
T00645575,0,NONE,,,test
T00645576,0,NONE,,,test
T00645577,0,NONE,,,test
T00645578,0,NONE,,,test
T00645579,0,NONE,,,test
T00645580,0,NONE,,,test
T00645581,0,NONE,,,test
T00645582,0,NONE,,,test
T00645583,0,NONE,,,test
T00645584,0,NONE,,,test
T00645585,0,NONE,,,test
T00645586,0,NONE,,,test
T00645587,0,NONE,,,test
T00645588,0,NONE,,,test
T00645589,0,NONE,,,test
T00645590,0,NONE,,,test
T00645591,0,NONE,,,test
T00645592,0,NONE,,,test
T00645593,0,NONE,,,test
T00645594,0,NONE,,,test
T00645595,0,NONE,,,test
T00645596,0,NONE,,,test
T00645597,0,NONE,,,test
T00645598,0,NONE,,,test
T00645599,0,NONE,,,test
T00645600,0,NONE,,,test
T00645601,0,NONE,,,test
T00645602,0,NONE,,,test
T00645603,0,NONE,,,test
T00645604,0,NONE,,,test
T00645605,0,NONE,,,test
T00645606,0,NONE,,,test
T00645607,0,NONE,,,test
T00645608,0,NONE,,,test
T00645609,0,NONE,,,test
T00645610,0,NONE,,,test
T00645611,0,NONE,,,test
T00645612,0,NONE,,,test
T00645613,0,NONE,,,test
T00645614,0,NONE,,,test
T00645615,1,S2,S2-0039,collector_cashout,test
T00645616,0,NONE,,,test
T00645617,0,NONE,,,test
T00645618,0,NONE,,,test
T00645619,0,NONE,,,test
T00645620,0,NONE,,,test
T00645621,0,NONE,,,test
T00645622,0,NONE,,,test
T00645623,0,NONE,,,test
T00645624,0,NONE,,,test
T00645625,0,NONE,,,test
T00645626,0,NONE,,,test
T00645627,0,NONE,,,test
T00645628,0,NONE,,,test
T00645629,0,NONE,,,test
T00645630,0,NONE,,,test
T00645631,0,NONE,,,test
T00645632,0,NONE,,,test
T00645633,0,NONE,,,test
T00645634,0,NONE,,,test
T00645635,0,NONE,,,test
T00645636,0,NONE,,,test
T00645637,0,NONE,,,test
T00645638,0,NONE,,,test
T00645639,0,NONE,,,test
T00645640,0,NONE,,,test
T00645641,0,NONE,,,test
T00645642,0,NONE,,,test
T00645643,0,NONE,,,test
T00645644,0,NONE,,,test
T00645645,0,NONE,,,test
T00645646,0,NONE,,,test
T00645647,0,NONE,,,test
T00645648,0,NONE,,,test
T00645649,0,NONE,,,test
T00645650,0,NONE,,,test
T00645651,0,NONE,,,test
T00645652,0,NONE,,,test
T00645653,0,NONE,,,test
T00645654,0,NONE,,,test
T00645655,0,NONE,,,test
T00645656,0,NONE,,,test
T00645657,0,NONE,,,test
T00645658,0,NONE,,,test
T00645659,0,NONE,,,test
T00645660,0,NONE,,,test
T00645661,0,NONE,,,test
T00645662,0,NONE,,,test
T00645663,0,NONE,,,test
T00645664,0,NONE,,,test
T00645665,0,NONE,,,test
T00645666,0,NONE,,,test
T00645667,0,NONE,,,test
T00645668,0,NONE,,,test
T00645669,0,NONE,,,test
T00645670,0,NONE,,,test
T00645671,0,NONE,,,test
T00645672,0,NONE,,,test
T00645673,0,NONE,,,test
T00645674,0,NONE,,,test
T00645675,0,NONE,,,test
T00645676,0,NONE,,,test
T00645677,0,NONE,,,test
T00645678,0,NONE,,,test
T00645679,0,NONE,,,test
T00645680,0,NONE,,,test
T00645681,0,NONE,,,test
T00645682,0,NONE,,,test
T00645683,0,NONE,,,test
T00645684,0,NONE,,,test
T00645685,0,NONE,,,test
T00645686,0,NONE,,,test
T00645687,0,NONE,,,test
T00645688,0,NONE,,,test
T00645689,0,NONE,,,test
T00645690,0,NONE,,,test
T00645691,0,NONE,,,test
T00645692,0,NONE,,,test
T00645693,0,NONE,,,test
T00645694,0,NONE,,,test
T00645695,0,NONE,,,test
T00645696,0,NONE,,,test
T00645697,0,NONE,,,test
T00645698,0,NONE,,,test
T00645699,0,NONE,,,test
T00645700,0,NONE,,,test
T00645701,0,NONE,,,test
T00645702,0,NONE,,,test
T00645703,0,NONE,,,test
T00645704,0,NONE,,,test
T00645705,0,NONE,,,test
T00645706,0,NONE,,,test
T00645707,0,NONE,,,test
T00645708,0,NONE,,,test
T00645709,0,NONE,,,test
T00645710,0,NONE,,,test
T00645711,0,NONE,,,test
T00645712,0,NONE,,,test
T00645713,0,NONE,,,test
T00645714,0,NONE,,,test
T00645715,0,NONE,,,test
T00645716,0,NONE,,,test
T00645717,0,NONE,,,test
T00645718,0,NONE,,,test
T00645719,0,NONE,,,test
T00645720,0,NONE,,,test
T00645721,0,NONE,,,test
T00645722,0,NONE,,,test
T00645723,0,NONE,,,test
T00645724,0,NONE,,,test
T00645725,0,NONE,,,test
T00645726,0,NONE,,,test
T00645727,0,NONE,,,test
T00645728,0,NONE,,,test
T00645729,0,NONE,,,test
T00645730,0,NONE,,,test
T00645731,0,NONE,,,test
T00645732,0,NONE,,,test
T00645733,0,NONE,,,test
T00645734,0,NONE,,,test
T00645735,0,NONE,,,test
T00645736,0,NONE,,,test
T00645737,0,NONE,,,test
T00645738,0,NONE,,,test
T00645739,0,NONE,,,test
T00645740,0,NONE,,,test
T00645741,0,NONE,,,test
T00645742,0,NONE,,,test
T00645743,0,NONE,,,test
T00645744,0,NONE,,,test
T00645745,0,NONE,,,test
T00645746,0,NONE,,,test
T00645747,0,NONE,,,test
T00645748,0,NONE,,,test
T00645749,0,NONE,,,test
T00645750,0,NONE,,,test
T00645751,0,NONE,,,test
T00645752,0,NONE,,,test
T00645753,0,NONE,,,test
T00645754,0,NONE,,,test
T00645755,0,NONE,,,test
T00645756,0,NONE,,,test
T00645757,0,NONE,,,test
T00645758,0,NONE,,,test
T00645759,0,NONE,,,test
T00645760,0,NONE,,,test
T00645761,1,S2,S2-0039,victim_payment,test
T00645762,0,NONE,,,test
T00645763,0,NONE,,,test
T00645764,0,NONE,,,test
T00645765,0,NONE,,,test
T00645766,0,NONE,,,test
T00645767,0,NONE,,,test
T00645768,0,NONE,,,test
T00645769,0,NONE,,,test
T00645770,0,NONE,,,test
T00645771,0,NONE,,,test
T00645772,0,NONE,,,test
T00645773,0,NONE,,,test
T00645774,0,NONE,,,test
T00645775,0,NONE,,,test
T00645776,0,NONE,,,test
T00645777,0,NONE,,,test
T00645778,0,NONE,,,test
T00645779,0,NONE,,,test
T00645780,0,NONE,,,test
T00645781,0,NONE,,,test
T00645782,0,NONE,,,test
T00645783,0,NONE,,,test
T00645784,0,NONE,,,test
T00645785,0,NONE,,,test
T00645786,0,NONE,,,test
T00645787,0,NONE,,,test
T00645788,0,NONE,,,test
T00645789,0,NONE,,,test
T00645790,0,NONE,,,test
T00645791,0,NONE,,,test
T00645792,0,NONE,,,test
T00645793,0,NONE,,,test
T00645794,0,NONE,,,test
T00645795,0,NONE,,,test
T00645796,0,NONE,,,test
T00645797,0,NONE,,,test
T00645798,0,NONE,,,test
T00645799,0,NONE,,,test
T00645800,0,NONE,,,test
T00645801,0,NONE,,,test
T00645802,0,NONE,,,test
T00645803,0,NONE,,,test
T00645804,0,NONE,,,test
T00645805,0,NONE,,,test
T00645806,0,NONE,,,test
T00645807,0,NONE,,,test
T00645808,0,NONE,,,test
T00645809,0,NONE,,,test
T00645810,0,NONE,,,test
T00645811,0,NONE,,,test
T00645812,0,NONE,,,test
T00645813,0,NONE,,,test
T00645814,0,NONE,,,test
T00645815,0,NONE,,,test
T00645816,0,NONE,,,test
T00645817,0,NONE,,,test
T00645818,0,NONE,,,test
T00645819,0,NONE,,,test
T00645820,0,NONE,,,test
T00645821,0,NONE,,,test
T00645822,0,NONE,,,test
T00645823,0,NONE,,,test
T00645824,0,NONE,,,test
T00645825,0,NONE,,,test
T00645826,0,NONE,,,test
T00645827,0,NONE,,,test
T00645828,0,NONE,,,test
T00645829,0,NONE,,,test
T00645830,0,NONE,,,test
T00645831,0,NONE,,,test
T00645832,0,NONE,,,test
T00645833,0,NONE,,,test
T00645834,0,NONE,,,test
T00645835,0,NONE,,,test
T00645836,0,NONE,,,test
T00645837,0,NONE,,,test
T00645838,0,NONE,,,test
T00645839,0,NONE,,,test
T00645840,0,NONE,,,test
T00645841,0,NONE,,,test
T00645842,0,NONE,,,test
T00645843,0,NONE,,,test
T00645844,0,NONE,,,test
T00645845,0,NONE,,,test
T00645846,0,NONE,,,test
T00645847,0,NONE,,,test
T00645848,0,NONE,,,test
T00645849,0,NONE,,,test
T00645850,0,NONE,,,test
T00645851,0,NONE,,,test
T00645852,0,NONE,,,test
T00645853,0,NONE,,,test
T00645854,0,NONE,,,test
T00645855,0,NONE,,,test
T00645856,0,NONE,,,test
T00645857,0,NONE,,,test
T00645858,0,NONE,,,test
T00645859,0,NONE,,,test
T00645860,0,NONE,,,test
T00645861,0,NONE,,,test
T00645862,0,NONE,,,test
T00645863,0,NONE,,,test
T00645864,0,NONE,,,test
T00645865,0,NONE,,,test
T00645866,0,NONE,,,test
T00645867,0,NONE,,,test
T00645868,0,NONE,,,test
T00645869,0,NONE,,,test
T00645870,0,NONE,,,test
T00645871,0,NONE,,,test
T00645872,0,NONE,,,test
T00645873,0,NONE,,,test
T00645874,0,NONE,,,test
T00645875,0,NONE,,,test
T00645876,0,NONE,,,test
T00645877,0,NONE,,,test
T00645878,0,NONE,,,test
T00645879,0,NONE,,,test
T00645880,0,NONE,,,test
T00645881,0,NONE,,,test
T00645882,0,NONE,,,test
T00645883,0,NONE,,,test
T00645884,0,NONE,,,test
T00645885,0,NONE,,,test
T00645886,0,NONE,,,test
T00645887,0,NONE,,,test
T00645888,0,NONE,,,test
T00645889,0,NONE,,,test
T00645890,0,NONE,,,test
T00645891,0,NONE,,,test
T00645892,0,NONE,,,test
T00645893,0,NONE,,,test
T00645894,0,NONE,,,test
T00645895,0,NONE,,,test
T00645896,0,NONE,,,test
T00645897,0,NONE,,,test
T00645898,0,NONE,,,test
T00645899,0,NONE,,,test
T00645900,0,NONE,,,test
T00645901,0,NONE,,,test
T00645902,0,NONE,,,test
T00645903,0,NONE,,,test
T00645904,0,NONE,,,test
T00645905,0,NONE,,,test
T00645906,0,NONE,,,test
T00645907,0,NONE,,,test
T00645908,0,NONE,,,test
T00645909,0,NONE,,,test
T00645910,0,NONE,,,test
T00645911,0,NONE,,,test
T00645912,0,NONE,,,test
T00645913,0,NONE,,,test
T00645914,0,NONE,,,test
T00645915,0,NONE,,,test
T00645916,0,NONE,,,test
T00645917,0,NONE,,,test
T00645918,0,NONE,,,test
T00645919,0,NONE,,,test
T00645920,0,NONE,,,test
T00645921,0,NONE,,,test
T00645922,0,NONE,,,test
T00645923,0,NONE,,,test
T00645924,0,NONE,,,test
T00645925,0,NONE,,,test
T00645926,0,NONE,,,test
T00645927,0,NONE,,,test
T00645928,0,NONE,,,test
T00645929,0,NONE,,,test
T00645930,0,NONE,,,test
T00645931,0,NONE,,,test
T00645932,0,NONE,,,test
T00645933,0,NONE,,,test
T00645934,0,NONE,,,test
T00645935,0,NONE,,,test
T00645936,0,NONE,,,test
T00645937,0,NONE,,,test
T00645938,0,NONE,,,test
T00645939,0,NONE,,,test
T00645940,0,NONE,,,test
T00645941,0,NONE,,,test
T00645942,0,NONE,,,test
T00645943,0,NONE,,,test
T00645944,0,NONE,,,test
T00645945,0,NONE,,,test
T00645946,0,NONE,,,test
T00645947,0,NONE,,,test
T00645948,0,NONE,,,test
T00645949,0,NONE,,,test
T00645950,0,NONE,,,test
T00645951,0,NONE,,,test
T00645952,0,NONE,,,test
T00645953,0,NONE,,,test
T00645954,0,NONE,,,test
T00645955,0,NONE,,,test
T00645956,0,NONE,,,test
T00645957,0,NONE,,,test
T00645958,0,NONE,,,test
T00645959,0,NONE,,,test
T00645960,0,NONE,,,test
T00645961,0,NONE,,,test
T00645962,0,NONE,,,test
T00645963,0,NONE,,,test
T00645964,0,NONE,,,test
T00645965,0,NONE,,,test
T00645966,0,NONE,,,test
T00645967,0,NONE,,,test
T00645968,0,NONE,,,test
T00645969,0,NONE,,,test
T00645970,0,NONE,,,test
T00645971,0,NONE,,,test
T00645972,0,NONE,,,test
T00645973,0,NONE,,,test
T00645974,0,NONE,,,test
T00645975,0,NONE,,,test
T00645976,0,NONE,,,test
T00645977,0,NONE,,,test
T00645978,0,NONE,,,test
T00645979,0,NONE,,,test
T00645980,0,NONE,,,test
T00645981,0,NONE,,,test
T00645982,0,NONE,,,test
T00645983,0,NONE,,,test
T00645984,0,NONE,,,test
T00645985,0,NONE,,,test
T00645986,0,NONE,,,test
T00645987,0,NONE,,,test
T00645988,0,NONE,,,test
T00645989,0,NONE,,,test
T00645990,0,NONE,,,test
T00645991,0,NONE,,,test
T00645992,0,NONE,,,test
T00645993,0,NONE,,,test
T00645994,0,NONE,,,test
T00645995,0,NONE,,,test
T00645996,0,NONE,,,test
T00645997,0,NONE,,,test
T00645998,0,NONE,,,test
T00645999,0,NONE,,,test
T00646000,0,NONE,,,test
T00646001,0,NONE,,,test
T00646002,0,NONE,,,test
T00646003,0,NONE,,,test
T00646004,0,NONE,,,test
T00646005,0,NONE,,,test
T00646006,0,NONE,,,test
T00646007,0,NONE,,,test
T00646008,0,NONE,,,test
T00646009,0,NONE,,,test
T00646010,0,NONE,,,test
T00646011,0,NONE,,,test
T00646012,0,NONE,,,test
T00646013,0,NONE,,,test
T00646014,0,NONE,,,test
T00646015,0,NONE,,,test
T00646016,0,NONE,,,test
T00646017,0,NONE,,,test
T00646018,0,NONE,,,test
T00646019,0,NONE,,,test
T00646020,0,NONE,,,test
T00646021,0,NONE,,,test
T00646022,0,NONE,,,test
T00646023,0,NONE,,,test
T00646024,0,NONE,,,test
T00646025,0,NONE,,,test
T00646026,0,NONE,,,test
T00646027,0,NONE,,,test
T00646028,0,NONE,,,test
T00646029,0,NONE,,,test
T00646030,0,NONE,,,test
T00646031,0,NONE,,,test
T00646032,0,NONE,,,test
T00646033,0,NONE,,,test
T00646034,0,NONE,,,test
T00646035,0,NONE,,,test
T00646036,0,NONE,,,test
T00646037,0,NONE,,,test
T00646038,0,NONE,,,test
T00646039,0,NONE,,,test
T00646040,0,NONE,,,test
T00646041,0,NONE,,,test
T00646042,0,NONE,,,test
T00646043,0,NONE,,,test
T00646044,0,NONE,,,test
T00646045,0,NONE,,,test
T00646046,0,NONE,,,test
T00646047,0,NONE,,,test
T00646048,0,NONE,,,test
T00646049,0,NONE,,,test
T00646050,0,NONE,,,test
T00646051,0,NONE,,,test
T00646052,0,NONE,,,test
T00646053,0,NONE,,,test
T00646054,0,NONE,,,test
T00646055,0,NONE,,,test
T00646056,0,NONE,,,test
T00646057,0,NONE,,,test
T00646058,0,NONE,,,test
T00646059,0,NONE,,,test
T00646060,0,NONE,,,test
T00646061,0,NONE,,,test
T00646062,0,NONE,,,test
T00646063,0,NONE,,,test
T00646064,0,NONE,,,test
T00646065,0,NONE,,,test
T00646066,0,NONE,,,test
T00646067,0,NONE,,,test
T00646068,0,NONE,,,test
T00646069,0,NONE,,,test
T00646070,0,NONE,,,test
T00646071,0,NONE,,,test
T00646072,0,NONE,,,test
T00646073,0,NONE,,,test
T00646074,0,NONE,,,test
T00646075,0,NONE,,,test
T00646076,0,NONE,,,test
T00646077,0,NONE,,,test
T00646078,0,NONE,,,test
T00646079,0,NONE,,,test
T00646080,0,NONE,,,test
T00646081,0,NONE,,,test
T00646082,0,NONE,,,test
T00646083,0,NONE,,,test
T00646084,0,NONE,,,test
T00646085,0,NONE,,,test
T00646086,0,NONE,,,test
T00646087,0,NONE,,,test
T00646088,0,NONE,,,test
T00646089,0,NONE,,,test
T00646090,0,NONE,,,test
T00646091,0,NONE,,,test
T00646092,0,NONE,,,test
T00646093,0,NONE,,,test
T00646094,0,NONE,,,test
T00646095,0,NONE,,,test
T00646096,0,NONE,,,test
T00646097,0,NONE,,,test
T00646098,0,NONE,,,test
T00646099,0,NONE,,,test
T00646100,0,NONE,,,test
T00646101,0,NONE,,,test
T00646102,0,NONE,,,test
T00646103,0,NONE,,,test
T00646104,0,NONE,,,test
T00646105,0,NONE,,,test
T00646106,0,NONE,,,test
T00646107,0,NONE,,,test
T00646108,0,NONE,,,test
T00646109,0,NONE,,,test
T00646110,0,NONE,,,test
T00646111,0,NONE,,,test
T00646112,0,NONE,,,test
T00646113,0,NONE,,,test
T00646114,0,NONE,,,test
T00646115,0,NONE,,,test
T00646116,0,NONE,,,test
T00646117,0,NONE,,,test
T00646118,0,NONE,,,test
T00646119,0,NONE,,,test
T00646120,0,NONE,,,test
T00646121,0,NONE,,,test
T00646122,0,NONE,,,test
T00646123,0,NONE,,,test
T00646124,0,NONE,,,test
T00646125,0,NONE,,,test
T00646126,0,NONE,,,test
T00646127,0,NONE,,,test
T00646128,0,NONE,,,test
T00646129,0,NONE,,,test
T00646130,0,NONE,,,test
T00646131,0,NONE,,,test
T00646132,0,NONE,,,test
T00646133,0,NONE,,,test
T00646134,0,NONE,,,test
T00646135,0,NONE,,,test
T00646136,0,NONE,,,test
T00646137,0,NONE,,,test
T00646138,0,NONE,,,test
T00646139,0,NONE,,,test
T00646140,0,NONE,,,test
T00646141,0,NONE,,,test
T00646142,0,NONE,,,test
T00646143,0,NONE,,,test
T00646144,0,NONE,,,test
T00646145,0,NONE,,,test
T00646146,0,NONE,,,test
T00646147,0,NONE,,,test
T00646148,0,NONE,,,test
T00646149,0,NONE,,,test
T00646150,0,NONE,,,test
T00646151,0,NONE,,,test
T00646152,0,NONE,,,test
T00646153,0,NONE,,,test
T00646154,0,NONE,,,test
T00646155,0,NONE,,,test
T00646156,0,NONE,,,test
T00646157,0,NONE,,,test
T00646158,0,NONE,,,test
T00646159,0,NONE,,,test
T00646160,0,NONE,,,test
T00646161,0,NONE,,,test
T00646162,0,NONE,,,test
T00646163,0,NONE,,,test
T00646164,0,NONE,,,test
T00646165,0,NONE,,,test
T00646166,0,NONE,,,test
T00646167,0,NONE,,,test
T00646168,0,NONE,,,test
T00646169,0,NONE,,,test
T00646170,0,NONE,,,test
T00646171,0,NONE,,,test
T00646172,0,NONE,,,test
T00646173,0,NONE,,,test
T00646174,0,NONE,,,test
T00646175,0,NONE,,,test
T00646176,0,NONE,,,test
T00646177,0,NONE,,,test
T00646178,0,NONE,,,test
T00646179,0,NONE,,,test
T00646180,0,NONE,,,test
T00646181,0,NONE,,,test
T00646182,0,NONE,,,test
T00646183,0,NONE,,,test
T00646184,0,NONE,,,test
T00646185,0,NONE,,,test
T00646186,0,NONE,,,test
T00646187,0,NONE,,,test
T00646188,0,NONE,,,test
T00646189,0,NONE,,,test
T00646190,0,NONE,,,test
T00646191,0,NONE,,,test
T00646192,0,NONE,,,test
T00646193,0,NONE,,,test
T00646194,0,NONE,,,test
T00646195,0,NONE,,,test
T00646196,0,NONE,,,test
T00646197,0,NONE,,,test
T00646198,0,NONE,,,test
T00646199,0,NONE,,,test
T00646200,0,NONE,,,test
T00646201,0,NONE,,,test
T00646202,0,NONE,,,test
T00646203,0,NONE,,,test
T00646204,0,NONE,,,test
T00646205,0,NONE,,,test
T00646206,0,NONE,,,test
T00646207,0,NONE,,,test
T00646208,0,NONE,,,test
T00646209,0,NONE,,,test
T00646210,0,NONE,,,test
T00646211,0,NONE,,,test
T00646212,0,NONE,,,test
T00646213,0,NONE,,,test
T00646214,0,NONE,,,test
T00646215,0,NONE,,,test
T00646216,0,NONE,,,test
T00646217,0,NONE,,,test
T00646218,0,NONE,,,test
T00646219,0,NONE,,,test
T00646220,0,NONE,,,test
T00646221,0,NONE,,,test
T00646222,0,NONE,,,test
T00646223,0,NONE,,,test
T00646224,0,NONE,,,test
T00646225,0,NONE,,,test
T00646226,0,NONE,,,test
T00646227,0,NONE,,,test
T00646228,0,NONE,,,test
T00646229,0,NONE,,,test
T00646230,0,NONE,,,test
T00646231,0,NONE,,,test
T00646232,0,NONE,,,test
T00646233,0,NONE,,,test
T00646234,0,NONE,,,test
T00646235,0,NONE,,,test
T00646236,0,NONE,,,test
T00646237,0,NONE,,,test
T00646238,0,NONE,,,test
T00646239,0,NONE,,,test
T00646240,0,NONE,,,test
T00646241,0,NONE,,,test
T00646242,0,NONE,,,test
T00646243,0,NONE,,,test
T00646244,0,NONE,,,test
T00646245,0,NONE,,,test
T00646246,0,NONE,,,test
T00646247,0,NONE,,,test
T00646248,0,NONE,,,test
T00646249,0,NONE,,,test
T00646250,0,NONE,,,test
T00646251,0,NONE,,,test
T00646252,0,NONE,,,test
T00646253,0,NONE,,,test
T00646254,0,NONE,,,test
T00646255,0,NONE,,,test
T00646256,0,NONE,,,test
T00646257,0,NONE,,,test
T00646258,0,NONE,,,test
T00646259,0,NONE,,,test
T00646260,0,NONE,,,test
T00646261,0,NONE,,,test
T00646262,0,NONE,,,test
T00646263,0,NONE,,,test
T00646264,0,NONE,,,test
T00646265,0,NONE,,,test
T00646266,0,NONE,,,test
T00646267,0,NONE,,,test
T00646268,0,NONE,,,test
T00646269,0,NONE,,,test
T00646270,0,NONE,,,test
T00646271,0,NONE,,,test
T00646272,0,NONE,,,test
T00646273,0,NONE,,,test
T00646274,0,NONE,,,test
T00646275,0,NONE,,,test
T00646276,0,NONE,,,test
T00646277,0,NONE,,,test
T00646278,0,NONE,,,test
T00646279,0,NONE,,,test
T00646280,0,NONE,,,test
T00646281,0,NONE,,,test
T00646282,1,S3,S3-0058,mule_cashout,test
T00646283,0,NONE,,,test
T00646284,0,NONE,,,test
T00646285,0,NONE,,,test
T00646286,0,NONE,,,test
T00646287,0,NONE,,,test
T00646288,0,NONE,,,test
T00646289,0,NONE,,,test
T00646290,0,NONE,,,test
T00646291,0,NONE,,,test
T00646292,0,NONE,,,test
T00646293,0,NONE,,,test
T00646294,0,NONE,,,test
T00646295,0,NONE,,,test
T00646296,0,NONE,,,test
T00646297,0,NONE,,,test
T00646298,0,NONE,,,test
T00646299,0,NONE,,,test
T00646300,0,NONE,,,test
T00646301,0,NONE,,,test
T00646302,0,NONE,,,test
T00646303,0,NONE,,,test
T00646304,0,NONE,,,test
T00646305,0,NONE,,,test
T00646306,0,NONE,,,test
T00646307,0,NONE,,,test
T00646308,0,NONE,,,test
T00646309,0,NONE,,,test
T00646310,0,NONE,,,test
T00646311,0,NONE,,,test
T00646312,0,NONE,,,test
T00646313,0,NONE,,,test
T00646314,0,NONE,,,test
T00646315,0,NONE,,,test
T00646316,0,NONE,,,test
T00646317,0,NONE,,,test
T00646318,0,NONE,,,test
T00646319,0,NONE,,,test
T00646320,0,NONE,,,test
T00646321,0,NONE,,,test
T00646322,0,NONE,,,test
T00646323,0,NONE,,,test
T00646324,0,NONE,,,test
T00646325,0,NONE,,,test
T00646326,0,NONE,,,test
T00646327,0,NONE,,,test
T00646328,0,NONE,,,test
T00646329,0,NONE,,,test
T00646330,0,NONE,,,test
T00646331,0,NONE,,,test
T00646332,0,NONE,,,test
T00646333,0,NONE,,,test
T00646334,0,NONE,,,test
T00646335,0,NONE,,,test
T00646336,0,NONE,,,test
T00646337,0,NONE,,,test
T00646338,0,NONE,,,test
T00646339,0,NONE,,,test
T00646340,0,NONE,,,test
T00646341,0,NONE,,,test
T00646342,0,NONE,,,test
T00646343,0,NONE,,,test
T00646344,0,NONE,,,test
T00646345,0,NONE,,,test
T00646346,0,NONE,,,test
T00646347,0,NONE,,,test
T00646348,0,NONE,,,test
T00646349,0,NONE,,,test
T00646350,0,NONE,,,test
T00646351,0,NONE,,,test
T00646352,0,NONE,,,test
T00646353,0,NONE,,,test
T00646354,0,NONE,,,test
T00646355,0,NONE,,,test
T00646356,0,NONE,,,test
T00646357,0,NONE,,,test
T00646358,0,NONE,,,test
T00646359,0,NONE,,,test
T00646360,0,NONE,,,test
T00646361,0,NONE,,,test
T00646362,0,NONE,,,test
T00646363,0,NONE,,,test
T00646364,0,NONE,,,test
T00646365,0,NONE,,,test
T00646366,0,NONE,,,test
T00646367,0,NONE,,,test
T00646368,0,NONE,,,test
T00646369,0,NONE,,,test
T00646370,0,NONE,,,test
T00646371,0,NONE,,,test
T00646372,0,NONE,,,test
T00646373,0,NONE,,,test
T00646374,0,NONE,,,test
T00646375,0,NONE,,,test
T00646376,0,NONE,,,test
T00646377,0,NONE,,,test
T00646378,0,NONE,,,test
T00646379,1,S5,S5-0035,buyer_payment,test
T00646380,0,NONE,,,test
T00646381,0,NONE,,,test
T00646382,0,NONE,,,test
T00646383,0,NONE,,,test
T00646384,0,NONE,,,test
T00646385,0,NONE,,,test
T00646386,0,NONE,,,test
T00646387,0,NONE,,,test
T00646388,0,NONE,,,test
T00646389,0,NONE,,,test
T00646390,0,NONE,,,test
T00646391,0,NONE,,,test
T00646392,0,NONE,,,test
T00646393,0,NONE,,,test
T00646394,0,NONE,,,test
T00646395,0,NONE,,,test
T00646396,0,NONE,,,test
T00646397,0,NONE,,,test
T00646398,0,NONE,,,test
T00646399,0,NONE,,,test
T00646400,0,NONE,,,test
T00646401,0,NONE,,,test
T00646402,0,NONE,,,test
T00646403,0,NONE,,,test
T00646404,0,NONE,,,test
T00646405,0,NONE,,,test
T00646406,0,NONE,,,test
T00646407,0,NONE,,,test
T00646408,0,NONE,,,test
T00646409,0,NONE,,,test
T00646410,0,NONE,,,test
T00646411,0,NONE,,,test
T00646412,0,NONE,,,test
T00646413,0,NONE,,,test
T00646414,0,NONE,,,test
T00646415,0,NONE,,,test
T00646416,0,NONE,,,test
T00646417,0,NONE,,,test
T00646418,0,NONE,,,test
T00646419,0,NONE,,,test
T00646420,0,NONE,,,test
T00646421,0,NONE,,,test
T00646422,0,NONE,,,test
T00646423,0,NONE,,,test
T00646424,0,NONE,,,test
T00646425,0,NONE,,,test
T00646426,0,NONE,,,test
T00646427,0,NONE,,,test
T00646428,0,NONE,,,test
T00646429,0,NONE,,,test
T00646430,0,NONE,,,test
T00646431,0,NONE,,,test
T00646432,0,NONE,,,test
T00646433,0,NONE,,,test
T00646434,0,NONE,,,test
T00646435,0,NONE,,,test
T00646436,0,NONE,,,test
T00646437,0,NONE,,,test
T00646438,0,NONE,,,test
T00646439,0,NONE,,,test
T00646440,0,NONE,,,test
T00646441,0,NONE,,,test
T00646442,0,NONE,,,test
T00646443,0,NONE,,,test
T00646444,0,NONE,,,test
T00646445,0,NONE,,,test
T00646446,0,NONE,,,test
T00646447,0,NONE,,,test
T00646448,0,NONE,,,test
T00646449,0,NONE,,,test
T00646450,0,NONE,,,test
T00646451,0,NONE,,,test
T00646452,0,NONE,,,test
T00646453,0,NONE,,,test
T00646454,0,NONE,,,test
T00646455,0,NONE,,,test
T00646456,0,NONE,,,test
T00646457,0,NONE,,,test
T00646458,0,NONE,,,test
T00646459,0,NONE,,,test
T00646460,0,NONE,,,test
T00646461,0,NONE,,,test
T00646462,0,NONE,,,test
T00646463,0,NONE,,,test
T00646464,0,NONE,,,test
T00646465,0,NONE,,,test
T00646466,0,NONE,,,test
T00646467,0,NONE,,,test
T00646468,0,NONE,,,test
T00646469,0,NONE,,,test
T00646470,0,NONE,,,test
T00646471,0,NONE,,,test
T00646472,0,NONE,,,test
T00646473,0,NONE,,,test
T00646474,0,NONE,,,test
T00646475,0,NONE,,,test
T00646476,0,NONE,,,test
T00646477,0,NONE,,,test
T00646478,0,NONE,,,test
T00646479,0,NONE,,,test
T00646480,1,S5,S5-0037,buyer_payment,test
T00646481,0,NONE,,,test
T00646482,0,NONE,,,test
T00646483,0,NONE,,,test
T00646484,0,NONE,,,test
T00646485,0,NONE,,,test
T00646486,0,NONE,,,test
T00646487,0,NONE,,,test
T00646488,0,NONE,,,test
T00646489,0,NONE,,,test
T00646490,0,NONE,,,test
T00646491,0,NONE,,,test
T00646492,0,NONE,,,test
T00646493,0,NONE,,,test
T00646494,0,NONE,,,test
T00646495,0,NONE,,,test
T00646496,0,NONE,,,test
T00646497,0,NONE,,,test
T00646498,0,NONE,,,test
T00646499,0,NONE,,,test
T00646500,0,NONE,,,test
T00646501,0,NONE,,,test
T00646502,0,NONE,,,test
T00646503,0,NONE,,,test
T00646504,0,NONE,,,test
T00646505,0,NONE,,,test
T00646506,0,NONE,,,test
T00646507,0,NONE,,,test
T00646508,0,NONE,,,test
T00646509,0,NONE,,,test
T00646510,0,NONE,,,test
T00646511,0,NONE,,,test
T00646512,0,NONE,,,test
T00646513,0,NONE,,,test
T00646514,0,NONE,,,test
T00646515,0,NONE,,,test
T00646516,0,NONE,,,test
T00646517,0,NONE,,,test
T00646518,0,NONE,,,test
T00646519,0,NONE,,,test
T00646520,0,NONE,,,test
T00646521,0,NONE,,,test
T00646522,0,NONE,,,test
T00646523,0,NONE,,,test
T00646524,0,NONE,,,test
T00646525,0,NONE,,,test
T00646526,0,NONE,,,test
T00646527,0,NONE,,,test
T00646528,0,NONE,,,test
T00646529,0,NONE,,,test
T00646530,0,NONE,,,test
T00646531,0,NONE,,,test
T00646532,0,NONE,,,test
T00646533,0,NONE,,,test
T00646534,0,NONE,,,test
T00646535,0,NONE,,,test
T00646536,0,NONE,,,test
T00646537,0,NONE,,,test
T00646538,0,NONE,,,test
T00646539,0,NONE,,,test
T00646540,0,NONE,,,test
T00646541,0,NONE,,,test
T00646542,0,NONE,,,test
T00646543,0,NONE,,,test
T00646544,0,NONE,,,test
T00646545,0,NONE,,,test
T00646546,0,NONE,,,test
T00646547,0,NONE,,,test
T00646548,0,NONE,,,test
T00646549,0,NONE,,,test
T00646550,0,NONE,,,test
T00646551,0,NONE,,,test
T00646552,0,NONE,,,test
T00646553,0,NONE,,,test
T00646554,0,NONE,,,test
T00646555,0,NONE,,,test
T00646556,0,NONE,,,test
T00646557,0,NONE,,,test
T00646558,0,NONE,,,test
T00646559,0,NONE,,,test
T00646560,0,NONE,,,test
T00646561,0,NONE,,,test
T00646562,0,NONE,,,test
T00646563,0,NONE,,,test
T00646564,0,NONE,,,test
T00646565,0,NONE,,,test
T00646566,0,NONE,,,test
T00646567,0,NONE,,,test
T00646568,0,NONE,,,test
T00646569,0,NONE,,,test
T00646570,0,NONE,,,test
T00646571,0,NONE,,,test
T00646572,0,NONE,,,test
T00646573,0,NONE,,,test
T00646574,0,NONE,,,test
T00646575,0,NONE,,,test
T00646576,0,NONE,,,test
T00646577,0,NONE,,,test
T00646578,0,NONE,,,test
T00646579,0,NONE,,,test
T00646580,0,NONE,,,test
T00646581,0,NONE,,,test
T00646582,0,NONE,,,test
T00646583,0,NONE,,,test
T00646584,0,NONE,,,test
T00646585,0,NONE,,,test
T00646586,0,NONE,,,test
T00646587,0,NONE,,,test
T00646588,0,NONE,,,test
T00646589,0,NONE,,,test
T00646590,0,NONE,,,test
T00646591,0,NONE,,,test
T00646592,0,NONE,,,test
T00646593,0,NONE,,,test
T00646594,0,NONE,,,test
T00646595,0,NONE,,,test
T00646596,0,NONE,,,test
T00646597,0,NONE,,,test
T00646598,0,NONE,,,test
T00646599,0,NONE,,,test
T00646600,0,NONE,,,test
T00646601,0,NONE,,,test
T00646602,0,NONE,,,test
T00646603,0,NONE,,,test
T00646604,0,NONE,,,test
T00646605,0,NONE,,,test
T00646606,0,NONE,,,test
T00646607,0,NONE,,,test
T00646608,0,NONE,,,test
T00646609,0,NONE,,,test
T00646610,0,NONE,,,test
T00646611,0,NONE,,,test
T00646612,0,NONE,,,test
T00646613,0,NONE,,,test
T00646614,0,NONE,,,test
T00646615,0,NONE,,,test
T00646616,0,NONE,,,test
T00646617,0,NONE,,,test
T00646618,0,NONE,,,test
T00646619,0,NONE,,,test
T00646620,0,NONE,,,test
T00646621,0,NONE,,,test
T00646622,0,NONE,,,test
T00646623,0,NONE,,,test
T00646624,0,NONE,,,test
T00646625,0,NONE,,,test
T00646626,0,NONE,,,test
T00646627,0,NONE,,,test
T00646628,0,NONE,,,test
T00646629,0,NONE,,,test
T00646630,0,NONE,,,test
T00646631,0,NONE,,,test
T00646632,0,NONE,,,test
T00646633,0,NONE,,,test
T00646634,0,NONE,,,test
T00646635,0,NONE,,,test
T00646636,0,NONE,,,test
T00646637,0,NONE,,,test
T00646638,0,NONE,,,test
T00646639,0,NONE,,,test
T00646640,0,NONE,,,test
T00646641,0,NONE,,,test
T00646642,0,NONE,,,test
T00646643,0,NONE,,,test
T00646644,0,NONE,,,test
T00646645,0,NONE,,,test
T00646646,0,NONE,,,test
T00646647,0,NONE,,,test
T00646648,0,NONE,,,test
T00646649,0,NONE,,,test
T00646650,0,NONE,,,test
T00646651,0,NONE,,,test
T00646652,0,NONE,,,test
T00646653,0,NONE,,,test
T00646654,0,NONE,,,test
T00646655,0,NONE,,,test
T00646656,0,NONE,,,test
T00646657,0,NONE,,,test
T00646658,0,NONE,,,test
T00646659,0,NONE,,,test
T00646660,0,NONE,,,test
T00646661,0,NONE,,,test
T00646662,0,NONE,,,test
T00646663,0,NONE,,,test
T00646664,0,NONE,,,test
T00646665,0,NONE,,,test
T00646666,0,NONE,,,test
T00646667,0,NONE,,,test
T00646668,0,NONE,,,test
T00646669,0,NONE,,,test
T00646670,0,NONE,,,test
T00646671,0,NONE,,,test
T00646672,0,NONE,,,test
T00646673,0,NONE,,,test
T00646674,0,NONE,,,test
T00646675,0,NONE,,,test
T00646676,0,NONE,,,test
T00646677,0,NONE,,,test
T00646678,0,NONE,,,test
T00646679,0,NONE,,,test
T00646680,0,NONE,,,test
T00646681,0,NONE,,,test
T00646682,0,NONE,,,test
T00646683,0,NONE,,,test
T00646684,0,NONE,,,test
T00646685,0,NONE,,,test
T00646686,0,NONE,,,test
T00646687,1,S2,S2-0039,victim_payment,test
T00646688,0,NONE,,,test
T00646689,0,NONE,,,test
T00646690,0,NONE,,,test
T00646691,0,NONE,,,test
T00646692,0,NONE,,,test
T00646693,0,NONE,,,test
T00646694,0,NONE,,,test
T00646695,0,NONE,,,test
T00646696,0,NONE,,,test
T00646697,0,NONE,,,test
T00646698,0,NONE,,,test
T00646699,0,NONE,,,test
T00646700,0,NONE,,,test
T00646701,0,NONE,,,test
T00646702,0,NONE,,,test
T00646703,0,NONE,,,test
T00646704,0,NONE,,,test
T00646705,0,NONE,,,test
T00646706,0,NONE,,,test
T00646707,0,NONE,,,test
T00646708,0,NONE,,,test
T00646709,0,NONE,,,test
T00646710,0,NONE,,,test
T00646711,0,NONE,,,test
T00646712,0,NONE,,,test
T00646713,0,NONE,,,test
T00646714,0,NONE,,,test
T00646715,0,NONE,,,test
T00646716,0,NONE,,,test
T00646717,0,NONE,,,test
T00646718,0,NONE,,,test
T00646719,0,NONE,,,test
T00646720,0,NONE,,,test
T00646721,0,NONE,,,test
T00646722,0,NONE,,,test
T00646723,0,NONE,,,test
T00646724,0,NONE,,,test
T00646725,0,NONE,,,test
T00646726,0,NONE,,,test
T00646727,0,NONE,,,test
T00646728,0,NONE,,,test
T00646729,0,NONE,,,test
T00646730,0,NONE,,,test
T00646731,0,NONE,,,test
T00646732,0,NONE,,,test
T00646733,0,NONE,,,test
T00646734,0,NONE,,,test
T00646735,0,NONE,,,test
T00646736,0,NONE,,,test
T00646737,0,NONE,,,test
T00646738,0,NONE,,,test
T00646739,0,NONE,,,test
T00646740,0,NONE,,,test
T00646741,0,NONE,,,test
T00646742,0,NONE,,,test
T00646743,0,NONE,,,test
T00646744,0,NONE,,,test
T00646745,0,NONE,,,test
T00646746,0,NONE,,,test
T00646747,0,NONE,,,test
T00646748,0,NONE,,,test
T00646749,0,NONE,,,test
T00646750,0,NONE,,,test
T00646751,0,NONE,,,test
T00646752,0,NONE,,,test
T00646753,0,NONE,,,test
T00646754,0,NONE,,,test
T00646755,0,NONE,,,test
T00646756,0,NONE,,,test
T00646757,0,NONE,,,test
T00646758,0,NONE,,,test
T00646759,0,NONE,,,test
T00646760,0,NONE,,,test
T00646761,0,NONE,,,test
T00646762,0,NONE,,,test
T00646763,0,NONE,,,test
T00646764,0,NONE,,,test
T00646765,0,NONE,,,test
T00646766,0,NONE,,,test
T00646767,0,NONE,,,test
T00646768,0,NONE,,,test
T00646769,0,NONE,,,test
T00646770,0,NONE,,,test
T00646771,0,NONE,,,test
T00646772,0,NONE,,,test
T00646773,0,NONE,,,test
T00646774,0,NONE,,,test
T00646775,0,NONE,,,test
T00646776,0,NONE,,,test
T00646777,0,NONE,,,test
T00646778,0,NONE,,,test
T00646779,0,NONE,,,test
T00646780,0,NONE,,,test
T00646781,0,NONE,,,test
T00646782,0,NONE,,,test
T00646783,0,NONE,,,test
T00646784,0,NONE,,,test
T00646785,0,NONE,,,test
T00646786,0,NONE,,,test
T00646787,0,NONE,,,test
T00646788,0,NONE,,,test
T00646789,0,NONE,,,test
T00646790,0,NONE,,,test
T00646791,0,NONE,,,test
T00646792,0,NONE,,,test
T00646793,0,NONE,,,test
T00646794,0,NONE,,,test
T00646795,0,NONE,,,test
T00646796,0,NONE,,,test
T00646797,0,NONE,,,test
T00646798,0,NONE,,,test
T00646799,0,NONE,,,test
T00646800,0,NONE,,,test
T00646801,0,NONE,,,test
T00646802,0,NONE,,,test
T00646803,0,NONE,,,test
T00646804,0,NONE,,,test
T00646805,0,NONE,,,test
T00646806,0,NONE,,,test
T00646807,0,NONE,,,test
T00646808,0,NONE,,,test
T00646809,0,NONE,,,test
T00646810,0,NONE,,,test
T00646811,0,NONE,,,test
T00646812,0,NONE,,,test
T00646813,0,NONE,,,test
T00646814,0,NONE,,,test
T00646815,0,NONE,,,test
T00646816,0,NONE,,,test
T00646817,0,NONE,,,test
T00646818,0,NONE,,,test
T00646819,0,NONE,,,test
T00646820,0,NONE,,,test
T00646821,0,NONE,,,test
T00646822,0,NONE,,,test
T00646823,0,NONE,,,test
T00646824,0,NONE,,,test
T00646825,0,NONE,,,test
T00646826,0,NONE,,,test
T00646827,0,NONE,,,test
T00646828,0,NONE,,,test
T00646829,0,NONE,,,test
T00646830,0,NONE,,,test
T00646831,0,NONE,,,test
T00646832,0,NONE,,,test
T00646833,0,NONE,,,test
T00646834,0,NONE,,,test
T00646835,0,NONE,,,test
T00646836,0,NONE,,,test
T00646837,0,NONE,,,test
T00646838,0,NONE,,,test
T00646839,0,NONE,,,test
T00646840,0,NONE,,,test
T00646841,0,NONE,,,test
T00646842,0,NONE,,,test
T00646843,0,NONE,,,test
T00646844,0,NONE,,,test
T00646845,0,NONE,,,test
T00646846,0,NONE,,,test
T00646847,0,NONE,,,test
T00646848,0,NONE,,,test
T00646849,0,NONE,,,test
T00646850,0,NONE,,,test
T00646851,0,NONE,,,test
T00646852,0,NONE,,,test
T00646853,0,NONE,,,test
T00646854,0,NONE,,,test
T00646855,0,NONE,,,test
T00646856,0,NONE,,,test
T00646857,0,NONE,,,test
T00646858,0,NONE,,,test
T00646859,0,NONE,,,test
T00646860,0,NONE,,,test
T00646861,0,NONE,,,test
T00646862,0,NONE,,,test
T00646863,0,NONE,,,test
T00646864,0,NONE,,,test
T00646865,0,NONE,,,test
T00646866,0,NONE,,,test
T00646867,0,NONE,,,test
T00646868,0,NONE,,,test
T00646869,0,NONE,,,test
T00646870,0,NONE,,,test
T00646871,0,NONE,,,test
T00646872,0,NONE,,,test
T00646873,0,NONE,,,test
T00646874,0,NONE,,,test
T00646875,0,NONE,,,test
T00646876,0,NONE,,,test
T00646877,0,NONE,,,test
T00646878,0,NONE,,,test
T00646879,0,NONE,,,test
T00646880,0,NONE,,,test
T00646881,0,NONE,,,test
T00646882,0,NONE,,,test
T00646883,0,NONE,,,test
T00646884,0,NONE,,,test
T00646885,0,NONE,,,test
T00646886,0,NONE,,,test
T00646887,0,NONE,,,test
T00646888,0,NONE,,,test
T00646889,0,NONE,,,test
T00646890,0,NONE,,,test
T00646891,0,NONE,,,test
T00646892,0,NONE,,,test
T00646893,0,NONE,,,test
T00646894,0,NONE,,,test
T00646895,0,NONE,,,test
T00646896,0,NONE,,,test
T00646897,0,NONE,,,test
T00646898,0,NONE,,,test
T00646899,0,NONE,,,test
T00646900,0,NONE,,,test
T00646901,0,NONE,,,test
T00646902,0,NONE,,,test
T00646903,0,NONE,,,test
T00646904,0,NONE,,,test
T00646905,0,NONE,,,test
T00646906,0,NONE,,,test
T00646907,0,NONE,,,test
T00646908,0,NONE,,,test
T00646909,0,NONE,,,test
T00646910,0,NONE,,,test
T00646911,0,NONE,,,test
T00646912,0,NONE,,,test
T00646913,0,NONE,,,test
T00646914,0,NONE,,,test
T00646915,0,NONE,,,test
T00646916,0,NONE,,,test
T00646917,0,NONE,,,test
T00646918,0,NONE,,,test
T00646919,0,NONE,,,test
T00646920,0,NONE,,,test
T00646921,0,NONE,,,test
T00646922,0,NONE,,,test
T00646923,0,NONE,,,test
T00646924,0,NONE,,,test
T00646925,0,NONE,,,test
T00646926,0,NONE,,,test
T00646927,0,NONE,,,test
T00646928,0,NONE,,,test
T00646929,0,NONE,,,test
T00646930,0,NONE,,,test
T00646931,0,NONE,,,test
T00646932,0,NONE,,,test
T00646933,0,NONE,,,test
T00646934,0,NONE,,,test
T00646935,0,NONE,,,test
T00646936,0,NONE,,,test
T00646937,0,NONE,,,test
T00646938,0,NONE,,,test
T00646939,0,NONE,,,test
T00646940,0,NONE,,,test
T00646941,0,NONE,,,test
T00646942,0,NONE,,,test
T00646943,0,NONE,,,test
T00646944,0,NONE,,,test
T00646945,0,NONE,,,test
T00646946,0,NONE,,,test
T00646947,0,NONE,,,test
T00646948,0,NONE,,,test
T00646949,0,NONE,,,test
T00646950,0,NONE,,,test
T00646951,0,NONE,,,test
T00646952,0,NONE,,,test
T00646953,0,NONE,,,test
T00646954,0,NONE,,,test
T00646955,0,NONE,,,test
T00646956,0,NONE,,,test
T00646957,0,NONE,,,test
T00646958,0,NONE,,,test
T00646959,0,NONE,,,test
T00646960,0,NONE,,,test
T00646961,0,NONE,,,test
T00646962,0,NONE,,,test
T00646963,0,NONE,,,test
T00646964,0,NONE,,,test
T00646965,0,NONE,,,test
T00646966,0,NONE,,,test
T00646967,0,NONE,,,test
T00646968,0,NONE,,,test
T00646969,0,NONE,,,test
T00646970,0,NONE,,,test
T00646971,0,NONE,,,test
T00646972,0,NONE,,,test
T00646973,0,NONE,,,test
T00646974,0,NONE,,,test
T00646975,0,NONE,,,test
T00646976,0,NONE,,,test
T00646977,0,NONE,,,test
T00646978,0,NONE,,,test
T00646979,0,NONE,,,test
T00646980,0,NONE,,,test
T00646981,0,NONE,,,test
T00646982,0,NONE,,,test
T00646983,0,NONE,,,test
T00646984,0,NONE,,,test
T00646985,0,NONE,,,test
T00646986,0,NONE,,,test
T00646987,0,NONE,,,test
T00646988,0,NONE,,,test
T00646989,0,NONE,,,test
T00646990,0,NONE,,,test
T00646991,0,NONE,,,test
T00646992,0,NONE,,,test
T00646993,0,NONE,,,test
T00646994,0,NONE,,,test
T00646995,0,NONE,,,test
T00646996,0,NONE,,,test
T00646997,0,NONE,,,test
T00646998,0,NONE,,,test
T00646999,0,NONE,,,test
T00647000,0,NONE,,,test
T00647001,0,NONE,,,test
T00647002,0,NONE,,,test
T00647003,0,NONE,,,test
T00647004,0,NONE,,,test
T00647005,0,NONE,,,test
T00647006,0,NONE,,,test
T00647007,0,NONE,,,test
T00647008,0,NONE,,,test
T00647009,0,NONE,,,test
T00647010,0,NONE,,,test
T00647011,0,NONE,,,test
T00647012,0,NONE,,,test
T00647013,0,NONE,,,test
T00647014,0,NONE,,,test
T00647015,0,NONE,,,test
T00647016,0,NONE,,,test
T00647017,0,NONE,,,test
T00647018,0,NONE,,,test
T00647019,0,NONE,,,test
T00647020,0,NONE,,,test
T00647021,0,NONE,,,test
T00647022,0,NONE,,,test
T00647023,0,NONE,,,test
T00647024,0,NONE,,,test
T00647025,0,NONE,,,test
T00647026,0,NONE,,,test
T00647027,0,NONE,,,test
T00647028,0,NONE,,,test
T00647029,0,NONE,,,test
T00647030,0,NONE,,,test
T00647031,0,NONE,,,test
T00647032,0,NONE,,,test
T00647033,0,NONE,,,test
T00647034,0,NONE,,,test
T00647035,0,NONE,,,test
T00647036,0,NONE,,,test
T00647037,0,NONE,,,test
T00647038,0,NONE,,,test
T00647039,0,NONE,,,test
T00647040,0,NONE,,,test
T00647041,0,NONE,,,test
T00647042,0,NONE,,,test
T00647043,0,NONE,,,test
T00647044,0,NONE,,,test
T00647045,0,NONE,,,test
T00647046,0,NONE,,,test
T00647047,0,NONE,,,test
T00647048,0,NONE,,,test
T00647049,0,NONE,,,test
T00647050,0,NONE,,,test
T00647051,0,NONE,,,test
T00647052,0,NONE,,,test
T00647053,0,NONE,,,test
T00647054,0,NONE,,,test
T00647055,0,NONE,,,test
T00647056,0,NONE,,,test
T00647057,0,NONE,,,test
T00647058,0,NONE,,,test
T00647059,0,NONE,,,test
T00647060,0,NONE,,,test
T00647061,0,NONE,,,test
T00647062,0,NONE,,,test
T00647063,0,NONE,,,test
T00647064,0,NONE,,,test
T00647065,0,NONE,,,test
T00647066,0,NONE,,,test
T00647067,0,NONE,,,test
T00647068,0,NONE,,,test
T00647069,0,NONE,,,test
T00647070,0,NONE,,,test
T00647071,0,NONE,,,test
T00647072,0,NONE,,,test
T00647073,0,NONE,,,test
T00647074,0,NONE,,,test
T00647075,0,NONE,,,test
T00647076,0,NONE,,,test
T00647077,0,NONE,,,test
T00647078,0,NONE,,,test
T00647079,0,NONE,,,test
T00647080,1,S2,S2-0039,victim_payment,test
T00647081,0,NONE,,,test
T00647082,0,NONE,,,test
T00647083,0,NONE,,,test
T00647084,0,NONE,,,test
T00647085,0,NONE,,,test
T00647086,0,NONE,,,test
T00647087,0,NONE,,,test
T00647088,0,NONE,,,test
T00647089,0,NONE,,,test
T00647090,0,NONE,,,test
T00647091,0,NONE,,,test
T00647092,0,NONE,,,test
T00647093,0,NONE,,,test
T00647094,0,NONE,,,test
T00647095,0,NONE,,,test
T00647096,0,NONE,,,test
T00647097,1,S5,S5-0035,seller_cashout,test
T00647098,0,NONE,,,test
T00647099,0,NONE,,,test
T00647100,0,NONE,,,test
T00647101,0,NONE,,,test
T00647102,0,NONE,,,test
T00647103,0,NONE,,,test
T00647104,0,NONE,,,test
T00647105,0,NONE,,,test
T00647106,0,NONE,,,test
T00647107,0,NONE,,,test
T00647108,0,NONE,,,test
T00647109,0,NONE,,,test
T00647110,0,NONE,,,test
T00647111,0,NONE,,,test
T00647112,0,NONE,,,test
T00647113,0,NONE,,,test
T00647114,0,NONE,,,test
T00647115,0,NONE,,,test
T00647116,0,NONE,,,test
T00647117,0,NONE,,,test
T00647118,0,NONE,,,test
T00647119,0,NONE,,,test
T00647120,0,NONE,,,test
T00647121,0,NONE,,,test
T00647122,0,NONE,,,test
T00647123,0,NONE,,,test
T00647124,0,NONE,,,test
T00647125,0,NONE,,,test
T00647126,1,S2,S2-0039,victim_payment,test
T00647127,0,NONE,,,test
T00647128,0,NONE,,,test
T00647129,0,NONE,,,test
T00647130,0,NONE,,,test
T00647131,0,NONE,,,test
T00647132,0,NONE,,,test
T00647133,0,NONE,,,test
T00647134,0,NONE,,,test
T00647135,0,NONE,,,test
T00647136,0,NONE,,,test
T00647137,0,NONE,,,test
T00647138,0,NONE,,,test
T00647139,0,NONE,,,test
T00647140,0,NONE,,,test
T00647141,0,NONE,,,test
T00647142,0,NONE,,,test
T00647143,0,NONE,,,test
T00647144,0,NONE,,,test
T00647145,0,NONE,,,test
T00647146,0,NONE,,,test
T00647147,0,NONE,,,test
T00647148,0,NONE,,,test
T00647149,0,NONE,,,test
T00647150,0,NONE,,,test
T00647151,0,NONE,,,test
T00647152,0,NONE,,,test
T00647153,0,NONE,,,test
T00647154,0,NONE,,,test
T00647155,0,NONE,,,test
T00647156,0,NONE,,,test
T00647157,1,S5,S5-0037,buyer_payment,test
T00647158,0,NONE,,,test
T00647159,0,NONE,,,test
T00647160,0,NONE,,,test
T00647161,0,NONE,,,test
T00647162,0,NONE,,,test
T00647163,0,NONE,,,test
T00647164,0,NONE,,,test
T00647165,0,NONE,,,test
T00647166,0,NONE,,,test
T00647167,0,NONE,,,test
T00647168,0,NONE,,,test
T00647169,0,NONE,,,test
T00647170,0,NONE,,,test
T00647171,0,NONE,,,test
T00647172,0,NONE,,,test
T00647173,0,NONE,,,test
T00647174,0,NONE,,,test
T00647175,0,NONE,,,test
T00647176,0,NONE,,,test
T00647177,0,NONE,,,test
T00647178,0,NONE,,,test
T00647179,0,NONE,,,test
T00647180,0,NONE,,,test
T00647181,0,NONE,,,test
T00647182,0,NONE,,,test
T00647183,0,NONE,,,test
T00647184,0,NONE,,,test
T00647185,0,NONE,,,test
T00647186,0,NONE,,,test
T00647187,0,NONE,,,test
T00647188,0,NONE,,,test
T00647189,0,NONE,,,test
T00647190,0,NONE,,,test
T00647191,0,NONE,,,test
T00647192,1,S7,S7-0160,coerced_send,test
T00647193,0,NONE,,,test
T00647194,0,NONE,,,test
T00647195,0,NONE,,,test
T00647196,0,NONE,,,test
T00647197,0,NONE,,,test
T00647198,0,NONE,,,test
T00647199,0,NONE,,,test
T00647200,0,NONE,,,test
T00647201,0,NONE,,,test
T00647202,0,NONE,,,test
T00647203,0,NONE,,,test
T00647204,0,NONE,,,test
T00647205,0,NONE,,,test
T00647206,0,NONE,,,test
T00647207,0,NONE,,,test
T00647208,0,NONE,,,test
T00647209,0,NONE,,,test
T00647210,0,NONE,,,test
T00647211,0,NONE,,,test
T00647212,0,NONE,,,test
T00647213,0,NONE,,,test
T00647214,0,NONE,,,test
T00647215,0,NONE,,,test
T00647216,0,NONE,,,test
T00647217,0,NONE,,,test
T00647218,0,NONE,,,test
T00647219,0,NONE,,,test
T00647220,0,NONE,,,test
T00647221,0,NONE,,,test
T00647222,0,NONE,,,test
T00647223,0,NONE,,,test
T00647224,0,NONE,,,test
T00647225,0,NONE,,,test
T00647226,0,NONE,,,test
T00647227,0,NONE,,,test
T00647228,0,NONE,,,test
T00647229,0,NONE,,,test
T00647230,0,NONE,,,test
T00647231,0,NONE,,,test
T00647232,0,NONE,,,test
T00647233,0,NONE,,,test
T00647234,0,NONE,,,test
T00647235,0,NONE,,,test
T00647236,0,NONE,,,test
T00647237,0,NONE,,,test
T00647238,0,NONE,,,test
T00647239,0,NONE,,,test
T00647240,0,NONE,,,test
T00647241,0,NONE,,,test
T00647242,0,NONE,,,test
T00647243,0,NONE,,,test
T00647244,0,NONE,,,test
T00647245,0,NONE,,,test
T00647246,0,NONE,,,test
T00647247,0,NONE,,,test
T00647248,0,NONE,,,test
T00647249,0,NONE,,,test
T00647250,0,NONE,,,test
T00647251,0,NONE,,,test
T00647252,0,NONE,,,test
T00647253,0,NONE,,,test
T00647254,0,NONE,,,test
T00647255,0,NONE,,,test
T00647256,0,NONE,,,test
T00647257,0,NONE,,,test
T00647258,0,NONE,,,test
T00647259,0,NONE,,,test
T00647260,0,NONE,,,test
T00647261,0,NONE,,,test
T00647262,0,NONE,,,test
T00647263,0,NONE,,,test
T00647264,0,NONE,,,test
T00647265,0,NONE,,,test
T00647266,0,NONE,,,test
T00647267,0,NONE,,,test
T00647268,0,NONE,,,test
T00647269,0,NONE,,,test
T00647270,0,NONE,,,test
T00647271,0,NONE,,,test
T00647272,0,NONE,,,test
T00647273,0,NONE,,,test
T00647274,0,NONE,,,test
T00647275,0,NONE,,,test
T00647276,0,NONE,,,test
T00647277,0,NONE,,,test
T00647278,0,NONE,,,test
T00647279,0,NONE,,,test
T00647280,0,NONE,,,test
T00647281,0,NONE,,,test
T00647282,0,NONE,,,test
T00647283,0,NONE,,,test
T00647284,0,NONE,,,test
T00647285,0,NONE,,,test
T00647286,0,NONE,,,test
T00647287,0,NONE,,,test
T00647288,0,NONE,,,test
T00647289,0,NONE,,,test
T00647290,0,NONE,,,test
T00647291,0,NONE,,,test
T00647292,0,NONE,,,test
T00647293,0,NONE,,,test
T00647294,0,NONE,,,test
T00647295,0,NONE,,,test
T00647296,0,NONE,,,test
T00647297,0,NONE,,,test
T00647298,0,NONE,,,test
T00647299,0,NONE,,,test
T00647300,0,NONE,,,test
T00647301,0,NONE,,,test
T00647302,0,NONE,,,test
T00647303,0,NONE,,,test
T00647304,0,NONE,,,test
T00647305,0,NONE,,,test
T00647306,0,NONE,,,test
T00647307,0,NONE,,,test
T00647308,0,NONE,,,test
T00647309,0,NONE,,,test
T00647310,0,NONE,,,test
T00647311,0,NONE,,,test
T00647312,0,NONE,,,test
T00647313,0,NONE,,,test
T00647314,0,NONE,,,test
T00647315,0,NONE,,,test
T00647316,0,NONE,,,test
T00647317,0,NONE,,,test
T00647318,0,NONE,,,test
T00647319,0,NONE,,,test
T00647320,0,NONE,,,test
T00647321,0,NONE,,,test
T00647322,0,NONE,,,test
T00647323,0,NONE,,,test
T00647324,0,NONE,,,test
T00647325,0,NONE,,,test
T00647326,0,NONE,,,test
T00647327,0,NONE,,,test
T00647328,0,NONE,,,test
T00647329,0,NONE,,,test
T00647330,0,NONE,,,test
T00647331,0,NONE,,,test
T00647332,0,NONE,,,test
T00647333,0,NONE,,,test
T00647334,0,NONE,,,test
T00647335,0,NONE,,,test
T00647336,0,NONE,,,test
T00647337,0,NONE,,,test
T00647338,0,NONE,,,test
T00647339,0,NONE,,,test
T00647340,0,NONE,,,test
T00647341,0,NONE,,,test
T00647342,0,NONE,,,test
T00647343,0,NONE,,,test
T00647344,0,NONE,,,test
T00647345,0,NONE,,,test
T00647346,0,NONE,,,test
T00647347,0,NONE,,,test
T00647348,0,NONE,,,test
T00647349,0,NONE,,,test
T00647350,0,NONE,,,test
T00647351,0,NONE,,,test
T00647352,0,NONE,,,test
T00647353,0,NONE,,,test
T00647354,0,NONE,,,test
T00647355,0,NONE,,,test
T00647356,0,NONE,,,test
T00647357,0,NONE,,,test
T00647358,0,NONE,,,test
T00647359,0,NONE,,,test
T00647360,0,NONE,,,test
T00647361,0,NONE,,,test
T00647362,0,NONE,,,test
T00647363,0,NONE,,,test
T00647364,0,NONE,,,test
T00647365,0,NONE,,,test
T00647366,0,NONE,,,test
T00647367,0,NONE,,,test
T00647368,0,NONE,,,test
T00647369,0,NONE,,,test
T00647370,0,NONE,,,test
T00647371,0,NONE,,,test
T00647372,0,NONE,,,test
T00647373,0,NONE,,,test
T00647374,0,NONE,,,test
T00647375,0,NONE,,,test
T00647376,0,NONE,,,test
T00647377,0,NONE,,,test
T00647378,0,NONE,,,test
T00647379,0,NONE,,,test
T00647380,0,NONE,,,test
T00647381,0,NONE,,,test
T00647382,0,NONE,,,test
T00647383,0,NONE,,,test
T00647384,0,NONE,,,test
T00647385,0,NONE,,,test
T00647386,0,NONE,,,test
T00647387,0,NONE,,,test
T00647388,0,NONE,,,test
T00647389,0,NONE,,,test
T00647390,0,NONE,,,test
T00647391,0,NONE,,,test
T00647392,0,NONE,,,test
T00647393,0,NONE,,,test
T00647394,0,NONE,,,test
T00647395,0,NONE,,,test
T00647396,0,NONE,,,test
T00647397,0,NONE,,,test
T00647398,0,NONE,,,test
T00647399,0,NONE,,,test
T00647400,0,NONE,,,test
T00647401,0,NONE,,,test
T00647402,0,NONE,,,test
T00647403,0,NONE,,,test
T00647404,0,NONE,,,test
T00647405,0,NONE,,,test
T00647406,0,NONE,,,test
T00647407,0,NONE,,,test
T00647408,0,NONE,,,test
T00647409,0,NONE,,,test
T00647410,0,NONE,,,test
T00647411,0,NONE,,,test
T00647412,0,NONE,,,test
T00647413,0,NONE,,,test
T00647414,0,NONE,,,test
T00647415,0,NONE,,,test
T00647416,0,NONE,,,test
T00647417,0,NONE,,,test
T00647418,0,NONE,,,test
T00647419,0,NONE,,,test
T00647420,0,NONE,,,test
T00647421,0,NONE,,,test
T00647422,0,NONE,,,test
T00647423,0,NONE,,,test
T00647424,0,NONE,,,test
T00647425,0,NONE,,,test
T00647426,0,NONE,,,test
T00647427,0,NONE,,,test
T00647428,0,NONE,,,test
T00647429,0,NONE,,,test
T00647430,0,NONE,,,test
T00647431,0,NONE,,,test
T00647432,0,NONE,,,test
T00647433,0,NONE,,,test
T00647434,0,NONE,,,test
T00647435,0,NONE,,,test
T00647436,0,NONE,,,test
T00647437,0,NONE,,,test
T00647438,0,NONE,,,test
T00647439,0,NONE,,,test
T00647440,0,NONE,,,test
T00647441,0,NONE,,,test
T00647442,0,NONE,,,test
T00647443,0,NONE,,,test
T00647444,0,NONE,,,test
T00647445,0,NONE,,,test
T00647446,0,NONE,,,test
T00647447,0,NONE,,,test
T00647448,0,NONE,,,test
T00647449,0,NONE,,,test
T00647450,0,NONE,,,test
T00647451,0,NONE,,,test
T00647452,0,NONE,,,test
T00647453,0,NONE,,,test
T00647454,0,NONE,,,test
T00647455,0,NONE,,,test
T00647456,0,NONE,,,test
T00647457,0,NONE,,,test
T00647458,0,NONE,,,test
T00647459,0,NONE,,,test
T00647460,0,NONE,,,test
T00647461,0,NONE,,,test
T00647462,0,NONE,,,test
T00647463,0,NONE,,,test
T00647464,0,NONE,,,test
T00647465,0,NONE,,,test
T00647466,0,NONE,,,test
T00647467,0,NONE,,,test
T00647468,0,NONE,,,test
T00647469,0,NONE,,,test
T00647470,0,NONE,,,test
T00647471,0,NONE,,,test
T00647472,0,NONE,,,test
T00647473,0,NONE,,,test
T00647474,0,NONE,,,test
T00647475,0,NONE,,,test
T00647476,0,NONE,,,test
T00647477,0,NONE,,,test
T00647478,0,NONE,,,test
T00647479,0,NONE,,,test
T00647480,0,NONE,,,test
T00647481,0,NONE,,,test
T00647482,0,NONE,,,test
T00647483,0,NONE,,,test
T00647484,0,NONE,,,test
T00647485,0,NONE,,,test
T00647486,0,NONE,,,test
T00647487,0,NONE,,,test
T00647488,0,NONE,,,test
T00647489,0,NONE,,,test
T00647490,0,NONE,,,test
T00647491,0,NONE,,,test
T00647492,0,NONE,,,test
T00647493,0,NONE,,,test
T00647494,0,NONE,,,test
T00647495,0,NONE,,,test
T00647496,0,NONE,,,test
T00647497,0,NONE,,,test
T00647498,0,NONE,,,test
T00647499,0,NONE,,,test
T00647500,0,NONE,,,test
T00647501,0,NONE,,,test
T00647502,0,NONE,,,test
T00647503,0,NONE,,,test
T00647504,0,NONE,,,test
T00647505,0,NONE,,,test
T00647506,0,NONE,,,test
T00647507,0,NONE,,,test
T00647508,0,NONE,,,test
T00647509,0,NONE,,,test
T00647510,0,NONE,,,test
T00647511,0,NONE,,,test
T00647512,0,NONE,,,test
T00647513,0,NONE,,,test
T00647514,0,NONE,,,test
T00647515,0,NONE,,,test
T00647516,0,NONE,,,test
T00647517,0,NONE,,,test
T00647518,0,NONE,,,test
T00647519,0,NONE,,,test
T00647520,0,NONE,,,test
T00647521,0,NONE,,,test
T00647522,0,NONE,,,test
T00647523,0,NONE,,,test
T00647524,0,NONE,,,test
T00647525,0,NONE,,,test
T00647526,0,NONE,,,test
T00647527,0,NONE,,,test
T00647528,0,NONE,,,test
T00647529,0,NONE,,,test
T00647530,0,NONE,,,test
T00647531,0,NONE,,,test
T00647532,0,NONE,,,test
T00647533,0,NONE,,,test
T00647534,0,NONE,,,test
T00647535,0,NONE,,,test
T00647536,0,NONE,,,test
T00647537,0,NONE,,,test
T00647538,0,NONE,,,test
T00647539,0,NONE,,,test
T00647540,0,NONE,,,test
T00647541,0,NONE,,,test
T00647542,0,NONE,,,test
T00647543,0,NONE,,,test
T00647544,0,NONE,,,test
T00647545,0,NONE,,,test
T00647546,0,NONE,,,test
T00647547,0,NONE,,,test
T00647548,0,NONE,,,test
T00647549,0,NONE,,,test
T00647550,0,NONE,,,test
T00647551,0,NONE,,,test
T00647552,0,NONE,,,test
T00647553,0,NONE,,,test
T00647554,0,NONE,,,test
T00647555,1,S5,S5-0035,buyer_payment,test
T00647556,0,NONE,,,test
T00647557,1,S2,S2-0039,victim_payment,test
T00647558,0,NONE,,,test
T00647559,0,NONE,,,test
T00647560,0,NONE,,,test
T00647561,0,NONE,,,test
T00647562,0,NONE,,,test
T00647563,0,NONE,,,test
T00647564,0,NONE,,,test
T00647565,0,NONE,,,test
T00647566,0,NONE,,,test
T00647567,1,S7,S7-0161,coerced_send,test
T00647568,0,NONE,,,test
T00647569,0,NONE,,,test
T00647570,0,NONE,,,test
T00647571,0,NONE,,,test
T00647572,0,NONE,,,test
T00647573,0,NONE,,,test
T00647574,0,NONE,,,test
T00647575,0,NONE,,,test
T00647576,0,NONE,,,test
T00647577,0,NONE,,,test
T00647578,0,NONE,,,test
T00647579,0,NONE,,,test
T00647580,0,NONE,,,test
T00647581,0,NONE,,,test
T00647582,0,NONE,,,test
T00647583,0,NONE,,,test
T00647584,0,NONE,,,test
T00647585,0,NONE,,,test
T00647586,0,NONE,,,test
T00647587,0,NONE,,,test
T00647588,0,NONE,,,test
T00647589,0,NONE,,,test
T00647590,0,NONE,,,test
T00647591,0,NONE,,,test
T00647592,0,NONE,,,test
T00647593,0,NONE,,,test
T00647594,0,NONE,,,test
T00647595,0,NONE,,,test
T00647596,0,NONE,,,test
T00647597,0,NONE,,,test
T00647598,0,NONE,,,test
T00647599,0,NONE,,,test
T00647600,0,NONE,,,test
T00647601,0,NONE,,,test
T00647602,0,NONE,,,test
T00647603,0,NONE,,,test
T00647604,0,NONE,,,test
T00647605,0,NONE,,,test
T00647606,0,NONE,,,test
T00647607,0,NONE,,,test
T00647608,0,NONE,,,test
T00647609,0,NONE,,,test
T00647610,0,NONE,,,test
T00647611,0,NONE,,,test
T00647612,0,NONE,,,test
T00647613,0,NONE,,,test
T00647614,0,NONE,,,test
T00647615,0,NONE,,,test
T00647616,0,NONE,,,test
T00647617,0,NONE,,,test
T00647618,0,NONE,,,test
T00647619,0,NONE,,,test
T00647620,0,NONE,,,test
T00647621,0,NONE,,,test
T00647622,0,NONE,,,test
T00647623,0,NONE,,,test
T00647624,0,NONE,,,test
T00647625,0,NONE,,,test
T00647626,0,NONE,,,test
T00647627,0,NONE,,,test
T00647628,0,NONE,,,test
T00647629,0,NONE,,,test
T00647630,0,NONE,,,test
T00647631,0,NONE,,,test
T00647632,0,NONE,,,test
T00647633,0,NONE,,,test
T00647634,0,NONE,,,test
T00647635,0,NONE,,,test
T00647636,0,NONE,,,test
T00647637,0,NONE,,,test
T00647638,0,NONE,,,test
T00647639,0,NONE,,,test
T00647640,0,NONE,,,test
T00647641,0,NONE,,,test
T00647642,0,NONE,,,test
T00647643,0,NONE,,,test
T00647644,0,NONE,,,test
T00647645,0,NONE,,,test
T00647646,0,NONE,,,test
T00647647,0,NONE,,,test
T00647648,0,NONE,,,test
T00647649,0,NONE,,,test
T00647650,0,NONE,,,test
T00647651,0,NONE,,,test
T00647652,0,NONE,,,test
T00647653,0,NONE,,,test
T00647654,0,NONE,,,test
T00647655,0,NONE,,,test
T00647656,0,NONE,,,test
T00647657,0,NONE,,,test
T00647658,0,NONE,,,test
T00647659,0,NONE,,,test
T00647660,0,NONE,,,test
T00647661,0,NONE,,,test
T00647662,0,NONE,,,test
T00647663,1,S7,S7-0161,recipient_cashout,test
T00647664,0,NONE,,,test
T00647665,0,NONE,,,test
T00647666,0,NONE,,,test
T00647667,0,NONE,,,test
T00647668,0,NONE,,,test
T00647669,0,NONE,,,test
T00647670,0,NONE,,,test
T00647671,0,NONE,,,test
T00647672,0,NONE,,,test
T00647673,0,NONE,,,test
T00647674,0,NONE,,,test
T00647675,0,NONE,,,test
T00647676,0,NONE,,,test
T00647677,0,NONE,,,test
T00647678,0,NONE,,,test
T00647679,0,NONE,,,test
T00647680,0,NONE,,,test
T00647681,0,NONE,,,test
T00647682,0,NONE,,,test
T00647683,0,NONE,,,test
T00647684,0,NONE,,,test
T00647685,0,NONE,,,test
T00647686,0,NONE,,,test
T00647687,0,NONE,,,test
T00647688,0,NONE,,,test
T00647689,0,NONE,,,test
T00647690,0,NONE,,,test
T00647691,0,NONE,,,test
T00647692,0,NONE,,,test
T00647693,0,NONE,,,test
T00647694,0,NONE,,,test
T00647695,0,NONE,,,test
T00647696,0,NONE,,,test
T00647697,0,NONE,,,test
T00647698,0,NONE,,,test
T00647699,0,NONE,,,test
T00647700,0,NONE,,,test
T00647701,0,NONE,,,test
T00647702,0,NONE,,,test
T00647703,0,NONE,,,test
T00647704,0,NONE,,,test
T00647705,0,NONE,,,test
T00647706,0,NONE,,,test
T00647707,0,NONE,,,test
T00647708,0,NONE,,,test
T00647709,0,NONE,,,test
T00647710,0,NONE,,,test
T00647711,0,NONE,,,test
T00647712,0,NONE,,,test
T00647713,0,NONE,,,test
T00647714,0,NONE,,,test
T00647715,0,NONE,,,test
T00647716,0,NONE,,,test
T00647717,0,NONE,,,test
T00647718,0,NONE,,,test
T00647719,0,NONE,,,test
T00647720,0,NONE,,,test
T00647721,0,NONE,,,test
T00647722,0,NONE,,,test
T00647723,0,NONE,,,test
T00647724,0,NONE,,,test
T00647725,0,NONE,,,test
T00647726,0,NONE,,,test
T00647727,0,NONE,,,test
T00647728,0,NONE,,,test
T00647729,0,NONE,,,test
T00647730,0,NONE,,,test
T00647731,0,NONE,,,test
T00647732,0,NONE,,,test
T00647733,0,NONE,,,test
T00647734,0,NONE,,,test
T00647735,0,NONE,,,test
T00647736,0,NONE,,,test
T00647737,0,NONE,,,test
T00647738,0,NONE,,,test
T00647739,0,NONE,,,test
T00647740,0,NONE,,,test
T00647741,0,NONE,,,test
T00647742,0,NONE,,,test
T00647743,0,NONE,,,test
T00647744,0,NONE,,,test
T00647745,0,NONE,,,test
T00647746,0,NONE,,,test
T00647747,0,NONE,,,test
T00647748,0,NONE,,,test
T00647749,0,NONE,,,test
T00647750,0,NONE,,,test
T00647751,0,NONE,,,test
T00647752,0,NONE,,,test
T00647753,0,NONE,,,test
T00647754,0,NONE,,,test
T00647755,0,NONE,,,test
T00647756,0,NONE,,,test
T00647757,0,NONE,,,test
T00647758,0,NONE,,,test
T00647759,0,NONE,,,test
T00647760,0,NONE,,,test
T00647761,0,NONE,,,test
T00647762,0,NONE,,,test
T00647763,0,NONE,,,test
T00647764,0,NONE,,,test
T00647765,0,NONE,,,test
T00647766,0,NONE,,,test
T00647767,0,NONE,,,test
T00647768,0,NONE,,,test
T00647769,0,NONE,,,test
T00647770,0,NONE,,,test
T00647771,0,NONE,,,test
T00647772,0,NONE,,,test
T00647773,0,NONE,,,test
T00647774,0,NONE,,,test
T00647775,0,NONE,,,test
T00647776,0,NONE,,,test
T00647777,0,NONE,,,test
T00647778,0,NONE,,,test
T00647779,0,NONE,,,test
T00647780,0,NONE,,,test
T00647781,0,NONE,,,test
T00647782,0,NONE,,,test
T00647783,0,NONE,,,test
T00647784,0,NONE,,,test
T00647785,0,NONE,,,test
T00647786,0,NONE,,,test
T00647787,0,NONE,,,test
T00647788,0,NONE,,,test
T00647789,0,NONE,,,test
T00647790,0,NONE,,,test
T00647791,0,NONE,,,test
T00647792,0,NONE,,,test
T00647793,0,NONE,,,test
T00647794,0,NONE,,,test
T00647795,0,NONE,,,test
T00647796,0,NONE,,,test
T00647797,0,NONE,,,test
T00647798,0,NONE,,,test
T00647799,0,NONE,,,test
T00647800,0,NONE,,,test
T00647801,0,NONE,,,test
T00647802,0,NONE,,,test
T00647803,0,NONE,,,test
T00647804,0,NONE,,,test
T00647805,0,NONE,,,test
T00647806,0,NONE,,,test
T00647807,0,NONE,,,test
T00647808,0,NONE,,,test
T00647809,0,NONE,,,test
T00647810,0,NONE,,,test
T00647811,0,NONE,,,test
T00647812,0,NONE,,,test
T00647813,0,NONE,,,test
T00647814,0,NONE,,,test
T00647815,0,NONE,,,test
T00647816,0,NONE,,,test
T00647817,0,NONE,,,test
T00647818,0,NONE,,,test
T00647819,0,NONE,,,test
T00647820,0,NONE,,,test
T00647821,0,NONE,,,test
T00647822,0,NONE,,,test
T00647823,0,NONE,,,test
T00647824,0,NONE,,,test
T00647825,0,NONE,,,test
T00647826,0,NONE,,,test
T00647827,0,NONE,,,test
T00647828,0,NONE,,,test
T00647829,0,NONE,,,test
T00647830,0,NONE,,,test
T00647831,0,NONE,,,test
T00647832,0,NONE,,,test
T00647833,0,NONE,,,test
T00647834,0,NONE,,,test
T00647835,0,NONE,,,test
T00647836,0,NONE,,,test
T00647837,0,NONE,,,test
T00647838,0,NONE,,,test
T00647839,0,NONE,,,test
T00647840,0,NONE,,,test
T00647841,0,NONE,,,test
T00647842,0,NONE,,,test
T00647843,0,NONE,,,test
T00647844,0,NONE,,,test
T00647845,0,NONE,,,test
T00647846,0,NONE,,,test
T00647847,0,NONE,,,test
T00647848,0,NONE,,,test
T00647849,0,NONE,,,test
T00647850,0,NONE,,,test
T00647851,0,NONE,,,test
T00647852,0,NONE,,,test
T00647853,0,NONE,,,test
T00647854,0,NONE,,,test
T00647855,0,NONE,,,test
T00647856,0,NONE,,,test
T00647857,0,NONE,,,test
T00647858,0,NONE,,,test
T00647859,0,NONE,,,test
T00647860,0,NONE,,,test
T00647861,0,NONE,,,test
T00647862,0,NONE,,,test
T00647863,0,NONE,,,test
T00647864,0,NONE,,,test
T00647865,0,NONE,,,test
T00647866,0,NONE,,,test
T00647867,0,NONE,,,test
T00647868,0,NONE,,,test
T00647869,0,NONE,,,test
T00647870,0,NONE,,,test
T00647871,0,NONE,,,test
T00647872,0,NONE,,,test
T00647873,0,NONE,,,test
T00647874,0,NONE,,,test
T00647875,0,NONE,,,test
T00647876,0,NONE,,,test
T00647877,0,NONE,,,test
T00647878,0,NONE,,,test
T00647879,0,NONE,,,test
T00647880,0,NONE,,,test
T00647881,0,NONE,,,test
T00647882,0,NONE,,,test
T00647883,0,NONE,,,test
T00647884,0,NONE,,,test
T00647885,0,NONE,,,test
T00647886,0,NONE,,,test
T00647887,0,NONE,,,test
T00647888,0,NONE,,,test
T00647889,0,NONE,,,test
T00647890,0,NONE,,,test
T00647891,0,NONE,,,test
T00647892,0,NONE,,,test
T00647893,0,NONE,,,test
T00647894,0,NONE,,,test
T00647895,0,NONE,,,test
T00647896,0,NONE,,,test
T00647897,0,NONE,,,test
T00647898,0,NONE,,,test
T00647899,0,NONE,,,test
T00647900,0,NONE,,,test
T00647901,0,NONE,,,test
T00647902,0,NONE,,,test
T00647903,0,NONE,,,test
T00647904,0,NONE,,,test
T00647905,0,NONE,,,test
T00647906,0,NONE,,,test
T00647907,0,NONE,,,test
T00647908,0,NONE,,,test
T00647909,0,NONE,,,test
T00647910,0,NONE,,,test
T00647911,0,NONE,,,test
T00647912,0,NONE,,,test
T00647913,0,NONE,,,test
T00647914,0,NONE,,,test
T00647915,0,NONE,,,test
T00647916,0,NONE,,,test
T00647917,0,NONE,,,test
T00647918,0,NONE,,,test
T00647919,0,NONE,,,test
T00647920,0,NONE,,,test
T00647921,0,NONE,,,test
T00647922,0,NONE,,,test
T00647923,0,NONE,,,test
T00647924,0,NONE,,,test
T00647925,0,NONE,,,test
T00647926,0,NONE,,,test
T00647927,0,NONE,,,test
T00647928,0,NONE,,,test
T00647929,0,NONE,,,test
T00647930,0,NONE,,,test
T00647931,0,NONE,,,test
T00647932,0,NONE,,,test
T00647933,0,NONE,,,test
T00647934,0,NONE,,,test
T00647935,0,NONE,,,test
T00647936,0,NONE,,,test
T00647937,0,NONE,,,test
T00647938,0,NONE,,,test
T00647939,0,NONE,,,test
T00647940,0,NONE,,,test
T00647941,0,NONE,,,test
T00647942,0,NONE,,,test
T00647943,0,NONE,,,test
T00647944,0,NONE,,,test
T00647945,0,NONE,,,test
T00647946,1,S5,S5-0035,buyer_payment,test
T00647947,0,NONE,,,test
T00647948,0,NONE,,,test
T00647949,0,NONE,,,test
T00647950,0,NONE,,,test
T00647951,0,NONE,,,test
T00647952,0,NONE,,,test
T00647953,0,NONE,,,test
T00647954,0,NONE,,,test
T00647955,0,NONE,,,test
T00647956,0,NONE,,,test
T00647957,0,NONE,,,test
T00647958,0,NONE,,,test
T00647959,0,NONE,,,test
T00647960,0,NONE,,,test
T00647961,0,NONE,,,test
T00647962,0,NONE,,,test
T00647963,0,NONE,,,test
T00647964,0,NONE,,,test
T00647965,0,NONE,,,test
T00647966,0,NONE,,,test
T00647967,0,NONE,,,test
T00647968,0,NONE,,,test
T00647969,0,NONE,,,test
T00647970,0,NONE,,,test
T00647971,0,NONE,,,test
T00647972,0,NONE,,,test
T00647973,0,NONE,,,test
T00647974,0,NONE,,,test
T00647975,0,NONE,,,test
T00647976,0,NONE,,,test
T00647977,0,NONE,,,test
T00647978,0,NONE,,,test
T00647979,0,NONE,,,test
T00647980,0,NONE,,,test
T00647981,0,NONE,,,test
T00647982,0,NONE,,,test
T00647983,0,NONE,,,test
T00647984,0,NONE,,,test
T00647985,0,NONE,,,test
T00647986,0,NONE,,,test
T00647987,0,NONE,,,test
T00647988,0,NONE,,,test
T00647989,0,NONE,,,test
T00647990,0,NONE,,,test
T00647991,0,NONE,,,test
T00647992,0,NONE,,,test
T00647993,1,S7,S7-0161,mule_hop,test
T00647994,0,NONE,,,test
T00647995,0,NONE,,,test
T00647996,0,NONE,,,test
T00647997,0,NONE,,,test
T00647998,0,NONE,,,test
T00647999,0,NONE,,,test
T00648000,0,NONE,,,test
T00648001,0,NONE,,,test
T00648002,0,NONE,,,test
T00648003,0,NONE,,,test
T00648004,0,NONE,,,test
T00648005,0,NONE,,,test
T00648006,0,NONE,,,test
T00648007,0,NONE,,,test
T00648008,0,NONE,,,test
T00648009,0,NONE,,,test
T00648010,0,NONE,,,test
T00648011,0,NONE,,,test
T00648012,0,NONE,,,test
T00648013,0,NONE,,,test
T00648014,0,NONE,,,test
T00648015,0,NONE,,,test
T00648016,0,NONE,,,test
T00648017,0,NONE,,,test
T00648018,0,NONE,,,test
T00648019,0,NONE,,,test
T00648020,0,NONE,,,test
T00648021,0,NONE,,,test
T00648022,0,NONE,,,test
T00648023,0,NONE,,,test
T00648024,0,NONE,,,test
T00648025,0,NONE,,,test
T00648026,0,NONE,,,test
T00648027,0,NONE,,,test
T00648028,0,NONE,,,test
T00648029,0,NONE,,,test
T00648030,0,NONE,,,test
T00648031,0,NONE,,,test
T00648032,0,NONE,,,test
T00648033,0,NONE,,,test
T00648034,0,NONE,,,test
T00648035,0,NONE,,,test
T00648036,0,NONE,,,test
T00648037,0,NONE,,,test
T00648038,0,NONE,,,test
T00648039,0,NONE,,,test
T00648040,0,NONE,,,test
T00648041,0,NONE,,,test
T00648042,1,S5,S5-0037,seller_cashout,test
T00648043,0,NONE,,,test
T00648044,0,NONE,,,test
T00648045,0,NONE,,,test
T00648046,0,NONE,,,test
T00648047,0,NONE,,,test
T00648048,0,NONE,,,test
T00648049,0,NONE,,,test
T00648050,0,NONE,,,test
T00648051,0,NONE,,,test
T00648052,0,NONE,,,test
T00648053,0,NONE,,,test
T00648054,0,NONE,,,test
T00648055,0,NONE,,,test
T00648056,0,NONE,,,test
T00648057,0,NONE,,,test
T00648058,0,NONE,,,test
T00648059,0,NONE,,,test
T00648060,0,NONE,,,test
T00648061,0,NONE,,,test
T00648062,0,NONE,,,test
T00648063,0,NONE,,,test
T00648064,0,NONE,,,test
T00648065,0,NONE,,,test
T00648066,0,NONE,,,test
T00648067,0,NONE,,,test
T00648068,0,NONE,,,test
T00648069,0,NONE,,,test
T00648070,0,NONE,,,test
T00648071,0,NONE,,,test
T00648072,0,NONE,,,test
T00648073,0,NONE,,,test
T00648074,0,NONE,,,test
T00648075,0,NONE,,,test
T00648076,0,NONE,,,test
T00648077,0,NONE,,,test
T00648078,0,NONE,,,test
T00648079,0,NONE,,,test
T00648080,0,NONE,,,test
T00648081,0,NONE,,,test
T00648082,0,NONE,,,test
T00648083,0,NONE,,,test
T00648084,0,NONE,,,test
T00648085,0,NONE,,,test
T00648086,0,NONE,,,test
T00648087,0,NONE,,,test
T00648088,0,NONE,,,test
T00648089,0,NONE,,,test
T00648090,0,NONE,,,test
T00648091,0,NONE,,,test
T00648092,0,NONE,,,test
T00648093,0,NONE,,,test
T00648094,0,NONE,,,test
T00648095,0,NONE,,,test
T00648096,0,NONE,,,test
T00648097,0,NONE,,,test
T00648098,0,NONE,,,test
T00648099,0,NONE,,,test
T00648100,0,NONE,,,test
T00648101,0,NONE,,,test
T00648102,0,NONE,,,test
T00648103,0,NONE,,,test
T00648104,0,NONE,,,test
T00648105,0,NONE,,,test
T00648106,0,NONE,,,test
T00648107,0,NONE,,,test
T00648108,0,NONE,,,test
T00648109,0,NONE,,,test
T00648110,0,NONE,,,test
T00648111,0,NONE,,,test
T00648112,0,NONE,,,test
T00648113,0,NONE,,,test
T00648114,0,NONE,,,test
T00648115,0,NONE,,,test
T00648116,0,NONE,,,test
T00648117,0,NONE,,,test
T00648118,0,NONE,,,test
T00648119,0,NONE,,,test
T00648120,0,NONE,,,test
T00648121,0,NONE,,,test
T00648122,0,NONE,,,test
T00648123,0,NONE,,,test
T00648124,0,NONE,,,test
T00648125,0,NONE,,,test
T00648126,0,NONE,,,test
T00648127,0,NONE,,,test
T00648128,0,NONE,,,test
T00648129,0,NONE,,,test
T00648130,0,NONE,,,test
T00648131,0,NONE,,,test
T00648132,0,NONE,,,test
T00648133,0,NONE,,,test
T00648134,0,NONE,,,test
T00648135,0,NONE,,,test
T00648136,0,NONE,,,test
T00648137,0,NONE,,,test
T00648138,0,NONE,,,test
T00648139,0,NONE,,,test
T00648140,0,NONE,,,test
T00648141,0,NONE,,,test
T00648142,0,NONE,,,test
T00648143,0,NONE,,,test
T00648144,0,NONE,,,test
T00648145,0,NONE,,,test
T00648146,0,NONE,,,test
T00648147,0,NONE,,,test
T00648148,0,NONE,,,test
T00648149,0,NONE,,,test
T00648150,0,NONE,,,test
T00648151,0,NONE,,,test
T00648152,0,NONE,,,test
T00648153,0,NONE,,,test
T00648154,0,NONE,,,test
T00648155,0,NONE,,,test
T00648156,0,NONE,,,test
T00648157,0,NONE,,,test
T00648158,0,NONE,,,test
T00648159,0,NONE,,,test
T00648160,0,NONE,,,test
T00648161,0,NONE,,,test
T00648162,0,NONE,,,test
T00648163,0,NONE,,,test
T00648164,0,NONE,,,test
T00648165,0,NONE,,,test
T00648166,0,NONE,,,test
T00648167,0,NONE,,,test
T00648168,0,NONE,,,test
T00648169,0,NONE,,,test
T00648170,0,NONE,,,test
T00648171,0,NONE,,,test
T00648172,0,NONE,,,test
T00648173,0,NONE,,,test
T00648174,0,NONE,,,test
T00648175,0,NONE,,,test
T00648176,0,NONE,,,test
T00648177,0,NONE,,,test
T00648178,0,NONE,,,test
T00648179,0,NONE,,,test
T00648180,0,NONE,,,test
T00648181,0,NONE,,,test
T00648182,0,NONE,,,test
T00648183,0,NONE,,,test
T00648184,0,NONE,,,test
T00648185,0,NONE,,,test
T00648186,0,NONE,,,test
T00648187,0,NONE,,,test
T00648188,0,NONE,,,test
T00648189,0,NONE,,,test
T00648190,0,NONE,,,test
T00648191,0,NONE,,,test
T00648192,0,NONE,,,test
T00648193,0,NONE,,,test
T00648194,0,NONE,,,test
T00648195,0,NONE,,,test
T00648196,0,NONE,,,test
T00648197,0,NONE,,,test
T00648198,0,NONE,,,test
T00648199,0,NONE,,,test
T00648200,0,NONE,,,test
T00648201,0,NONE,,,test
T00648202,0,NONE,,,test
T00648203,0,NONE,,,test
T00648204,0,NONE,,,test
T00648205,0,NONE,,,test
T00648206,0,NONE,,,test
T00648207,0,NONE,,,test
T00648208,0,NONE,,,test
T00648209,0,NONE,,,test
T00648210,0,NONE,,,test
T00648211,0,NONE,,,test
T00648212,0,NONE,,,test
T00648213,0,NONE,,,test
T00648214,0,NONE,,,test
T00648215,0,NONE,,,test
T00648216,0,NONE,,,test
T00648217,0,NONE,,,test
T00648218,0,NONE,,,test
T00648219,0,NONE,,,test
T00648220,0,NONE,,,test
T00648221,0,NONE,,,test
T00648222,0,NONE,,,test
T00648223,0,NONE,,,test
T00648224,0,NONE,,,test
T00648225,0,NONE,,,test
T00648226,0,NONE,,,test
T00648227,0,NONE,,,test
T00648228,0,NONE,,,test
T00648229,0,NONE,,,test
T00648230,0,NONE,,,test
T00648231,0,NONE,,,test
T00648232,0,NONE,,,test
T00648233,0,NONE,,,test
T00648234,0,NONE,,,test
T00648235,0,NONE,,,test
T00648236,0,NONE,,,test
T00648237,0,NONE,,,test
T00648238,0,NONE,,,test
T00648239,0,NONE,,,test
T00648240,0,NONE,,,test
T00648241,0,NONE,,,test
T00648242,0,NONE,,,test
T00648243,0,NONE,,,test
T00648244,0,NONE,,,test
T00648245,0,NONE,,,test
T00648246,0,NONE,,,test
T00648247,0,NONE,,,test
T00648248,0,NONE,,,test
T00648249,0,NONE,,,test
T00648250,0,NONE,,,test
T00648251,0,NONE,,,test
T00648252,0,NONE,,,test
T00648253,0,NONE,,,test
T00648254,0,NONE,,,test
T00648255,0,NONE,,,test
T00648256,0,NONE,,,test
T00648257,0,NONE,,,test
T00648258,0,NONE,,,test
T00648259,0,NONE,,,test
T00648260,0,NONE,,,test
T00648261,0,NONE,,,test
T00648262,0,NONE,,,test
T00648263,0,NONE,,,test
T00648264,0,NONE,,,test
T00648265,0,NONE,,,test
T00648266,0,NONE,,,test
T00648267,0,NONE,,,test
T00648268,0,NONE,,,test
T00648269,0,NONE,,,test
T00648270,0,NONE,,,test
T00648271,0,NONE,,,test
T00648272,0,NONE,,,test
T00648273,0,NONE,,,test
T00648274,0,NONE,,,test
T00648275,0,NONE,,,test
T00648276,0,NONE,,,test
T00648277,0,NONE,,,test
T00648278,0,NONE,,,test
T00648279,0,NONE,,,test
T00648280,0,NONE,,,test
T00648281,0,NONE,,,test
T00648282,0,NONE,,,test
T00648283,0,NONE,,,test
T00648284,0,NONE,,,test
T00648285,0,NONE,,,test
T00648286,0,NONE,,,test
T00648287,0,NONE,,,test
T00648288,0,NONE,,,test
T00648289,0,NONE,,,test
T00648290,0,NONE,,,test
T00648291,0,NONE,,,test
T00648292,0,NONE,,,test
T00648293,0,NONE,,,test
T00648294,0,NONE,,,test
T00648295,0,NONE,,,test
T00648296,0,NONE,,,test
T00648297,0,NONE,,,test
T00648298,0,NONE,,,test
T00648299,0,NONE,,,test
T00648300,0,NONE,,,test
T00648301,0,NONE,,,test
T00648302,0,NONE,,,test
T00648303,0,NONE,,,test
T00648304,0,NONE,,,test
T00648305,0,NONE,,,test
T00648306,0,NONE,,,test
T00648307,0,NONE,,,test
T00648308,0,NONE,,,test
T00648309,0,NONE,,,test
T00648310,0,NONE,,,test
T00648311,0,NONE,,,test
T00648312,0,NONE,,,test
T00648313,0,NONE,,,test
T00648314,0,NONE,,,test
T00648315,0,NONE,,,test
T00648316,0,NONE,,,test
T00648317,0,NONE,,,test
T00648318,0,NONE,,,test
T00648319,0,NONE,,,test
T00648320,0,NONE,,,test
T00648321,0,NONE,,,test
T00648322,0,NONE,,,test
T00648323,0,NONE,,,test
T00648324,0,NONE,,,test
T00648325,0,NONE,,,test
T00648326,0,NONE,,,test
T00648327,0,NONE,,,test
T00648328,0,NONE,,,test
T00648329,0,NONE,,,test
T00648330,0,NONE,,,test
T00648331,0,NONE,,,test
T00648332,0,NONE,,,test
T00648333,0,NONE,,,test
T00648334,0,NONE,,,test
T00648335,0,NONE,,,test
T00648336,0,NONE,,,test
T00648337,0,NONE,,,test
T00648338,0,NONE,,,test
T00648339,0,NONE,,,test
T00648340,0,NONE,,,test
T00648341,0,NONE,,,test
T00648342,0,NONE,,,test
T00648343,0,NONE,,,test
T00648344,0,NONE,,,test
T00648345,0,NONE,,,test
T00648346,0,NONE,,,test
T00648347,0,NONE,,,test
T00648348,0,NONE,,,test
T00648349,0,NONE,,,test
T00648350,0,NONE,,,test
T00648351,0,NONE,,,test
T00648352,0,NONE,,,test
T00648353,0,NONE,,,test
T00648354,0,NONE,,,test
T00648355,0,NONE,,,test
T00648356,0,NONE,,,test
T00648357,0,NONE,,,test
T00648358,0,NONE,,,test
T00648359,0,NONE,,,test
T00648360,0,NONE,,,test
T00648361,0,NONE,,,test
T00648362,0,NONE,,,test
T00648363,0,NONE,,,test
T00648364,0,NONE,,,test
T00648365,0,NONE,,,test
T00648366,0,NONE,,,test
T00648367,0,NONE,,,test
T00648368,0,NONE,,,test
T00648369,0,NONE,,,test
T00648370,0,NONE,,,test
T00648371,0,NONE,,,test
T00648372,0,NONE,,,test
T00648373,0,NONE,,,test
T00648374,0,NONE,,,test
T00648375,0,NONE,,,test
T00648376,0,NONE,,,test
T00648377,0,NONE,,,test
T00648378,0,NONE,,,test
T00648379,0,NONE,,,test
T00648380,0,NONE,,,test
T00648381,1,S2,S2-0039,victim_payment,test
T00648382,0,NONE,,,test
T00648383,0,NONE,,,test
T00648384,0,NONE,,,test
T00648385,0,NONE,,,test
T00648386,0,NONE,,,test
T00648387,0,NONE,,,test
T00648388,0,NONE,,,test
T00648389,0,NONE,,,test
T00648390,0,NONE,,,test
T00648391,0,NONE,,,test
T00648392,0,NONE,,,test
T00648393,0,NONE,,,test
T00648394,0,NONE,,,test
T00648395,0,NONE,,,test
T00648396,0,NONE,,,test
T00648397,0,NONE,,,test
T00648398,0,NONE,,,test
T00648399,0,NONE,,,test
T00648400,0,NONE,,,test
T00648401,0,NONE,,,test
T00648402,0,NONE,,,test
T00648403,0,NONE,,,test
T00648404,0,NONE,,,test
T00648405,0,NONE,,,test
T00648406,0,NONE,,,test
T00648407,0,NONE,,,test
T00648408,0,NONE,,,test
T00648409,0,NONE,,,test
T00648410,0,NONE,,,test
T00648411,0,NONE,,,test
T00648412,0,NONE,,,test
T00648413,0,NONE,,,test
T00648414,0,NONE,,,test
T00648415,0,NONE,,,test
T00648416,0,NONE,,,test
T00648417,0,NONE,,,test
T00648418,0,NONE,,,test
T00648419,0,NONE,,,test
T00648420,0,NONE,,,test
T00648421,0,NONE,,,test
T00648422,0,NONE,,,test
T00648423,0,NONE,,,test
T00648424,0,NONE,,,test
T00648425,0,NONE,,,test
T00648426,0,NONE,,,test
T00648427,0,NONE,,,test
T00648428,0,NONE,,,test
T00648429,0,NONE,,,test
T00648430,0,NONE,,,test
T00648431,0,NONE,,,test
T00648432,0,NONE,,,test
T00648433,0,NONE,,,test
T00648434,0,NONE,,,test
T00648435,0,NONE,,,test
T00648436,0,NONE,,,test
T00648437,0,NONE,,,test
T00648438,0,NONE,,,test
T00648439,0,NONE,,,test
T00648440,0,NONE,,,test
T00648441,0,NONE,,,test
T00648442,0,NONE,,,test
T00648443,0,NONE,,,test
T00648444,0,NONE,,,test
T00648445,0,NONE,,,test
T00648446,0,NONE,,,test
T00648447,0,NONE,,,test
T00648448,0,NONE,,,test
T00648449,0,NONE,,,test
T00648450,0,NONE,,,test
T00648451,0,NONE,,,test
T00648452,0,NONE,,,test
T00648453,0,NONE,,,test
T00648454,0,NONE,,,test
T00648455,0,NONE,,,test
T00648456,0,NONE,,,test
T00648457,0,NONE,,,test
T00648458,0,NONE,,,test
T00648459,0,NONE,,,test
T00648460,0,NONE,,,test
T00648461,0,NONE,,,test
T00648462,0,NONE,,,test
T00648463,0,NONE,,,test
T00648464,0,NONE,,,test
T00648465,0,NONE,,,test
T00648466,0,NONE,,,test
T00648467,0,NONE,,,test
T00648468,0,NONE,,,test
T00648469,0,NONE,,,test
T00648470,0,NONE,,,test
T00648471,0,NONE,,,test
T00648472,0,NONE,,,test
T00648473,0,NONE,,,test
T00648474,0,NONE,,,test
T00648475,0,NONE,,,test
T00648476,0,NONE,,,test
T00648477,0,NONE,,,test
T00648478,0,NONE,,,test
T00648479,0,NONE,,,test
T00648480,0,NONE,,,test
T00648481,0,NONE,,,test
T00648482,0,NONE,,,test
T00648483,0,NONE,,,test
T00648484,0,NONE,,,test
T00648485,0,NONE,,,test
T00648486,0,NONE,,,test
T00648487,0,NONE,,,test
T00648488,0,NONE,,,test
T00648489,0,NONE,,,test
T00648490,0,NONE,,,test
T00648491,0,NONE,,,test
T00648492,0,NONE,,,test
T00648493,0,NONE,,,test
T00648494,0,NONE,,,test
T00648495,0,NONE,,,test
T00648496,0,NONE,,,test
T00648497,0,NONE,,,test
T00648498,0,NONE,,,test
T00648499,0,NONE,,,test
T00648500,0,NONE,,,test
T00648501,0,NONE,,,test
T00648502,0,NONE,,,test
T00648503,0,NONE,,,test
T00648504,0,NONE,,,test
T00648505,0,NONE,,,test
T00648506,0,NONE,,,test
T00648507,0,NONE,,,test
T00648508,0,NONE,,,test
T00648509,0,NONE,,,test
T00648510,0,NONE,,,test
T00648511,0,NONE,,,test
T00648512,0,NONE,,,test
T00648513,0,NONE,,,test
T00648514,0,NONE,,,test
T00648515,0,NONE,,,test
T00648516,0,NONE,,,test
T00648517,0,NONE,,,test
T00648518,0,NONE,,,test
T00648519,0,NONE,,,test
T00648520,0,NONE,,,test
T00648521,0,NONE,,,test
T00648522,0,NONE,,,test
T00648523,0,NONE,,,test
T00648524,0,NONE,,,test
T00648525,0,NONE,,,test
T00648526,0,NONE,,,test
T00648527,0,NONE,,,test
T00648528,0,NONE,,,test
T00648529,0,NONE,,,test
T00648530,0,NONE,,,test
T00648531,0,NONE,,,test
T00648532,0,NONE,,,test
T00648533,0,NONE,,,test
T00648534,0,NONE,,,test
T00648535,0,NONE,,,test
T00648536,0,NONE,,,test
T00648537,0,NONE,,,test
T00648538,0,NONE,,,test
T00648539,0,NONE,,,test
T00648540,0,NONE,,,test
T00648541,0,NONE,,,test
T00648542,0,NONE,,,test
T00648543,0,NONE,,,test
T00648544,0,NONE,,,test
T00648545,0,NONE,,,test
T00648546,0,NONE,,,test
T00648547,0,NONE,,,test
T00648548,0,NONE,,,test
T00648549,0,NONE,,,test
T00648550,0,NONE,,,test
T00648551,0,NONE,,,test
T00648552,0,NONE,,,test
T00648553,0,NONE,,,test
T00648554,0,NONE,,,test
T00648555,0,NONE,,,test
T00648556,0,NONE,,,test
T00648557,0,NONE,,,test
T00648558,0,NONE,,,test
T00648559,0,NONE,,,test
T00648560,0,NONE,,,test
T00648561,0,NONE,,,test
T00648562,0,NONE,,,test
T00648563,0,NONE,,,test
T00648564,0,NONE,,,test
T00648565,0,NONE,,,test
T00648566,0,NONE,,,test
T00648567,0,NONE,,,test
T00648568,0,NONE,,,test
T00648569,0,NONE,,,test
T00648570,0,NONE,,,test
T00648571,0,NONE,,,test
T00648572,0,NONE,,,test
T00648573,0,NONE,,,test
T00648574,0,NONE,,,test
T00648575,0,NONE,,,test
T00648576,0,NONE,,,test
T00648577,0,NONE,,,test
T00648578,0,NONE,,,test
T00648579,0,NONE,,,test
T00648580,0,NONE,,,test
T00648581,0,NONE,,,test
T00648582,0,NONE,,,test
T00648583,0,NONE,,,test
T00648584,0,NONE,,,test
T00648585,0,NONE,,,test
T00648586,0,NONE,,,test
T00648587,0,NONE,,,test
T00648588,0,NONE,,,test
T00648589,0,NONE,,,test
T00648590,0,NONE,,,test
T00648591,0,NONE,,,test
T00648592,0,NONE,,,test
T00648593,0,NONE,,,test
T00648594,0,NONE,,,test
T00648595,0,NONE,,,test
T00648596,0,NONE,,,test
T00648597,0,NONE,,,test
T00648598,0,NONE,,,test
T00648599,0,NONE,,,test
T00648600,0,NONE,,,test
T00648601,0,NONE,,,test
T00648602,0,NONE,,,test
T00648603,0,NONE,,,test
T00648604,0,NONE,,,test
T00648605,0,NONE,,,test
T00648606,0,NONE,,,test
T00648607,0,NONE,,,test
T00648608,0,NONE,,,test
T00648609,0,NONE,,,test
T00648610,0,NONE,,,test
T00648611,0,NONE,,,test
T00648612,0,NONE,,,test
T00648613,0,NONE,,,test
T00648614,0,NONE,,,test
T00648615,0,NONE,,,test
T00648616,0,NONE,,,test
T00648617,0,NONE,,,test
T00648618,0,NONE,,,test
T00648619,0,NONE,,,test
T00648620,0,NONE,,,test
T00648621,0,NONE,,,test
T00648622,0,NONE,,,test
T00648623,0,NONE,,,test
T00648624,0,NONE,,,test
T00648625,0,NONE,,,test
T00648626,0,NONE,,,test
T00648627,0,NONE,,,test
T00648628,0,NONE,,,test
T00648629,0,NONE,,,test
T00648630,0,NONE,,,test
T00648631,0,NONE,,,test
T00648632,0,NONE,,,test
T00648633,0,NONE,,,test
T00648634,0,NONE,,,test
T00648635,0,NONE,,,test
T00648636,0,NONE,,,test
T00648637,0,NONE,,,test
T00648638,0,NONE,,,test
T00648639,0,NONE,,,test
T00648640,0,NONE,,,test
T00648641,0,NONE,,,test
T00648642,0,NONE,,,test
T00648643,0,NONE,,,test
T00648644,0,NONE,,,test
T00648645,0,NONE,,,test
T00648646,0,NONE,,,test
T00648647,0,NONE,,,test
T00648648,0,NONE,,,test
T00648649,0,NONE,,,test
T00648650,0,NONE,,,test
T00648651,0,NONE,,,test
T00648652,0,NONE,,,test
T00648653,0,NONE,,,test
T00648654,0,NONE,,,test
T00648655,0,NONE,,,test
T00648656,0,NONE,,,test
T00648657,0,NONE,,,test
T00648658,0,NONE,,,test
T00648659,0,NONE,,,test
T00648660,0,NONE,,,test
T00648661,0,NONE,,,test
T00648662,0,NONE,,,test
T00648663,0,NONE,,,test
T00648664,0,NONE,,,test
T00648665,0,NONE,,,test
T00648666,0,NONE,,,test
T00648667,0,NONE,,,test
T00648668,0,NONE,,,test
T00648669,0,NONE,,,test
T00648670,0,NONE,,,test
T00648671,0,NONE,,,test
T00648672,0,NONE,,,test
T00648673,0,NONE,,,test
T00648674,0,NONE,,,test
T00648675,0,NONE,,,test
T00648676,0,NONE,,,test
T00648677,0,NONE,,,test
T00648678,0,NONE,,,test
T00648679,0,NONE,,,test
T00648680,0,NONE,,,test
T00648681,0,NONE,,,test
T00648682,0,NONE,,,test
T00648683,0,NONE,,,test
T00648684,0,NONE,,,test
T00648685,0,NONE,,,test
T00648686,0,NONE,,,test
T00648687,0,NONE,,,test
T00648688,0,NONE,,,test
T00648689,0,NONE,,,test
T00648690,0,NONE,,,test
T00648691,0,NONE,,,test
T00648692,0,NONE,,,test
T00648693,0,NONE,,,test
T00648694,0,NONE,,,test
T00648695,0,NONE,,,test
T00648696,0,NONE,,,test
T00648697,0,NONE,,,test
T00648698,0,NONE,,,test
T00648699,0,NONE,,,test
T00648700,0,NONE,,,test
T00648701,0,NONE,,,test
T00648702,0,NONE,,,test
T00648703,0,NONE,,,test
T00648704,0,NONE,,,test
T00648705,0,NONE,,,test
T00648706,0,NONE,,,test
T00648707,0,NONE,,,test
T00648708,0,NONE,,,test
T00648709,0,NONE,,,test
T00648710,0,NONE,,,test
T00648711,0,NONE,,,test
T00648712,0,NONE,,,test
T00648713,0,NONE,,,test
T00648714,0,NONE,,,test
T00648715,0,NONE,,,test
T00648716,0,NONE,,,test
T00648717,0,NONE,,,test
T00648718,0,NONE,,,test
T00648719,0,NONE,,,test
T00648720,0,NONE,,,test
T00648721,0,NONE,,,test
T00648722,0,NONE,,,test
T00648723,0,NONE,,,test
T00648724,0,NONE,,,test
T00648725,0,NONE,,,test
T00648726,0,NONE,,,test
T00648727,0,NONE,,,test
T00648728,0,NONE,,,test
T00648729,0,NONE,,,test
T00648730,0,NONE,,,test
T00648731,0,NONE,,,test
T00648732,0,NONE,,,test
T00648733,0,NONE,,,test
T00648734,0,NONE,,,test
T00648735,0,NONE,,,test
T00648736,0,NONE,,,test
T00648737,0,NONE,,,test
T00648738,0,NONE,,,test
T00648739,0,NONE,,,test
T00648740,0,NONE,,,test
T00648741,0,NONE,,,test
T00648742,0,NONE,,,test
T00648743,0,NONE,,,test
T00648744,0,NONE,,,test
T00648745,0,NONE,,,test
T00648746,0,NONE,,,test
T00648747,0,NONE,,,test
T00648748,0,NONE,,,test
T00648749,0,NONE,,,test
T00648750,0,NONE,,,test
T00648751,0,NONE,,,test
T00648752,0,NONE,,,test
T00648753,0,NONE,,,test
T00648754,0,NONE,,,test
T00648755,0,NONE,,,test
T00648756,0,NONE,,,test
T00648757,0,NONE,,,test
T00648758,0,NONE,,,test
T00648759,0,NONE,,,test
T00648760,0,NONE,,,test
T00648761,0,NONE,,,test
T00648762,0,NONE,,,test
T00648763,0,NONE,,,test
T00648764,0,NONE,,,test
T00648765,0,NONE,,,test
T00648766,0,NONE,,,test
T00648767,0,NONE,,,test
T00648768,0,NONE,,,test
T00648769,0,NONE,,,test
T00648770,0,NONE,,,test
T00648771,0,NONE,,,test
T00648772,0,NONE,,,test
T00648773,0,NONE,,,test
T00648774,0,NONE,,,test
T00648775,0,NONE,,,test
T00648776,0,NONE,,,test
T00648777,0,NONE,,,test
T00648778,0,NONE,,,test
T00648779,0,NONE,,,test
T00648780,0,NONE,,,test
T00648781,0,NONE,,,test
T00648782,0,NONE,,,test
T00648783,0,NONE,,,test
T00648784,0,NONE,,,test
T00648785,0,NONE,,,test
T00648786,0,NONE,,,test
T00648787,0,NONE,,,test
T00648788,0,NONE,,,test
T00648789,0,NONE,,,test
T00648790,0,NONE,,,test
T00648791,0,NONE,,,test
T00648792,0,NONE,,,test
T00648793,0,NONE,,,test
T00648794,0,NONE,,,test
T00648795,0,NONE,,,test
T00648796,0,NONE,,,test
T00648797,0,NONE,,,test
T00648798,0,NONE,,,test
T00648799,0,NONE,,,test
T00648800,0,NONE,,,test
T00648801,0,NONE,,,test
T00648802,0,NONE,,,test
T00648803,0,NONE,,,test
T00648804,0,NONE,,,test
T00648805,0,NONE,,,test
T00648806,0,NONE,,,test
T00648807,0,NONE,,,test
T00648808,0,NONE,,,test
T00648809,0,NONE,,,test
T00648810,0,NONE,,,test
T00648811,0,NONE,,,test
T00648812,0,NONE,,,test
T00648813,0,NONE,,,test
T00648814,0,NONE,,,test
T00648815,0,NONE,,,test
T00648816,0,NONE,,,test
T00648817,0,NONE,,,test
T00648818,0,NONE,,,test
T00648819,0,NONE,,,test
T00648820,0,NONE,,,test
T00648821,0,NONE,,,test
T00648822,0,NONE,,,test
T00648823,0,NONE,,,test
T00648824,0,NONE,,,test
T00648825,0,NONE,,,test
T00648826,0,NONE,,,test
T00648827,0,NONE,,,test
T00648828,0,NONE,,,test
T00648829,0,NONE,,,test
T00648830,0,NONE,,,test
T00648831,0,NONE,,,test
T00648832,0,NONE,,,test
T00648833,0,NONE,,,test
T00648834,0,NONE,,,test
T00648835,0,NONE,,,test
T00648836,0,NONE,,,test
T00648837,0,NONE,,,test
T00648838,0,NONE,,,test
T00648839,0,NONE,,,test
T00648840,0,NONE,,,test
T00648841,0,NONE,,,test
T00648842,0,NONE,,,test
T00648843,0,NONE,,,test
T00648844,0,NONE,,,test
T00648845,0,NONE,,,test
T00648846,0,NONE,,,test
T00648847,0,NONE,,,test
T00648848,0,NONE,,,test
T00648849,0,NONE,,,test
T00648850,0,NONE,,,test
T00648851,0,NONE,,,test
T00648852,0,NONE,,,test
T00648853,0,NONE,,,test
T00648854,0,NONE,,,test
T00648855,0,NONE,,,test
T00648856,0,NONE,,,test
T00648857,0,NONE,,,test
T00648858,0,NONE,,,test
T00648859,0,NONE,,,test
T00648860,0,NONE,,,test
T00648861,0,NONE,,,test
T00648862,0,NONE,,,test
T00648863,0,NONE,,,test
T00648864,0,NONE,,,test
T00648865,0,NONE,,,test
T00648866,0,NONE,,,test
T00648867,0,NONE,,,test
T00648868,0,NONE,,,test
T00648869,0,NONE,,,test
T00648870,0,NONE,,,test
T00648871,0,NONE,,,test
T00648872,0,NONE,,,test
T00648873,0,NONE,,,test
T00648874,0,NONE,,,test
T00648875,0,NONE,,,test
T00648876,0,NONE,,,test
T00648877,0,NONE,,,test
T00648878,0,NONE,,,test
T00648879,0,NONE,,,test
T00648880,0,NONE,,,test
T00648881,0,NONE,,,test
T00648882,0,NONE,,,test
T00648883,0,NONE,,,test
T00648884,0,NONE,,,test
T00648885,0,NONE,,,test
T00648886,0,NONE,,,test
T00648887,0,NONE,,,test
T00648888,0,NONE,,,test
T00648889,0,NONE,,,test
T00648890,0,NONE,,,test
T00648891,0,NONE,,,test
T00648892,0,NONE,,,test
T00648893,0,NONE,,,test
T00648894,0,NONE,,,test
T00648895,0,NONE,,,test
T00648896,0,NONE,,,test
T00648897,0,NONE,,,test
T00648898,0,NONE,,,test
T00648899,0,NONE,,,test
T00648900,0,NONE,,,test
T00648901,0,NONE,,,test
T00648902,0,NONE,,,test
T00648903,0,NONE,,,test
T00648904,0,NONE,,,test
T00648905,0,NONE,,,test
T00648906,0,NONE,,,test
T00648907,0,NONE,,,test
T00648908,0,NONE,,,test
T00648909,0,NONE,,,test
T00648910,0,NONE,,,test
T00648911,0,NONE,,,test
T00648912,0,NONE,,,test
T00648913,0,NONE,,,test
T00648914,0,NONE,,,test
T00648915,0,NONE,,,test
T00648916,0,NONE,,,test
T00648917,0,NONE,,,test
T00648918,0,NONE,,,test
T00648919,0,NONE,,,test
T00648920,0,NONE,,,test
T00648921,0,NONE,,,test
T00648922,0,NONE,,,test
T00648923,0,NONE,,,test
T00648924,0,NONE,,,test
T00648925,0,NONE,,,test
T00648926,0,NONE,,,test
T00648927,0,NONE,,,test
T00648928,0,NONE,,,test
T00648929,0,NONE,,,test
T00648930,0,NONE,,,test
T00648931,0,NONE,,,test
T00648932,0,NONE,,,test
T00648933,0,NONE,,,test
T00648934,0,NONE,,,test
T00648935,0,NONE,,,test
T00648936,0,NONE,,,test
T00648937,0,NONE,,,test
T00648938,0,NONE,,,test
T00648939,0,NONE,,,test
T00648940,0,NONE,,,test
T00648941,0,NONE,,,test
T00648942,0,NONE,,,test
T00648943,0,NONE,,,test
T00648944,0,NONE,,,test
T00648945,0,NONE,,,test
T00648946,0,NONE,,,test
T00648947,0,NONE,,,test
T00648948,0,NONE,,,test
T00648949,0,NONE,,,test
T00648950,0,NONE,,,test
T00648951,0,NONE,,,test
T00648952,0,NONE,,,test
T00648953,0,NONE,,,test
T00648954,0,NONE,,,test
T00648955,0,NONE,,,test
T00648956,0,NONE,,,test
T00648957,0,NONE,,,test
T00648958,0,NONE,,,test
T00648959,0,NONE,,,test
T00648960,0,NONE,,,test
T00648961,0,NONE,,,test
T00648962,0,NONE,,,test
T00648963,0,NONE,,,test
T00648964,0,NONE,,,test
T00648965,0,NONE,,,test
T00648966,0,NONE,,,test
T00648967,0,NONE,,,test
T00648968,0,NONE,,,test
T00648969,0,NONE,,,test
T00648970,0,NONE,,,test
T00648971,0,NONE,,,test
T00648972,0,NONE,,,test
T00648973,0,NONE,,,test
T00648974,0,NONE,,,test
T00648975,0,NONE,,,test
T00648976,0,NONE,,,test
T00648977,0,NONE,,,test
T00648978,0,NONE,,,test
T00648979,0,NONE,,,test
T00648980,0,NONE,,,test
T00648981,0,NONE,,,test
T00648982,0,NONE,,,test
T00648983,0,NONE,,,test
T00648984,0,NONE,,,test
T00648985,0,NONE,,,test
T00648986,0,NONE,,,test
T00648987,0,NONE,,,test
T00648988,0,NONE,,,test
T00648989,0,NONE,,,test
T00648990,0,NONE,,,test
T00648991,0,NONE,,,test
T00648992,0,NONE,,,test
T00648993,0,NONE,,,test
T00648994,0,NONE,,,test
T00648995,0,NONE,,,test
T00648996,0,NONE,,,test
T00648997,0,NONE,,,test
T00648998,0,NONE,,,test
T00648999,0,NONE,,,test
T00649000,0,NONE,,,test
T00649001,0,NONE,,,test
T00649002,0,NONE,,,test
T00649003,0,NONE,,,test
T00649004,0,NONE,,,test
T00649005,0,NONE,,,test
T00649006,0,NONE,,,test
T00649007,0,NONE,,,test
T00649008,0,NONE,,,test
T00649009,0,NONE,,,test
T00649010,0,NONE,,,test
T00649011,0,NONE,,,test
T00649012,0,NONE,,,test
T00649013,0,NONE,,,test
T00649014,0,NONE,,,test
T00649015,0,NONE,,,test
T00649016,0,NONE,,,test
T00649017,0,NONE,,,test
T00649018,0,NONE,,,test
T00649019,0,NONE,,,test
T00649020,0,NONE,,,test
T00649021,0,NONE,,,test
T00649022,0,NONE,,,test
T00649023,0,NONE,,,test
T00649024,0,NONE,,,test
T00649025,0,NONE,,,test
T00649026,0,NONE,,,test
T00649027,0,NONE,,,test
T00649028,0,NONE,,,test
T00649029,0,NONE,,,test
T00649030,0,NONE,,,test
T00649031,0,NONE,,,test
T00649032,0,NONE,,,test
T00649033,0,NONE,,,test
T00649034,0,NONE,,,test
T00649035,0,NONE,,,test
T00649036,0,NONE,,,test
T00649037,0,NONE,,,test
T00649038,0,NONE,,,test
T00649039,0,NONE,,,test
T00649040,0,NONE,,,test
T00649041,0,NONE,,,test
T00649042,0,NONE,,,test
T00649043,0,NONE,,,test
T00649044,0,NONE,,,test
T00649045,0,NONE,,,test
T00649046,0,NONE,,,test
T00649047,0,NONE,,,test
T00649048,0,NONE,,,test
T00649049,0,NONE,,,test
T00649050,0,NONE,,,test
T00649051,0,NONE,,,test
T00649052,0,NONE,,,test
T00649053,0,NONE,,,test
T00649054,0,NONE,,,test
T00649055,0,NONE,,,test
T00649056,0,NONE,,,test
T00649057,0,NONE,,,test
T00649058,0,NONE,,,test
T00649059,0,NONE,,,test
T00649060,0,NONE,,,test
T00649061,0,NONE,,,test
T00649062,0,NONE,,,test
T00649063,0,NONE,,,test
T00649064,0,NONE,,,test
T00649065,0,NONE,,,test
T00649066,0,NONE,,,test
T00649067,0,NONE,,,test
T00649068,0,NONE,,,test
T00649069,0,NONE,,,test
T00649070,0,NONE,,,test
T00649071,0,NONE,,,test
T00649072,0,NONE,,,test
T00649073,0,NONE,,,test
T00649074,0,NONE,,,test
T00649075,0,NONE,,,test
T00649076,0,NONE,,,test
T00649077,0,NONE,,,test
T00649078,0,NONE,,,test
T00649079,0,NONE,,,test
T00649080,0,NONE,,,test
T00649081,0,NONE,,,test
T00649082,0,NONE,,,test
T00649083,0,NONE,,,test
T00649084,0,NONE,,,test
T00649085,0,NONE,,,test
T00649086,0,NONE,,,test
T00649087,0,NONE,,,test
T00649088,0,NONE,,,test
T00649089,0,NONE,,,test
T00649090,0,NONE,,,test
T00649091,0,NONE,,,test
T00649092,0,NONE,,,test
T00649093,0,NONE,,,test
T00649094,0,NONE,,,test
T00649095,0,NONE,,,test
T00649096,0,NONE,,,test
T00649097,0,NONE,,,test
T00649098,0,NONE,,,test
T00649099,0,NONE,,,test
T00649100,0,NONE,,,test
T00649101,0,NONE,,,test
T00649102,0,NONE,,,test
T00649103,0,NONE,,,test
T00649104,0,NONE,,,test
T00649105,0,NONE,,,test
T00649106,0,NONE,,,test
T00649107,0,NONE,,,test
T00649108,0,NONE,,,test
T00649109,0,NONE,,,test
T00649110,0,NONE,,,test
T00649111,0,NONE,,,test
T00649112,0,NONE,,,test
T00649113,0,NONE,,,test
T00649114,0,NONE,,,test
T00649115,0,NONE,,,test
T00649116,0,NONE,,,test
T00649117,0,NONE,,,test
T00649118,0,NONE,,,test
T00649119,0,NONE,,,test
T00649120,0,NONE,,,test
T00649121,0,NONE,,,test
T00649122,0,NONE,,,test
T00649123,0,NONE,,,test
T00649124,0,NONE,,,test
T00649125,0,NONE,,,test
T00649126,0,NONE,,,test
T00649127,0,NONE,,,test
T00649128,0,NONE,,,test
T00649129,0,NONE,,,test
T00649130,0,NONE,,,test
T00649131,0,NONE,,,test
T00649132,0,NONE,,,test
T00649133,0,NONE,,,test
T00649134,0,NONE,,,test
T00649135,0,NONE,,,test
T00649136,0,NONE,,,test
T00649137,0,NONE,,,test
T00649138,0,NONE,,,test
T00649139,0,NONE,,,test
T00649140,0,NONE,,,test
T00649141,0,NONE,,,test
T00649142,0,NONE,,,test
T00649143,0,NONE,,,test
T00649144,0,NONE,,,test
T00649145,0,NONE,,,test
T00649146,0,NONE,,,test
T00649147,0,NONE,,,test
T00649148,0,NONE,,,test
T00649149,0,NONE,,,test
T00649150,0,NONE,,,test
T00649151,0,NONE,,,test
T00649152,0,NONE,,,test
T00649153,0,NONE,,,test
T00649154,0,NONE,,,test
T00649155,0,NONE,,,test
T00649156,0,NONE,,,test
T00649157,1,S2,S2-0039,victim_payment,test
T00649158,0,NONE,,,test
T00649159,0,NONE,,,test
T00649160,0,NONE,,,test
T00649161,0,NONE,,,test
T00649162,0,NONE,,,test
T00649163,0,NONE,,,test
T00649164,0,NONE,,,test
T00649165,0,NONE,,,test
T00649166,0,NONE,,,test
T00649167,0,NONE,,,test
T00649168,0,NONE,,,test
T00649169,0,NONE,,,test
T00649170,0,NONE,,,test
T00649171,0,NONE,,,test
T00649172,0,NONE,,,test
T00649173,0,NONE,,,test
T00649174,0,NONE,,,test
T00649175,0,NONE,,,test
T00649176,0,NONE,,,test
T00649177,0,NONE,,,test
T00649178,0,NONE,,,test
T00649179,0,NONE,,,test
T00649180,0,NONE,,,test
T00649181,0,NONE,,,test
T00649182,0,NONE,,,test
T00649183,0,NONE,,,test
T00649184,0,NONE,,,test
T00649185,0,NONE,,,test
T00649186,0,NONE,,,test
T00649187,0,NONE,,,test
T00649188,0,NONE,,,test
T00649189,0,NONE,,,test
T00649190,0,NONE,,,test
T00649191,0,NONE,,,test
T00649192,0,NONE,,,test
T00649193,0,NONE,,,test
T00649194,0,NONE,,,test
T00649195,0,NONE,,,test
T00649196,0,NONE,,,test
T00649197,0,NONE,,,test
T00649198,0,NONE,,,test
T00649199,0,NONE,,,test
T00649200,0,NONE,,,test
T00649201,0,NONE,,,test
T00649202,0,NONE,,,test
T00649203,0,NONE,,,test
T00649204,0,NONE,,,test
T00649205,0,NONE,,,test
T00649206,0,NONE,,,test
T00649207,0,NONE,,,test
T00649208,0,NONE,,,test
T00649209,0,NONE,,,test
T00649210,0,NONE,,,test
T00649211,0,NONE,,,test
T00649212,0,NONE,,,test
T00649213,0,NONE,,,test
T00649214,0,NONE,,,test
T00649215,0,NONE,,,test
T00649216,0,NONE,,,test
T00649217,0,NONE,,,test
T00649218,0,NONE,,,test
T00649219,0,NONE,,,test
T00649220,0,NONE,,,test
T00649221,0,NONE,,,test
T00649222,0,NONE,,,test
T00649223,0,NONE,,,test
T00649224,0,NONE,,,test
T00649225,0,NONE,,,test
T00649226,0,NONE,,,test
T00649227,0,NONE,,,test
T00649228,0,NONE,,,test
T00649229,0,NONE,,,test
T00649230,0,NONE,,,test
T00649231,0,NONE,,,test
T00649232,0,NONE,,,test
T00649233,0,NONE,,,test
T00649234,0,NONE,,,test
T00649235,0,NONE,,,test
T00649236,0,NONE,,,test
T00649237,0,NONE,,,test
T00649238,0,NONE,,,test
T00649239,0,NONE,,,test
T00649240,0,NONE,,,test
T00649241,0,NONE,,,test
T00649242,0,NONE,,,test
T00649243,0,NONE,,,test
T00649244,0,NONE,,,test
T00649245,0,NONE,,,test
T00649246,0,NONE,,,test
T00649247,0,NONE,,,test
T00649248,0,NONE,,,test
T00649249,0,NONE,,,test
T00649250,0,NONE,,,test
T00649251,0,NONE,,,test
T00649252,0,NONE,,,test
T00649253,0,NONE,,,test
T00649254,0,NONE,,,test
T00649255,0,NONE,,,test
T00649256,0,NONE,,,test
T00649257,0,NONE,,,test
T00649258,0,NONE,,,test
T00649259,0,NONE,,,test
T00649260,0,NONE,,,test
T00649261,0,NONE,,,test
T00649262,0,NONE,,,test
T00649263,0,NONE,,,test
T00649264,0,NONE,,,test
T00649265,0,NONE,,,test
T00649266,0,NONE,,,test
T00649267,0,NONE,,,test
T00649268,0,NONE,,,test
T00649269,0,NONE,,,test
T00649270,0,NONE,,,test
T00649271,0,NONE,,,test
T00649272,0,NONE,,,test
T00649273,0,NONE,,,test
T00649274,0,NONE,,,test
T00649275,0,NONE,,,test
T00649276,0,NONE,,,test
T00649277,0,NONE,,,test
T00649278,0,NONE,,,test
T00649279,0,NONE,,,test
T00649280,0,NONE,,,test
T00649281,0,NONE,,,test
T00649282,0,NONE,,,test
T00649283,0,NONE,,,test
T00649284,0,NONE,,,test
T00649285,0,NONE,,,test
T00649286,0,NONE,,,test
T00649287,0,NONE,,,test
T00649288,0,NONE,,,test
T00649289,0,NONE,,,test
T00649290,0,NONE,,,test
T00649291,0,NONE,,,test
T00649292,0,NONE,,,test
T00649293,0,NONE,,,test
T00649294,0,NONE,,,test
T00649295,0,NONE,,,test
T00649296,0,NONE,,,test
T00649297,0,NONE,,,test
T00649298,0,NONE,,,test
T00649299,0,NONE,,,test
T00649300,0,NONE,,,test
T00649301,0,NONE,,,test
T00649302,0,NONE,,,test
T00649303,0,NONE,,,test
T00649304,0,NONE,,,test
T00649305,0,NONE,,,test
T00649306,0,NONE,,,test
T00649307,0,NONE,,,test
T00649308,0,NONE,,,test
T00649309,0,NONE,,,test
T00649310,0,NONE,,,test
T00649311,0,NONE,,,test
T00649312,0,NONE,,,test
T00649313,0,NONE,,,test
T00649314,0,NONE,,,test
T00649315,0,NONE,,,test
T00649316,0,NONE,,,test
T00649317,0,NONE,,,test
T00649318,0,NONE,,,test
T00649319,0,NONE,,,test
T00649320,0,NONE,,,test
T00649321,0,NONE,,,test
T00649322,0,NONE,,,test
T00649323,0,NONE,,,test
T00649324,0,NONE,,,test
T00649325,0,NONE,,,test
T00649326,0,NONE,,,test
T00649327,0,NONE,,,test
T00649328,0,NONE,,,test
T00649329,0,NONE,,,test
T00649330,0,NONE,,,test
T00649331,0,NONE,,,test
T00649332,0,NONE,,,test
T00649333,0,NONE,,,test
T00649334,0,NONE,,,test
T00649335,0,NONE,,,test
T00649336,0,NONE,,,test
T00649337,0,NONE,,,test
T00649338,0,NONE,,,test
T00649339,0,NONE,,,test
T00649340,0,NONE,,,test
T00649341,0,NONE,,,test
T00649342,0,NONE,,,test
T00649343,0,NONE,,,test
T00649344,0,NONE,,,test
T00649345,0,NONE,,,test
T00649346,0,NONE,,,test
T00649347,0,NONE,,,test
T00649348,0,NONE,,,test
T00649349,0,NONE,,,test
T00649350,0,NONE,,,test
T00649351,0,NONE,,,test
T00649352,0,NONE,,,test
T00649353,0,NONE,,,test
T00649354,0,NONE,,,test
T00649355,0,NONE,,,test
T00649356,0,NONE,,,test
T00649357,0,NONE,,,test
T00649358,0,NONE,,,test
T00649359,0,NONE,,,test
T00649360,0,NONE,,,test
T00649361,0,NONE,,,test
T00649362,0,NONE,,,test
T00649363,0,NONE,,,test
T00649364,0,NONE,,,test
T00649365,0,NONE,,,test
T00649366,0,NONE,,,test
T00649367,0,NONE,,,test
T00649368,0,NONE,,,test
T00649369,0,NONE,,,test
T00649370,0,NONE,,,test
T00649371,0,NONE,,,test
T00649372,0,NONE,,,test
T00649373,0,NONE,,,test
T00649374,0,NONE,,,test
T00649375,0,NONE,,,test
T00649376,0,NONE,,,test
T00649377,0,NONE,,,test
T00649378,0,NONE,,,test
T00649379,0,NONE,,,test
T00649380,0,NONE,,,test
T00649381,0,NONE,,,test
T00649382,0,NONE,,,test
T00649383,0,NONE,,,test
T00649384,0,NONE,,,test
T00649385,0,NONE,,,test
T00649386,0,NONE,,,test
T00649387,0,NONE,,,test
T00649388,0,NONE,,,test
T00649389,0,NONE,,,test
T00649390,0,NONE,,,test
T00649391,0,NONE,,,test
T00649392,0,NONE,,,test
T00649393,0,NONE,,,test
T00649394,0,NONE,,,test
T00649395,0,NONE,,,test
T00649396,0,NONE,,,test
T00649397,0,NONE,,,test
T00649398,0,NONE,,,test
T00649399,0,NONE,,,test
T00649400,0,NONE,,,test
T00649401,0,NONE,,,test
T00649402,0,NONE,,,test
T00649403,0,NONE,,,test
T00649404,0,NONE,,,test
T00649405,0,NONE,,,test
T00649406,0,NONE,,,test
T00649407,0,NONE,,,test
T00649408,0,NONE,,,test
T00649409,0,NONE,,,test
T00649410,0,NONE,,,test
T00649411,0,NONE,,,test
T00649412,0,NONE,,,test
T00649413,0,NONE,,,test
T00649414,0,NONE,,,test
T00649415,0,NONE,,,test
T00649416,0,NONE,,,test
T00649417,0,NONE,,,test
T00649418,0,NONE,,,test
T00649419,0,NONE,,,test
T00649420,0,NONE,,,test
T00649421,0,NONE,,,test
T00649422,0,NONE,,,test
T00649423,1,S5,S5-0037,buyer_payment,test
T00649424,0,NONE,,,test
T00649425,0,NONE,,,test
T00649426,0,NONE,,,test
T00649427,0,NONE,,,test
T00649428,0,NONE,,,test
T00649429,0,NONE,,,test
T00649430,0,NONE,,,test
T00649431,0,NONE,,,test
T00649432,0,NONE,,,test
T00649433,0,NONE,,,test
T00649434,0,NONE,,,test
T00649435,0,NONE,,,test
T00649436,0,NONE,,,test
T00649437,0,NONE,,,test
T00649438,0,NONE,,,test
T00649439,0,NONE,,,test
T00649440,0,NONE,,,test
T00649441,0,NONE,,,test
T00649442,0,NONE,,,test
T00649443,0,NONE,,,test
T00649444,0,NONE,,,test
T00649445,0,NONE,,,test
T00649446,0,NONE,,,test
T00649447,0,NONE,,,test
T00649448,0,NONE,,,test
T00649449,0,NONE,,,test
T00649450,0,NONE,,,test
T00649451,0,NONE,,,test
T00649452,0,NONE,,,test
T00649453,0,NONE,,,test
T00649454,0,NONE,,,test
T00649455,0,NONE,,,test
T00649456,0,NONE,,,test
T00649457,0,NONE,,,test
T00649458,0,NONE,,,test
T00649459,0,NONE,,,test
T00649460,0,NONE,,,test
T00649461,0,NONE,,,test
T00649462,0,NONE,,,test
T00649463,0,NONE,,,test
T00649464,0,NONE,,,test
T00649465,0,NONE,,,test
T00649466,0,NONE,,,test
T00649467,0,NONE,,,test
T00649468,0,NONE,,,test
T00649469,0,NONE,,,test
T00649470,0,NONE,,,test
T00649471,0,NONE,,,test
T00649472,0,NONE,,,test
T00649473,0,NONE,,,test
T00649474,0,NONE,,,test
T00649475,0,NONE,,,test
T00649476,0,NONE,,,test
T00649477,0,NONE,,,test
T00649478,0,NONE,,,test
T00649479,0,NONE,,,test
T00649480,0,NONE,,,test
T00649481,0,NONE,,,test
T00649482,0,NONE,,,test
T00649483,0,NONE,,,test
T00649484,0,NONE,,,test
T00649485,0,NONE,,,test
T00649486,0,NONE,,,test
T00649487,0,NONE,,,test
T00649488,0,NONE,,,test
T00649489,0,NONE,,,test
T00649490,0,NONE,,,test
T00649491,0,NONE,,,test
T00649492,0,NONE,,,test
T00649493,0,NONE,,,test
T00649494,0,NONE,,,test
T00649495,0,NONE,,,test
T00649496,0,NONE,,,test
T00649497,0,NONE,,,test
T00649498,0,NONE,,,test
T00649499,0,NONE,,,test
T00649500,0,NONE,,,test
T00649501,0,NONE,,,test
T00649502,0,NONE,,,test
T00649503,0,NONE,,,test
T00649504,0,NONE,,,test
T00649505,0,NONE,,,test
T00649506,0,NONE,,,test
T00649507,0,NONE,,,test
T00649508,0,NONE,,,test
T00649509,0,NONE,,,test
T00649510,0,NONE,,,test
T00649511,0,NONE,,,test
T00649512,0,NONE,,,test
T00649513,0,NONE,,,test
T00649514,0,NONE,,,test
T00649515,0,NONE,,,test
T00649516,0,NONE,,,test
T00649517,0,NONE,,,test
T00649518,0,NONE,,,test
T00649519,0,NONE,,,test
T00649520,0,NONE,,,test
T00649521,0,NONE,,,test
T00649522,0,NONE,,,test
T00649523,0,NONE,,,test
T00649524,0,NONE,,,test
T00649525,0,NONE,,,test
T00649526,0,NONE,,,test
T00649527,0,NONE,,,test
T00649528,0,NONE,,,test
T00649529,0,NONE,,,test
T00649530,0,NONE,,,test
T00649531,0,NONE,,,test
T00649532,0,NONE,,,test
T00649533,0,NONE,,,test
T00649534,0,NONE,,,test
T00649535,0,NONE,,,test
T00649536,0,NONE,,,test
T00649537,0,NONE,,,test
T00649538,0,NONE,,,test
T00649539,0,NONE,,,test
T00649540,0,NONE,,,test
T00649541,0,NONE,,,test
T00649542,0,NONE,,,test
T00649543,0,NONE,,,test
T00649544,0,NONE,,,test
T00649545,0,NONE,,,test
T00649546,0,NONE,,,test
T00649547,0,NONE,,,test
T00649548,0,NONE,,,test
T00649549,0,NONE,,,test
T00649550,0,NONE,,,test
T00649551,0,NONE,,,test
T00649552,0,NONE,,,test
T00649553,0,NONE,,,test
T00649554,0,NONE,,,test
T00649555,0,NONE,,,test
T00649556,0,NONE,,,test
T00649557,0,NONE,,,test
T00649558,0,NONE,,,test
T00649559,0,NONE,,,test
T00649560,0,NONE,,,test
T00649561,0,NONE,,,test
T00649562,0,NONE,,,test
T00649563,0,NONE,,,test
T00649564,0,NONE,,,test
T00649565,0,NONE,,,test
T00649566,0,NONE,,,test
T00649567,0,NONE,,,test
T00649568,0,NONE,,,test
T00649569,0,NONE,,,test
T00649570,0,NONE,,,test
T00649571,0,NONE,,,test
T00649572,0,NONE,,,test
T00649573,0,NONE,,,test
T00649574,0,NONE,,,test
T00649575,0,NONE,,,test
T00649576,0,NONE,,,test
T00649577,0,NONE,,,test
T00649578,0,NONE,,,test
T00649579,0,NONE,,,test
T00649580,0,NONE,,,test
T00649581,0,NONE,,,test
T00649582,0,NONE,,,test
T00649583,0,NONE,,,test
T00649584,0,NONE,,,test
T00649585,0,NONE,,,test
T00649586,0,NONE,,,test
T00649587,0,NONE,,,test
T00649588,0,NONE,,,test
T00649589,0,NONE,,,test
T00649590,0,NONE,,,test
T00649591,0,NONE,,,test
T00649592,0,NONE,,,test
T00649593,0,NONE,,,test
T00649594,0,NONE,,,test
T00649595,0,NONE,,,test
T00649596,0,NONE,,,test
T00649597,0,NONE,,,test
T00649598,0,NONE,,,test
T00649599,0,NONE,,,test
T00649600,0,NONE,,,test
T00649601,0,NONE,,,test
T00649602,0,NONE,,,test
T00649603,0,NONE,,,test
T00649604,0,NONE,,,test
T00649605,0,NONE,,,test
T00649606,0,NONE,,,test
T00649607,0,NONE,,,test
T00649608,0,NONE,,,test
T00649609,0,NONE,,,test
T00649610,0,NONE,,,test
T00649611,0,NONE,,,test
T00649612,0,NONE,,,test
T00649613,0,NONE,,,test
T00649614,0,NONE,,,test
T00649615,0,NONE,,,test
T00649616,0,NONE,,,test
T00649617,0,NONE,,,test
T00649618,0,NONE,,,test
T00649619,0,NONE,,,test
T00649620,0,NONE,,,test
T00649621,0,NONE,,,test
T00649622,0,NONE,,,test
T00649623,0,NONE,,,test
T00649624,0,NONE,,,test
T00649625,0,NONE,,,test
T00649626,0,NONE,,,test
T00649627,0,NONE,,,test
T00649628,0,NONE,,,test
T00649629,0,NONE,,,test
T00649630,0,NONE,,,test
T00649631,0,NONE,,,test
T00649632,0,NONE,,,test
T00649633,0,NONE,,,test
T00649634,0,NONE,,,test
T00649635,0,NONE,,,test
T00649636,0,NONE,,,test
T00649637,0,NONE,,,test
T00649638,0,NONE,,,test
T00649639,0,NONE,,,test
T00649640,0,NONE,,,test
T00649641,0,NONE,,,test
T00649642,0,NONE,,,test
T00649643,0,NONE,,,test
T00649644,0,NONE,,,test
T00649645,0,NONE,,,test
T00649646,0,NONE,,,test
T00649647,0,NONE,,,test
T00649648,0,NONE,,,test
T00649649,0,NONE,,,test
T00649650,0,NONE,,,test
T00649651,0,NONE,,,test
T00649652,0,NONE,,,test
T00649653,0,NONE,,,test
T00649654,0,NONE,,,test
T00649655,0,NONE,,,test
T00649656,0,NONE,,,test
T00649657,0,NONE,,,test
T00649658,0,NONE,,,test
T00649659,0,NONE,,,test
T00649660,0,NONE,,,test
T00649661,0,NONE,,,test
T00649662,0,NONE,,,test
T00649663,0,NONE,,,test
T00649664,0,NONE,,,test
T00649665,0,NONE,,,test
T00649666,0,NONE,,,test
T00649667,0,NONE,,,test
T00649668,0,NONE,,,test
T00649669,0,NONE,,,test
T00649670,0,NONE,,,test
T00649671,0,NONE,,,test
T00649672,0,NONE,,,test
T00649673,0,NONE,,,test
T00649674,0,NONE,,,test
T00649675,0,NONE,,,test
T00649676,0,NONE,,,test
T00649677,0,NONE,,,test
T00649678,0,NONE,,,test
T00649679,0,NONE,,,test
T00649680,0,NONE,,,test
T00649681,0,NONE,,,test
T00649682,0,NONE,,,test
T00649683,0,NONE,,,test
T00649684,0,NONE,,,test
T00649685,0,NONE,,,test
T00649686,0,NONE,,,test
T00649687,0,NONE,,,test
T00649688,0,NONE,,,test
T00649689,0,NONE,,,test
T00649690,0,NONE,,,test
T00649691,0,NONE,,,test
T00649692,1,S2,S2-0039,victim_payment,test
T00649693,0,NONE,,,test
T00649694,0,NONE,,,test
T00649695,0,NONE,,,test
T00649696,0,NONE,,,test
T00649697,0,NONE,,,test
T00649698,0,NONE,,,test
T00649699,0,NONE,,,test
T00649700,0,NONE,,,test
T00649701,0,NONE,,,test
T00649702,0,NONE,,,test
T00649703,0,NONE,,,test
T00649704,0,NONE,,,test
T00649705,0,NONE,,,test
T00649706,0,NONE,,,test
T00649707,0,NONE,,,test
T00649708,0,NONE,,,test
T00649709,0,NONE,,,test
T00649710,0,NONE,,,test
T00649711,0,NONE,,,test
T00649712,0,NONE,,,test
T00649713,0,NONE,,,test
T00649714,0,NONE,,,test
T00649715,0,NONE,,,test
T00649716,0,NONE,,,test
T00649717,0,NONE,,,test
T00649718,0,NONE,,,test
T00649719,0,NONE,,,test
T00649720,0,NONE,,,test
T00649721,0,NONE,,,test
T00649722,0,NONE,,,test
T00649723,0,NONE,,,test
T00649724,0,NONE,,,test
T00649725,0,NONE,,,test
T00649726,0,NONE,,,test
T00649727,0,NONE,,,test
T00649728,0,NONE,,,test
T00649729,0,NONE,,,test
T00649730,0,NONE,,,test
T00649731,0,NONE,,,test
T00649732,0,NONE,,,test
T00649733,0,NONE,,,test
T00649734,0,NONE,,,test
T00649735,0,NONE,,,test
T00649736,0,NONE,,,test
T00649737,0,NONE,,,test
T00649738,0,NONE,,,test
T00649739,0,NONE,,,test
T00649740,0,NONE,,,test
T00649741,0,NONE,,,test
T00649742,0,NONE,,,test
T00649743,0,NONE,,,test
T00649744,0,NONE,,,test
T00649745,0,NONE,,,test
T00649746,0,NONE,,,test
T00649747,0,NONE,,,test
T00649748,0,NONE,,,test
T00649749,0,NONE,,,test
T00649750,0,NONE,,,test
T00649751,0,NONE,,,test
T00649752,0,NONE,,,test
T00649753,0,NONE,,,test
T00649754,0,NONE,,,test
T00649755,0,NONE,,,test
T00649756,0,NONE,,,test
T00649757,0,NONE,,,test
T00649758,0,NONE,,,test
T00649759,0,NONE,,,test
T00649760,0,NONE,,,test
T00649761,0,NONE,,,test
T00649762,0,NONE,,,test
T00649763,0,NONE,,,test
T00649764,0,NONE,,,test
T00649765,0,NONE,,,test
T00649766,0,NONE,,,test
T00649767,0,NONE,,,test
T00649768,0,NONE,,,test
T00649769,0,NONE,,,test
T00649770,0,NONE,,,test
T00649771,0,NONE,,,test
T00649772,0,NONE,,,test
T00649773,0,NONE,,,test
T00649774,0,NONE,,,test
T00649775,0,NONE,,,test
T00649776,0,NONE,,,test
T00649777,0,NONE,,,test
T00649778,0,NONE,,,test
T00649779,0,NONE,,,test
T00649780,0,NONE,,,test
T00649781,0,NONE,,,test
T00649782,0,NONE,,,test
T00649783,0,NONE,,,test
T00649784,0,NONE,,,test
T00649785,0,NONE,,,test
T00649786,0,NONE,,,test
T00649787,0,NONE,,,test
T00649788,0,NONE,,,test
T00649789,0,NONE,,,test
T00649790,0,NONE,,,test
T00649791,0,NONE,,,test
T00649792,0,NONE,,,test
T00649793,0,NONE,,,test
T00649794,0,NONE,,,test
T00649795,0,NONE,,,test
T00649796,0,NONE,,,test
T00649797,0,NONE,,,test
T00649798,0,NONE,,,test
T00649799,0,NONE,,,test
T00649800,0,NONE,,,test
T00649801,0,NONE,,,test
T00649802,0,NONE,,,test
T00649803,0,NONE,,,test
T00649804,0,NONE,,,test
T00649805,0,NONE,,,test
T00649806,0,NONE,,,test
T00649807,0,NONE,,,test
T00649808,0,NONE,,,test
T00649809,0,NONE,,,test
T00649810,0,NONE,,,test
T00649811,0,NONE,,,test
T00649812,0,NONE,,,test
T00649813,0,NONE,,,test
T00649814,0,NONE,,,test
T00649815,0,NONE,,,test
T00649816,0,NONE,,,test
T00649817,0,NONE,,,test
T00649818,0,NONE,,,test
T00649819,0,NONE,,,test
T00649820,0,NONE,,,test
T00649821,0,NONE,,,test
T00649822,0,NONE,,,test
T00649823,0,NONE,,,test
T00649824,0,NONE,,,test
T00649825,0,NONE,,,test
T00649826,0,NONE,,,test
T00649827,0,NONE,,,test
T00649828,0,NONE,,,test
T00649829,0,NONE,,,test
T00649830,0,NONE,,,test
T00649831,0,NONE,,,test
T00649832,0,NONE,,,test
T00649833,0,NONE,,,test
T00649834,0,NONE,,,test
T00649835,0,NONE,,,test
T00649836,0,NONE,,,test
T00649837,0,NONE,,,test
T00649838,0,NONE,,,test
T00649839,0,NONE,,,test
T00649840,0,NONE,,,test
T00649841,0,NONE,,,test
T00649842,0,NONE,,,test
T00649843,0,NONE,,,test
T00649844,0,NONE,,,test
T00649845,0,NONE,,,test
T00649846,0,NONE,,,test
T00649847,0,NONE,,,test
T00649848,0,NONE,,,test
T00649849,0,NONE,,,test
T00649850,0,NONE,,,test
T00649851,0,NONE,,,test
T00649852,0,NONE,,,test
T00649853,0,NONE,,,test
T00649854,0,NONE,,,test
T00649855,0,NONE,,,test
T00649856,0,NONE,,,test
T00649857,0,NONE,,,test
T00649858,0,NONE,,,test
T00649859,0,NONE,,,test
T00649860,0,NONE,,,test
T00649861,0,NONE,,,test
T00649862,0,NONE,,,test
T00649863,0,NONE,,,test
T00649864,0,NONE,,,test
T00649865,0,NONE,,,test
T00649866,0,NONE,,,test
T00649867,0,NONE,,,test
T00649868,0,NONE,,,test
T00649869,0,NONE,,,test
T00649870,0,NONE,,,test
T00649871,0,NONE,,,test
T00649872,0,NONE,,,test
T00649873,0,NONE,,,test
T00649874,0,NONE,,,test
T00649875,0,NONE,,,test
T00649876,0,NONE,,,test
T00649877,0,NONE,,,test
T00649878,0,NONE,,,test
T00649879,0,NONE,,,test
T00649880,0,NONE,,,test
T00649881,0,NONE,,,test
T00649882,0,NONE,,,test
T00649883,0,NONE,,,test
T00649884,0,NONE,,,test
T00649885,0,NONE,,,test
T00649886,0,NONE,,,test
T00649887,0,NONE,,,test
T00649888,0,NONE,,,test
T00649889,0,NONE,,,test
T00649890,0,NONE,,,test
T00649891,0,NONE,,,test
T00649892,0,NONE,,,test
T00649893,0,NONE,,,test
T00649894,0,NONE,,,test
T00649895,0,NONE,,,test
T00649896,0,NONE,,,test
T00649897,0,NONE,,,test
T00649898,0,NONE,,,test
T00649899,0,NONE,,,test
T00649900,1,S5,S5-0037,buyer_payment,test
T00649901,0,NONE,,,test
T00649902,0,NONE,,,test
T00649903,0,NONE,,,test
T00649904,0,NONE,,,test
T00649905,0,NONE,,,test
T00649906,0,NONE,,,test
T00649907,0,NONE,,,test
T00649908,0,NONE,,,test
T00649909,0,NONE,,,test
T00649910,0,NONE,,,test
T00649911,0,NONE,,,test
T00649912,0,NONE,,,test
T00649913,0,NONE,,,test
T00649914,0,NONE,,,test
T00649915,0,NONE,,,test
T00649916,0,NONE,,,test
T00649917,0,NONE,,,test
T00649918,0,NONE,,,test
T00649919,0,NONE,,,test
T00649920,0,NONE,,,test
T00649921,0,NONE,,,test
T00649922,0,NONE,,,test
T00649923,0,NONE,,,test
T00649924,0,NONE,,,test
T00649925,0,NONE,,,test
T00649926,0,NONE,,,test
T00649927,0,NONE,,,test
T00649928,0,NONE,,,test
T00649929,0,NONE,,,test
T00649930,0,NONE,,,test
T00649931,0,NONE,,,test
T00649932,0,NONE,,,test
T00649933,0,NONE,,,test
T00649934,0,NONE,,,test
T00649935,0,NONE,,,test
T00649936,0,NONE,,,test
T00649937,0,NONE,,,test
T00649938,0,NONE,,,test
T00649939,0,NONE,,,test
T00649940,1,S5,S5-0036,buyer_payment,test
T00649941,0,NONE,,,test
T00649942,0,NONE,,,test
T00649943,0,NONE,,,test
T00649944,0,NONE,,,test
T00649945,0,NONE,,,test
T00649946,0,NONE,,,test
T00649947,0,NONE,,,test
T00649948,0,NONE,,,test
T00649949,0,NONE,,,test
T00649950,0,NONE,,,test
T00649951,0,NONE,,,test
T00649952,0,NONE,,,test
T00649953,0,NONE,,,test
T00649954,0,NONE,,,test
T00649955,0,NONE,,,test
T00649956,0,NONE,,,test
T00649957,0,NONE,,,test
T00649958,0,NONE,,,test
T00649959,0,NONE,,,test
T00649960,0,NONE,,,test
T00649961,0,NONE,,,test
T00649962,0,NONE,,,test
T00649963,0,NONE,,,test
T00649964,0,NONE,,,test
T00649965,0,NONE,,,test
T00649966,0,NONE,,,test
T00649967,0,NONE,,,test
T00649968,0,NONE,,,test
T00649969,0,NONE,,,test
T00649970,0,NONE,,,test
T00649971,0,NONE,,,test
T00649972,0,NONE,,,test
T00649973,0,NONE,,,test
T00649974,0,NONE,,,test
T00649975,0,NONE,,,test
T00649976,0,NONE,,,test
T00649977,0,NONE,,,test
T00649978,0,NONE,,,test
T00649979,0,NONE,,,test
T00649980,0,NONE,,,test
T00649981,0,NONE,,,test
T00649982,0,NONE,,,test
T00649983,0,NONE,,,test
T00649984,0,NONE,,,test
T00649985,0,NONE,,,test
T00649986,0,NONE,,,test
T00649987,0,NONE,,,test
T00649988,0,NONE,,,test
T00649989,0,NONE,,,test
T00649990,0,NONE,,,test
T00649991,0,NONE,,,test
T00649992,0,NONE,,,test
T00649993,0,NONE,,,test
T00649994,0,NONE,,,test
T00649995,0,NONE,,,test
T00649996,0,NONE,,,test
T00649997,0,NONE,,,test
T00649998,0,NONE,,,test
T00649999,0,NONE,,,test
T00650000,0,NONE,,,test
T00650001,0,NONE,,,test
T00650002,0,NONE,,,test
T00650003,0,NONE,,,test
T00650004,0,NONE,,,test
T00650005,0,NONE,,,test
T00650006,0,NONE,,,test
T00650007,0,NONE,,,test
T00650008,0,NONE,,,test
T00650009,0,NONE,,,test
T00650010,0,NONE,,,test
T00650011,0,NONE,,,test
T00650012,0,NONE,,,test
T00650013,0,NONE,,,test
T00650014,0,NONE,,,test
T00650015,0,NONE,,,test
T00650016,0,NONE,,,test
T00650017,0,NONE,,,test
T00650018,0,NONE,,,test
T00650019,0,NONE,,,test
T00650020,0,NONE,,,test
T00650021,0,NONE,,,test
T00650022,0,NONE,,,test
T00650023,0,NONE,,,test
T00650024,0,NONE,,,test
T00650025,0,NONE,,,test
T00650026,0,NONE,,,test
T00650027,0,NONE,,,test
T00650028,0,NONE,,,test
T00650029,0,NONE,,,test
T00650030,0,NONE,,,test
T00650031,0,NONE,,,test
T00650032,0,NONE,,,test
T00650033,0,NONE,,,test
T00650034,0,NONE,,,test
T00650035,0,NONE,,,test
T00650036,0,NONE,,,test
T00650037,0,NONE,,,test
T00650038,0,NONE,,,test
T00650039,0,NONE,,,test
T00650040,0,NONE,,,test
T00650041,0,NONE,,,test
T00650042,0,NONE,,,test
T00650043,0,NONE,,,test
T00650044,0,NONE,,,test
T00650045,0,NONE,,,test
T00650046,0,NONE,,,test
T00650047,0,NONE,,,test
T00650048,0,NONE,,,test
T00650049,0,NONE,,,test
T00650050,0,NONE,,,test
T00650051,0,NONE,,,test
T00650052,0,NONE,,,test
T00650053,0,NONE,,,test
T00650054,0,NONE,,,test
T00650055,0,NONE,,,test
T00650056,0,NONE,,,test
T00650057,0,NONE,,,test
T00650058,0,NONE,,,test
T00650059,0,NONE,,,test
T00650060,0,NONE,,,test
T00650061,0,NONE,,,test
T00650062,0,NONE,,,test
T00650063,0,NONE,,,test
T00650064,0,NONE,,,test
T00650065,0,NONE,,,test
T00650066,0,NONE,,,test
T00650067,0,NONE,,,test
T00650068,0,NONE,,,test
T00650069,0,NONE,,,test
T00650070,0,NONE,,,test
T00650071,0,NONE,,,test
T00650072,0,NONE,,,test
T00650073,0,NONE,,,test
T00650074,0,NONE,,,test
T00650075,0,NONE,,,test
T00650076,0,NONE,,,test
T00650077,0,NONE,,,test
T00650078,0,NONE,,,test
T00650079,0,NONE,,,test
T00650080,0,NONE,,,test
T00650081,0,NONE,,,test
T00650082,0,NONE,,,test
T00650083,0,NONE,,,test
T00650084,0,NONE,,,test
T00650085,0,NONE,,,test
T00650086,0,NONE,,,test
T00650087,0,NONE,,,test
T00650088,0,NONE,,,test
T00650089,0,NONE,,,test
T00650090,0,NONE,,,test
T00650091,0,NONE,,,test
T00650092,0,NONE,,,test
T00650093,0,NONE,,,test
T00650094,0,NONE,,,test
T00650095,0,NONE,,,test
T00650096,0,NONE,,,test
T00650097,0,NONE,,,test
T00650098,0,NONE,,,test
T00650099,0,NONE,,,test
T00650100,0,NONE,,,test
T00650101,0,NONE,,,test
T00650102,0,NONE,,,test
T00650103,0,NONE,,,test
T00650104,0,NONE,,,test
T00650105,0,NONE,,,test
T00650106,0,NONE,,,test
T00650107,0,NONE,,,test
T00650108,0,NONE,,,test
T00650109,0,NONE,,,test
T00650110,0,NONE,,,test
T00650111,0,NONE,,,test
T00650112,0,NONE,,,test
T00650113,0,NONE,,,test
T00650114,0,NONE,,,test
T00650115,0,NONE,,,test
T00650116,0,NONE,,,test
T00650117,0,NONE,,,test
T00650118,0,NONE,,,test
T00650119,0,NONE,,,test
T00650120,0,NONE,,,test
T00650121,0,NONE,,,test
T00650122,0,NONE,,,test
T00650123,0,NONE,,,test
T00650124,0,NONE,,,test
T00650125,0,NONE,,,test
T00650126,1,S2,S2-0039,victim_payment,test
T00650127,0,NONE,,,test
T00650128,0,NONE,,,test
T00650129,0,NONE,,,test
T00650130,0,NONE,,,test
T00650131,0,NONE,,,test
T00650132,0,NONE,,,test
T00650133,0,NONE,,,test
T00650134,0,NONE,,,test
T00650135,0,NONE,,,test
T00650136,0,NONE,,,test
T00650137,0,NONE,,,test
T00650138,0,NONE,,,test
T00650139,0,NONE,,,test
T00650140,0,NONE,,,test
T00650141,0,NONE,,,test
T00650142,0,NONE,,,test
T00650143,0,NONE,,,test
T00650144,0,NONE,,,test
T00650145,0,NONE,,,test
T00650146,0,NONE,,,test
T00650147,0,NONE,,,test
T00650148,0,NONE,,,test
T00650149,0,NONE,,,test
T00650150,0,NONE,,,test
T00650151,0,NONE,,,test
T00650152,0,NONE,,,test
T00650153,0,NONE,,,test
T00650154,0,NONE,,,test
T00650155,0,NONE,,,test
T00650156,0,NONE,,,test
T00650157,0,NONE,,,test
T00650158,0,NONE,,,test
T00650159,0,NONE,,,test
T00650160,0,NONE,,,test
T00650161,0,NONE,,,test
T00650162,0,NONE,,,test
T00650163,0,NONE,,,test
T00650164,0,NONE,,,test
T00650165,0,NONE,,,test
T00650166,0,NONE,,,test
T00650167,0,NONE,,,test
T00650168,0,NONE,,,test
T00650169,0,NONE,,,test
T00650170,0,NONE,,,test
T00650171,0,NONE,,,test
T00650172,0,NONE,,,test
T00650173,0,NONE,,,test
T00650174,0,NONE,,,test
T00650175,0,NONE,,,test
T00650176,0,NONE,,,test
T00650177,0,NONE,,,test
T00650178,0,NONE,,,test
T00650179,0,NONE,,,test
T00650180,0,NONE,,,test
T00650181,0,NONE,,,test
T00650182,0,NONE,,,test
T00650183,0,NONE,,,test
T00650184,0,NONE,,,test
T00650185,0,NONE,,,test
T00650186,0,NONE,,,test
T00650187,0,NONE,,,test
T00650188,0,NONE,,,test
T00650189,0,NONE,,,test
T00650190,0,NONE,,,test
T00650191,0,NONE,,,test
T00650192,0,NONE,,,test
T00650193,0,NONE,,,test
T00650194,0,NONE,,,test
T00650195,0,NONE,,,test
T00650196,0,NONE,,,test
T00650197,0,NONE,,,test
T00650198,0,NONE,,,test
T00650199,0,NONE,,,test
T00650200,0,NONE,,,test
T00650201,0,NONE,,,test
T00650202,0,NONE,,,test
T00650203,0,NONE,,,test
T00650204,0,NONE,,,test
T00650205,0,NONE,,,test
T00650206,0,NONE,,,test
T00650207,0,NONE,,,test
T00650208,0,NONE,,,test
T00650209,0,NONE,,,test
T00650210,0,NONE,,,test
T00650211,0,NONE,,,test
T00650212,0,NONE,,,test
T00650213,0,NONE,,,test
T00650214,0,NONE,,,test
T00650215,0,NONE,,,test
T00650216,0,NONE,,,test
T00650217,0,NONE,,,test
T00650218,0,NONE,,,test
T00650219,0,NONE,,,test
T00650220,0,NONE,,,test
T00650221,0,NONE,,,test
T00650222,0,NONE,,,test
T00650223,0,NONE,,,test
T00650224,0,NONE,,,test
T00650225,0,NONE,,,test
T00650226,0,NONE,,,test
T00650227,0,NONE,,,test
T00650228,0,NONE,,,test
T00650229,0,NONE,,,test
T00650230,0,NONE,,,test
T00650231,0,NONE,,,test
T00650232,0,NONE,,,test
T00650233,0,NONE,,,test
T00650234,0,NONE,,,test
T00650235,0,NONE,,,test
T00650236,0,NONE,,,test
T00650237,0,NONE,,,test
T00650238,0,NONE,,,test
T00650239,0,NONE,,,test
T00650240,0,NONE,,,test
T00650241,0,NONE,,,test
T00650242,0,NONE,,,test
T00650243,0,NONE,,,test
T00650244,0,NONE,,,test
T00650245,0,NONE,,,test
T00650246,0,NONE,,,test
T00650247,0,NONE,,,test
T00650248,0,NONE,,,test
T00650249,0,NONE,,,test
T00650250,0,NONE,,,test
T00650251,0,NONE,,,test
T00650252,0,NONE,,,test
T00650253,0,NONE,,,test
T00650254,0,NONE,,,test
T00650255,0,NONE,,,test
T00650256,0,NONE,,,test
T00650257,0,NONE,,,test
T00650258,0,NONE,,,test
T00650259,0,NONE,,,test
T00650260,0,NONE,,,test
T00650261,0,NONE,,,test
T00650262,0,NONE,,,test
T00650263,0,NONE,,,test
T00650264,0,NONE,,,test
T00650265,0,NONE,,,test
T00650266,0,NONE,,,test
T00650267,0,NONE,,,test
T00650268,0,NONE,,,test
T00650269,0,NONE,,,test
T00650270,0,NONE,,,test
T00650271,0,NONE,,,test
T00650272,0,NONE,,,test
T00650273,0,NONE,,,test
T00650274,0,NONE,,,test
T00650275,0,NONE,,,test
T00650276,0,NONE,,,test
T00650277,0,NONE,,,test
T00650278,0,NONE,,,test
T00650279,0,NONE,,,test
T00650280,0,NONE,,,test
T00650281,0,NONE,,,test
T00650282,0,NONE,,,test
T00650283,0,NONE,,,test
T00650284,0,NONE,,,test
T00650285,0,NONE,,,test
T00650286,0,NONE,,,test
T00650287,0,NONE,,,test
T00650288,0,NONE,,,test
T00650289,0,NONE,,,test
T00650290,0,NONE,,,test
T00650291,0,NONE,,,test
T00650292,0,NONE,,,test
T00650293,0,NONE,,,test
T00650294,0,NONE,,,test
T00650295,0,NONE,,,test
T00650296,0,NONE,,,test
T00650297,0,NONE,,,test
T00650298,0,NONE,,,test
T00650299,0,NONE,,,test
T00650300,0,NONE,,,test
T00650301,0,NONE,,,test
T00650302,0,NONE,,,test
T00650303,0,NONE,,,test
T00650304,0,NONE,,,test
T00650305,0,NONE,,,test
T00650306,0,NONE,,,test
T00650307,0,NONE,,,test
T00650308,0,NONE,,,test
T00650309,0,NONE,,,test
T00650310,0,NONE,,,test
T00650311,0,NONE,,,test
T00650312,0,NONE,,,test
T00650313,0,NONE,,,test
T00650314,0,NONE,,,test
T00650315,0,NONE,,,test
T00650316,0,NONE,,,test
T00650317,0,NONE,,,test
T00650318,0,NONE,,,test
T00650319,0,NONE,,,test
T00650320,0,NONE,,,test
T00650321,0,NONE,,,test
T00650322,0,NONE,,,test
T00650323,0,NONE,,,test
T00650324,0,NONE,,,test
T00650325,0,NONE,,,test
T00650326,0,NONE,,,test
T00650327,0,NONE,,,test
T00650328,0,NONE,,,test
T00650329,0,NONE,,,test
T00650330,0,NONE,,,test
T00650331,0,NONE,,,test
T00650332,0,NONE,,,test
T00650333,0,NONE,,,test
T00650334,0,NONE,,,test
T00650335,0,NONE,,,test
T00650336,0,NONE,,,test
T00650337,0,NONE,,,test
T00650338,0,NONE,,,test
T00650339,0,NONE,,,test
T00650340,0,NONE,,,test
T00650341,0,NONE,,,test
T00650342,0,NONE,,,test
T00650343,0,NONE,,,test
T00650344,0,NONE,,,test
T00650345,0,NONE,,,test
T00650346,0,NONE,,,test
T00650347,0,NONE,,,test
T00650348,0,NONE,,,test
T00650349,0,NONE,,,test
T00650350,0,NONE,,,test
T00650351,0,NONE,,,test
T00650352,0,NONE,,,test
T00650353,0,NONE,,,test
T00650354,0,NONE,,,test
T00650355,0,NONE,,,test
T00650356,0,NONE,,,test
T00650357,0,NONE,,,test
T00650358,0,NONE,,,test
T00650359,0,NONE,,,test
T00650360,0,NONE,,,test
T00650361,0,NONE,,,test
T00650362,0,NONE,,,test
T00650363,0,NONE,,,test
T00650364,0,NONE,,,test
T00650365,0,NONE,,,test
T00650366,0,NONE,,,test
T00650367,0,NONE,,,test
T00650368,0,NONE,,,test
T00650369,0,NONE,,,test
T00650370,0,NONE,,,test
T00650371,0,NONE,,,test
T00650372,0,NONE,,,test
T00650373,0,NONE,,,test
T00650374,0,NONE,,,test
T00650375,0,NONE,,,test
T00650376,0,NONE,,,test
T00650377,0,NONE,,,test
T00650378,0,NONE,,,test
T00650379,0,NONE,,,test
T00650380,0,NONE,,,test
T00650381,0,NONE,,,test
T00650382,0,NONE,,,test
T00650383,0,NONE,,,test
T00650384,0,NONE,,,test
T00650385,0,NONE,,,test
T00650386,0,NONE,,,test
T00650387,0,NONE,,,test
T00650388,0,NONE,,,test
T00650389,0,NONE,,,test
T00650390,0,NONE,,,test
